Entity,Year,"Employment to population ratio, 15+, female (%) (national estimate)"
Afghanistan,2008,42.83000183
Afghanistan,2012,15.47999954
Afghanistan,2014,23.18000031
Afghanistan,2017,18.20000076
Afghanistan,2020,13.72999954
Albania,2004,39
Albania,2007,30.69000053
Albania,2008,39.38999939
Albania,2009,38.90999985
Albania,2010,39.43999863
Albania,2011,45.27000046
Albania,2012,43.22999954
Albania,2013,38.04000092
Albania,2014,37.15999985
Albania,2015,38.97999954
Albania,2016,42.54000092
Albania,2017,43.36999893
Albania,2018,45.22000122
Albania,2019,46.88999939
Algeria,1975,2.5
Algeria,1984,4.769999981
Algeria,2009,11.42000008
Algeria,2010,11.44999981
Algeria,2014,12.35000038
Algeria,2015,13.60000038
Algeria,2016,13.85000038
Algeria,2017,13.46000004
Angola,2004,46.29999924
Angola,2009,59.20999908
Angola,2010,67.43000031
Angola,2011,69.12999725
Angola,2014,33.65000153
Antigua and Barbuda,1991,59.38000107
Antigua and Barbuda,2001,60.47000122
Argentina,1990,31.89999962
Argentina,1991,32
Argentina,1992,33.09999847
Argentina,1993,33.29999924
Argentina,1994,31.10000038
Argentina,1995,31.5
Argentina,1996,31.70000076
Argentina,1997,33.59999847
Argentina,1998,35
Argentina,1999,35.79999924
Argentina,2000,37.20000076
Argentina,2001,35.5
Argentina,2002,37.59999847
Argentina,2003,41.20000076
Argentina,2004,42.38999939
Argentina,2005,42.79000092
Argentina,2006,43.91999817
Argentina,2007,43.40000153
Argentina,2008,43.72999954
Argentina,2009,44.29999924
Argentina,2010,43.63999939
Argentina,2011,44.15000153
Argentina,2012,44.13000107
Argentina,2013,43.90000153
Argentina,2014,43.72000122
Argentina,2017,43.47000122
Argentina,2018,44.31999969
Argentina,2019,44.91999817
Argentina,2020,41.02000046
Armenia,2000,29.72999954
Armenia,2007,38.22999954
Armenia,2008,36.04000092
Armenia,2009,37.40000153
Armenia,2010,41.13000107
Armenia,2011,41.13999939
Armenia,2012,40.68000031
Armenia,2013,42.02000046
Armenia,2014,44.47000122
Armenia,2015,43.75
Armenia,2016,43.20999908
Armenia,2017,43.54000092
Armenia,2018,37.86999893
Armenia,2019,39.88999939
Armenia,2020,38.34999847
Aruba,1991,47.68000031
Aruba,2000,51.93000031
Aruba,2007,55.61000061
Aruba,2010,53.31000137
Aruba,2011,53.40000153
Australia,1979,40.00999832
Australia,1980,41.25
Australia,1981,41.41999817
Australia,1982,40.84000015
Australia,1983,40.02999878
Australia,1984,41.00999832
Australia,1985,42.22000122
Australia,1986,44.09000015
Australia,1987,44.72000122
Australia,1988,45.91999817
Australia,1989,47.72000122
Australia,1990,48.49000168
Australia,1991,47.22000122
Australia,1992,46.77999878
Australia,1993,46.52999878
Australia,1994,47.66999817
Australia,1995,49.25999832
Australia,1996,49.36000061
Australia,1997,49.25999832
Australia,1998,49.70999908
Australia,1999,50.06000137
Australia,2000,51.20000076
Australia,2001,51.5
Australia,2002,51.84000015
Australia,2003,52.56999969
Australia,2004,52.61000061
Australia,2005,54
Australia,2006,54.68999863
Australia,2007,55.29000092
Australia,2008,55.86999893
Australia,2009,55.56999969
Australia,2010,55.45999908
Australia,2011,55.74000168
Australia,2012,55.63999939
Australia,2013,55.38999939
Australia,2014,55.02999878
Australia,2015,55.52000046
Australia,2016,55.90999985
Australia,2017,56.45999908
Australia,2018,57.27999878
Australia,2019,57.84999847
Australia,2020,56.38000107
Australia,2021,58.15000153
Austria,1980,37.34000015
Austria,1982,37.70999908
Austria,1983,37.13000107
Austria,1984,39.13999939
Austria,1985,38.70000076
Austria,1986,39.31000137
Austria,1987,39.77000046
Austria,1988,40.11000061
Austria,1989,40.61999893
Austria,1990,41.41999817
Austria,1991,41.93000031
Austria,1992,43.04000092
Austria,1993,43.25999832
Austria,1994,46.72000122
Austria,1995,46.95999908
Austria,1996,46.27999878
Austria,1997,46.15000153
Austria,1998,46.58000183
Austria,1999,47.16999817
Austria,2000,47.15000153
Austria,2001,47.33000183
Austria,2002,48.36000061
Austria,2003,48.59999847
Austria,2004,47.06999969
Austria,2005,48.29999924
Austria,2006,49.08000183
Austria,2007,50.04999924
Austria,2008,51.02999878
Austria,2009,51.29999924
Austria,2010,51.65000153
Austria,2011,52.00999832
Austria,2012,52.36999893
Austria,2013,52.36999893
Austria,2014,52.33000183
Austria,2015,52.41999817
Austria,2016,52.81000137
Austria,2017,53.09999847
Austria,2018,53.31000137
Austria,2019,53.56000137
Austria,2020,52.72999954
Azerbaijan,1997,44.11999893
Azerbaijan,1998,43.63999939
Azerbaijan,1999,43.29000092
Azerbaijan,2000,63.40000153
Azerbaijan,2001,62.5
Azerbaijan,2002,61.70000076
Azerbaijan,2003,60.79999924
Azerbaijan,2004,60.20000076
Azerbaijan,2005,59.40000153
Azerbaijan,2006,58.59999847
Azerbaijan,2007,58.63999939
Azerbaijan,2008,58.47000122
Azerbaijan,2009,57.70999908
Azerbaijan,2010,57.68000031
Azerbaijan,2011,57.52000046
Azerbaijan,2012,57.59999847
Azerbaijan,2013,57.79999924
Azerbaijan,2014,58.29999924
Azerbaijan,2015,58.70000076
Azerbaijan,2016,59
Azerbaijan,2017,59.20000076
Azerbaijan,2018,59.40000153
Azerbaijan,2019,59.70000076
Azerbaijan,2020,58.59999847
Bahamas,1979,26.59000015
Bahamas,1989,41.18999863
Bahamas,1991,60.09999847
Bahamas,1992,58.79999924
Bahamas,1993,60.20000076
Bahamas,1994,61.04000092
Bahamas,1995,61.29999924
Bahamas,1996,58.20000076
Bahamas,1997,62.5
Bahamas,1998,60.25999832
Bahamas,1999,63.5
Bahamas,2001,66.09999847
Bahamas,2002,65.09999847
Bahamas,2008,69
Bahamas,2009,59.40000153
Bahamas,2011,59.59999847
Bahamas,2012,59.41999817
Bahrain,1979,8.56000042
Bahrain,1990,13.5
Bahrain,1991,25.79000092
Bahrain,1992,14.5
Bahrain,1993,15.60000038
Bahrain,1994,16.20000076
Bahrain,1995,16
Bahrain,1996,15.80000019
Bahrain,1997,16.10000038
Bahrain,1998,16.89999962
Bahrain,1999,18.20000076
Bahrain,2000,19.20000076
Bahrain,2001,31.78000069
Bahrain,2002,21
Bahrain,2003,21.20000076
Bahrain,2004,29.39999962
Bahrain,2005,26.38999939
Bahrain,2006,40.50999832
Bahrain,2007,32
Bahrain,2009,34.91999817
Bahrain,2010,42.08000183
Bahrain,2011,40.81000137
Bahrain,2015,42.00999832
Bangladesh,1984,9.579999924
Bangladesh,1985,9.720000267
Bangladesh,1986,11.48999977
Bangladesh,1989,72.62999725
Bangladesh,1991,68.30000305
Bangladesh,1996,61.02999878
Bangladesh,2000,54.02000046
Bangladesh,2003,24.80999947
Bangladesh,2006,27.12000084
Bangladesh,2010,33.93999863
Bangladesh,2013,31.07999992
Bangladesh,2016,33.18999863
Bangladesh,2017,33.91999817
Barbados,1978,27.64999962
Barbados,1983,43.79000092
Barbados,1986,44.38000107
Barbados,1987,44.91999817
Barbados,1988,47
Barbados,1989,49.90000153
Barbados,1990,48.13000107
Barbados,1991,47.70999908
Barbados,1992,46.45000076
Barbados,1994,45.40000153
Barbados,1995,48.13000107
Barbados,1996,49.40000153
Barbados,1997,51.24000168
Barbados,1998,51.90999985
Barbados,1999,53.40000153
Barbados,2001,56.25
Barbados,2002,55.15999985
Barbados,2003,55.86000061
Barbados,2004,57.47999954
Barbados,2005,57.52999878
Barbados,2006,56.59999847
Barbados,2007,56.70999908
Barbados,2008,56.61000061
Barbados,2009,56
Barbados,2010,55.41999817
Barbados,2011,55.02999878
Barbados,2012,53.59999847
Barbados,2013,54.83000183
Barbados,2014,52.70999908
Barbados,2015,55.36000061
Barbados,2016,56.52000046
Barbados,2017,55.18999863
Barbados,2018,54.38999939
Barbados,2019,54.74000168
Belarus,1997,41.06000137
Belarus,2009,52.70000076
Belarus,2015,85
Belarus,2016,64.09999847
Belarus,2017,64.40000153
Belarus,2018,63.90000153
Belarus,2019,64.19999695
Belarus,2020,63.50999832
Belgium,1977,24.63999939
Belgium,1979,25.43000031
Belgium,1980,25.61000061
Belgium,1983,29.82999992
Belgium,1984,29.47999954
Belgium,1985,29.95999908
Belgium,1986,30.31999969
Belgium,1987,30.12000084
Belgium,1988,30.92000008
Belgium,1989,31.51000023
Belgium,1990,32.38000107
Belgium,1991,33.95999908
Belgium,1992,35.20999908
Belgium,1993,35.29999924
Belgium,1994,35.16999817
Belgium,1995,35.58000183
Belgium,1996,35.52000046
Belgium,1997,36.27000046
Belgium,1998,36.77999878
Belgium,1999,38.75999832
Belgium,2000,40.04000092
Belgium,2001,38.97000122
Belgium,2002,39.25
Belgium,2003,39.50999832
Belgium,2004,40.58000183
Belgium,2005,41.34999847
Belgium,2006,41.56000137
Belgium,2007,42.59999847
Belgium,2008,43.34999847
Belgium,2009,43.13999939
Belgium,2010,43.65000153
Belgium,2011,43.65999985
Belgium,2012,43.61000061
Belgium,2013,43.86999893
Belgium,2014,44.25999832
Belgium,2015,44.27999878
Belgium,2016,44.15999985
Belgium,2017,45.27999878
Belgium,2018,46.77000046
Belgium,2019,47.36999893
Belgium,2020,46.70000076
Belize,1994,29.37999916
Belize,1997,30.75
Belize,1998,31.14999962
Belize,1999,31.54999924
Belize,2012,41.79000092
Belize,2013,40.68000031
Belize,2014,40.83000183
Belize,2015,42.61999893
Belize,2016,43.72999954
Belize,2017,44.02000046
Belize,2019,49.41999817
Benin,2003,75.12999725
Benin,2010,73.79000092
Benin,2011,67.70999908
Benin,2018,55.63999939
Bermuda,2000,67.93000031
Bermuda,2009,66.73000336
Bermuda,2010,66.41000366
Bhutan,2005,45.97000122
Bhutan,2006,53.70000076
Bhutan,2009,62.50999832
Bhutan,2010,61.38000107
Bhutan,2011,59.95000076
Bhutan,2012,61.84000015
Bhutan,2013,60
Bhutan,2014,52.91999817
Bhutan,2015,54.18000031
Bolivia,1980,24.65999985
Bolivia,1981,24.03000069
Bolivia,1982,24.87000084
Bolivia,1985,22.98999977
Bolivia,1986,22.29999924
Bolivia,1987,22.11000061
Bolivia,1989,38.84000015
Bolivia,1990,22.20999908
Bolivia,1991,43.84000015
Bolivia,1993,41
Bolivia,1994,43.09999847
Bolivia,1995,52.33000183
Bolivia,1996,75.20999908
Bolivia,1997,32.93000031
Bolivia,1999,53.90000153
Bolivia,2000,60.11000061
Bolivia,2001,61.70000076
Bolivia,2002,57.59999847
Bolivia,2003,60.70000076
Bolivia,2004,60.70000076
Bolivia,2005,56.90000153
Bolivia,2006,60.29000092
Bolivia,2007,40.95999908
Bolivia,2008,60.33000183
Bolivia,2009,60.61000061
Bolivia,2011,60.45000076
Bolivia,2012,56.47000122
Bolivia,2013,57.38000107
Bolivia,2014,59.68000031
Bolivia,2015,52.77999878
Bolivia,2016,54.81999969
Bolivia,2017,56.93999863
Bolivia,2018,61.49000168
Bolivia,2019,58.34000015
Bolivia,2020,53.79999924
Bosnia and Herzegovina,2006,19.95000076
Bosnia and Herzegovina,2007,20.63999939
Bosnia and Herzegovina,2008,23.01000023
Bosnia and Herzegovina,2009,23.62999916
Bosnia and Herzegovina,2010,23.12999916
Bosnia and Herzegovina,2011,22.87000084
Bosnia and Herzegovina,2012,22.51000023
Bosnia and Herzegovina,2013,22.94000053
Bosnia and Herzegovina,2014,22.67000008
Bosnia and Herzegovina,2015,23.15999985
Bosnia and Herzegovina,2016,22.42000008
Bosnia and Herzegovina,2017,24.80999947
Bosnia and Herzegovina,2018,24.98999977
Bosnia and Herzegovina,2019,26.62999916
Bosnia and Herzegovina,2020,29.89999962
Botswana,1985,45.15000153
Botswana,1991,34.79999924
Botswana,1994,39
Botswana,1996,34.75999832
Botswana,1998,36.65000153
Botswana,2000,40.31999969
Botswana,2006,42.18999863
Botswana,2009,44.83000183
Botswana,2010,41.54000092
Botswana,2013,49.11000061
Botswana,2019,43.25
Botswana,2020,42.04000092
Brazil,1973,37.63999939
Brazil,1985,41.93000031
Brazil,1986,42.00999832
Brazil,1987,43.29000092
Brazil,1988,43.40000153
Brazil,1989,44.09000015
Brazil,1990,44.25
Brazil,1992,50.75999832
Brazil,1993,51
Brazil,1995,45.06000137
Brazil,1996,43.25999832
Brazil,1997,43.43999863
Brazil,1998,43.29999924
Brazil,1999,43.93999863
Brazil,2001,46.91999817
Brazil,2002,48.27999878
Brazil,2003,48.04999924
Brazil,2004,49.38999939
Brazil,2005,50.02000046
Brazil,2006,50.47000122
Brazil,2007,50.40999985
Brazil,2008,50.81000137
Brazil,2009,50.43000031
Brazil,2011,49
Brazil,2012,47.63000107
Brazil,2013,47.75
Brazil,2014,48.02999878
Brazil,2015,47.47999954
Brazil,2016,45.63000107
Brazil,2017,45.72000122
Brazil,2018,46.22999954
Brazil,2019,46.93000031
Brazil,2020,41.34000015
British Virgin Islands,1991,66.51999664
Brunei,1981,28.67000008
Brunei,1991,43.34999847
Brunei,2001,52.43000031
Brunei,2014,53.75999832
Brunei,2017,50.86999893
Brunei,2018,51.54000092
Brunei,2019,50.33000183
Brunei,2020,50.24000168
Bulgaria,2000,37.59999847
Bulgaria,2001,37.68000031
Bulgaria,2002,38.04999924
Bulgaria,2003,38.86999893
Bulgaria,2004,40.15999985
Bulgaria,2005,40.02999878
Bulgaria,2006,42.04000092
Bulgaria,2007,44.00999832
Bulgaria,2008,45.54000092
Bulgaria,2009,44.36999893
Bulgaria,2010,43.18000031
Bulgaria,2011,42.43000031
Bulgaria,2012,42.63999939
Bulgaria,2013,42.81000137
Bulgaria,2014,43.56000137
Bulgaria,2015,44.47000122
Bulgaria,2016,44.34000015
Bulgaria,2017,46.56999969
Bulgaria,2018,46.93000031
Bulgaria,2019,48.34000015
Bulgaria,2020,46.84999847
Burkina Faso,1985,72.80000305
Burkina Faso,1994,72
Burkina Faso,2006,60.09000015
Burkina Faso,2014,52.84000015
Burkina Faso,2018,36.18999863
Burundi,1998,85.80000305
Burundi,2014,78.90000153
Burundi,2017,78.91999817
Cambodia,1998,69.19999695
Cambodia,2000,74.12999725
Cambodia,2001,79.98000336
Cambodia,2004,77.62999725
Cambodia,2007,73.83000183
Cambodia,2008,71.41999817
Cambodia,2009,76.94999695
Cambodia,2010,80.62999725
Cambodia,2011,81.44999695
Cambodia,2012,60.72999954
Cambodia,2013,74.06999969
Cambodia,2014,73.83000183
Cambodia,2015,73.08999634
Cambodia,2016,75.26999664
Cambodia,2017,76.27999878
Cambodia,2019,61.61000061
Cameroon,1996,57.54000092
Cameroon,2001,56.59999847
Cameroon,2007,75.47000122
Cameroon,2010,67.20999908
Cameroon,2014,64.48999786
Canada,1976,41.95000076
Canada,1977,42.27000046
Canada,1978,43.36000061
Canada,1979,45.09000015
Canada,1980,46.38999939
Canada,1981,47.72000122
Canada,1982,46.52999878
Canada,1983,46.84000015
Canada,1984,47.68999863
Canada,1985,49.11999893
Canada,1986,50.27999878
Canada,1987,51.25999832
Canada,1988,52.72000122
Canada,1989,53.59999847
Canada,1990,53.77000046
Canada,1991,52.77000046
Canada,1992,51.93999863
Canada,1993,51.50999832
Canada,1994,51.88000107
Canada,1995,52.24000168
Canada,1996,52.13000107
Canada,1997,52.63999939
Canada,1998,53.72000122
Canada,1999,54.61999893
Canada,2000,55.41999817
Canada,2001,55.65999985
Canada,2002,56.56999969
Canada,2003,57.45999908
Canada,2004,57.74000168
Canada,2005,57.66999817
Canada,2006,58.11000061
Canada,2007,58.97999954
Canada,2008,59.02000046
Canada,2009,58.04999924
Canada,2010,57.90000153
Canada,2011,57.79999924
Canada,2012,57.88999939
Canada,2013,58.06999969
Canada,2014,57.61999893
Canada,2015,57.38000107
Canada,2016,57.45999908
Canada,2017,57.88000107
Canada,2018,57.93999863
Canada,2019,58.22000122
Canada,2020,53.93000031
Canada,2021,56.25999832
Cape Verde,2015,40.58000183
Cape Verde,2017,45.49000168
Cape Verde,2018,43.09000015
Cape Verde,2019,44.43000031
Cayman Islands,1991,70.84999847
Cayman Islands,1999,77.20999908
Cayman Islands,2006,77.15000153
Cayman Islands,2007,75.81999969
Cayman Islands,2008,77.44999695
Cayman Islands,2009,76.55999756
Cayman Islands,2011,73.30999756
Cayman Islands,2012,76.66000366
Cayman Islands,2013,75.88999939
Cayman Islands,2014,76.58000183
Cayman Islands,2015,76.76999664
Chad,1993,63.40000153
Chad,2018,48.90000153
Chile,1980,23.71999931
Chile,1981,24.20000076
Chile,1982,22.37000084
Chile,1983,24.19000053
Chile,1990,29.42000008
Chile,1992,31.69000053
Chile,1994,32.47000122
Chile,1996,32.97999954
Chile,1997,33.72000122
Chile,1998,34.11999893
Chile,1999,33.18999863
Chile,2000,33.09000015
Chile,2001,32.36999893
Chile,2002,32.16999817
Chile,2003,33.31000137
Chile,2004,34.25999832
Chile,2005,35.31999969
Chile,2006,36.50999832
Chile,2007,37.65000153
Chile,2008,39
Chile,2009,38.88000107
Chile,2010,40.97000122
Chile,2011,43.25
Chile,2012,43.84000015
Chile,2013,44.43000031
Chile,2014,45.08000183
Chile,2015,44.93999863
Chile,2016,44.65999985
Chile,2017,45.04000092
Chile,2018,45.31999969
Chile,2019,45.45000076
Chile,2020,39.47000122
Colombia,1980,12.57999992
Colombia,1989,41.15000153
Colombia,1990,39.84000015
Colombia,1991,45.79999924
Colombia,1992,46.11999893
Colombia,1993,50.22999954
Colombia,1994,48.81999969
Colombia,1997,43.95999908
Colombia,1998,44.54999924
Colombia,1999,44.45999908
Colombia,2000,43.11999893
Colombia,2001,43.15999985
Colombia,2002,43.00999832
Colombia,2003,44.68000031
Colombia,2004,43.52999878
Colombia,2005,43.86999893
Colombia,2007,42.70999908
Colombia,2008,43.06000137
Colombia,2009,45.49000168
Colombia,2010,47.5
Colombia,2011,48.83000183
Colombia,2012,50.38000107
Colombia,2013,50.83000183
Colombia,2014,51.27999878
Colombia,2015,51.86999893
Colombia,2016,51.38000107
Colombia,2017,51.08000183
Colombia,2018,50.29000092
Colombia,2019,48.86000061
Colombia,2020,40.70000076
Comoros,2004,30.94000053
Comoros,2014,29.59000015
Congo,2005,52.81999969
Congo,2009,39.13999939
Costa Rica,1990,31.04999924
Costa Rica,1991,31.20000076
Costa Rica,1992,31.10000038
Costa Rica,1993,31.98999977
Costa Rica,1994,32.79000092
Costa Rica,1995,33.36999893
Costa Rica,1996,31.30999947
Costa Rica,1997,34.41999817
Costa Rica,1998,36.56000137
Costa Rica,1999,37
Costa Rica,2000,35.79000092
Costa Rica,2001,39.06999969
Costa Rica,2002,38.72999954
Costa Rica,2003,39.09999847
Costa Rica,2004,37.40000153
Costa Rica,2005,40.31000137
Costa Rica,2006,40.63999939
Costa Rica,2007,42.38999939
Costa Rica,2008,43.36999893
Costa Rica,2009,41.77000046
Costa Rica,2010,40.38000107
Costa Rica,2011,38.47000122
Costa Rica,2012,43.45999908
Costa Rica,2013,43.83000183
Costa Rica,2014,43.18999863
Costa Rica,2015,42.24000168
Costa Rica,2016,38.93000031
Costa Rica,2017,39.36000061
Costa Rica,2018,40.70000076
Costa Rica,2019,42.81000137
Costa Rica,2020,35.90999985
Cote d'Ivoire,2012,57.93999863
Cote d'Ivoire,2013,66.01999664
Cote d'Ivoire,2016,47.88000107
Cote d'Ivoire,2017,44.38000107
Croatia,2000,36.36999893
Croatia,2001,34.88000107
Croatia,2002,36.38000107
Croatia,2003,36.11999893
Croatia,2004,36.97999954
Croatia,2005,36.72000122
Croatia,2006,37.38000107
Croatia,2007,40.02000046
Croatia,2008,41
Croatia,2009,41.70000076
Croatia,2010,40.45999908
Croatia,2011,38.49000168
Croatia,2012,37.41999817
Croatia,2013,37.11999893
Croatia,2014,37.95000076
Croatia,2015,38.95999908
Croatia,2016,39.15999985
Croatia,2017,40.15000153
Croatia,2018,41.25999832
Croatia,2019,41.95000076
Croatia,2020,41.29999924
Cuba,2004,37.09999847
Cuba,2006,38.40999985
Cuba,2007,40
Cuba,2009,41.5
Cuba,2010,40.70000076
Cuba,2011,40.13000107
Cuba,2012,55.29999924
Cuba,2013,55.29999924
Curacao,2018,44.13999939
Curacao,2020,43.04000092
Cyprus,1977,19.26000023
Cyprus,1978,20.36000061
Cyprus,1985,30.29999924
Cyprus,1987,31.62999916
Cyprus,1988,44.34000015
Cyprus,1989,45.5
Cyprus,1990,46.06000137
Cyprus,1991,45.11000061
Cyprus,1992,44.99000168
Cyprus,1995,45.56999969
Cyprus,2000,45.52999878
Cyprus,2001,48.81000137
Cyprus,2002,50.25
Cyprus,2003,51.38999939
Cyprus,2004,50.59000015
Cyprus,2005,49.84999847
Cyprus,2006,51.43000031
Cyprus,2007,53.25
Cyprus,2008,53.47999954
Cyprus,2009,53.59999847
Cyprus,2010,54.13000107
Cyprus,2011,53.06999969
Cyprus,2012,50.65000153
Cyprus,2013,48.41999817
Cyprus,2014,49.75
Cyprus,2015,49.18999863
Cyprus,2016,48.88000107
Cyprus,2017,50.41999817
Cyprus,2018,52.36000061
Cyprus,2019,52.88000107
Cyprus,2020,52.27999878
Czechia,1993,49.49000168
Czechia,1994,49.84999847
Czechia,1995,49.81000137
Czechia,1996,49.40999985
Czechia,1997,48.95999908
Czechia,1998,47.79000092
Czechia,1999,46.68999863
Czechia,2000,46.11999893
Czechia,2001,46.22999954
Czechia,2002,46.43999863
Czechia,2003,45.97999954
Czechia,2004,45.61999893
Czechia,2005,45.70000076
Czechia,2006,46.08000183
Czechia,2007,46.41999817
Czechia,2008,46.54999924
Czechia,2009,45.70000076
Czechia,2010,45.15000153
Czechia,2011,45.56999969
Czechia,2012,45.93999863
Czechia,2013,46.70000076
Czechia,2014,47.09999847
Czechia,2015,48.13999939
Czechia,2016,49.43999863
Czechia,2017,50.41999817
Czechia,2018,51.29999924
Czechia,2019,51.34000015
Czechia,2020,50.27999878
Democratic Republic of Congo,2005,69.66999817
Democratic Republic of Congo,2012,60.27000046
Denmark,1974,49.11000061
Denmark,1976,49.68999863
Denmark,1977,50.34000015
Denmark,1978,52
Denmark,1979,50.86000061
Denmark,1981,50.88999939
Denmark,1983,52.16999817
Denmark,1984,53.27999878
Denmark,1985,54
Denmark,1986,56.06000137
Denmark,1987,56.04999924
Denmark,1988,56.33000183
Denmark,1989,55.15999985
Denmark,1990,55.97999954
Denmark,1991,55.52000046
Denmark,1992,56.24000168
Denmark,1993,55
Denmark,1994,53.04999924
Denmark,1995,52.5
Denmark,1996,53.79000092
Denmark,1997,55.20999908
Denmark,1998,55.70000076
Denmark,1999,56.49000168
Denmark,2000,57.22000122
Denmark,2001,56.81000137
Denmark,2002,57.63999939
Denmark,2003,56.29000092
Denmark,2004,57.09999847
Denmark,2005,57.20000076
Denmark,2006,58.16999817
Denmark,2007,58.11999893
Denmark,2008,57.47000122
Denmark,2009,56.27000046
Denmark,2010,54.86999893
Denmark,2011,54.11999893
Denmark,2012,53.61999893
Denmark,2013,53.18000031
Denmark,2014,52.95000076
Denmark,2015,53.02999878
Denmark,2016,53.88999939
Denmark,2017,54.11999893
Denmark,2018,54.47999954
Denmark,2019,54.93000031
Denmark,2020,54.29000092
Djibouti,2017,11.67000008
Dominica,1989,37.93000031
Dominica,1991,23.07999992
Dominica,1997,43.77999878
Dominica,1999,43.91999817
Dominica,2001,40.79999924
Dominican Republic,1991,25.10000038
Dominican Republic,1992,27.79999924
Dominican Republic,1993,27
Dominican Republic,1994,27.20000076
Dominican Republic,1995,26.29999924
Dominican Republic,1996,30.79000092
Dominican Republic,1998,25.79999924
Dominican Republic,1999,27.5
Dominican Republic,2000,35.74000168
Dominican Republic,2001,34.24000168
Dominican Republic,2002,36.09000015
Dominican Republic,2003,35.34000015
Dominican Republic,2004,35.31999969
Dominican Republic,2005,35.91999817
Dominican Republic,2006,37.09000015
Dominican Republic,2007,37.31000137
Dominican Republic,2008,38.86999893
Dominican Republic,2009,35.93999863
Dominican Republic,2010,38.79000092
Dominican Republic,2011,40.08000183
Dominican Republic,2012,41.11000061
Dominican Republic,2013,40.40000153
Dominican Republic,2014,41.04000092
Dominican Republic,2015,43.09000015
Dominican Republic,2016,43.79999924
Dominican Republic,2017,45.22999954
Dominican Republic,2018,45.93000031
Dominican Republic,2019,47.65000153
Dominican Republic,2020,43.41999817
Ecuador,1996,42.25999832
Ecuador,1997,43.09000015
Ecuador,1998,44.52999878
Ecuador,2000,43.00999832
Ecuador,2001,51.88000107
Ecuador,2002,46.68000031
Ecuador,2003,46.16999817
Ecuador,2004,49.86000061
Ecuador,2005,49.52999878
Ecuador,2006,50.50999832
Ecuador,2007,50.08000183
Ecuador,2008,49.59000015
Ecuador,2009,46.95999908
Ecuador,2010,45.86000061
Ecuador,2011,45.31000137
Ecuador,2012,46.45999908
Ecuador,2013,46.54999924
Ecuador,2014,45.95999908
Ecuador,2015,49.79000092
Ecuador,2016,52.40000153
Ecuador,2017,53.61999893
Ecuador,2018,52.24000168
Ecuador,2019,52.02999878
Ecuador,2020,44.88000107
Egypt,1973,4.349999905
Egypt,1975,4.820000172
Egypt,1977,5.659999847
Egypt,1978,6.599999905
Egypt,1979,5.21999979
Egypt,1980,5.510000229
Egypt,1981,3.809999943
Egypt,1982,3.799999952
Egypt,1983,14.77999973
Egypt,1984,15.43000031
Egypt,1989,27.42000008
Egypt,1990,21.92000008
Egypt,1991,17.30999947
Egypt,1992,19.14999962
Egypt,1993,17.35000038
Egypt,1994,17.88999939
Egypt,1995,16.55999947
Egypt,1996,11.5
Egypt,1998,15.57999992
Egypt,1999,16.32999992
Egypt,2000,10.39999962
Egypt,2001,15.27000046
Egypt,2002,13.96000004
Egypt,2003,10.43999958
Egypt,2004,10.67000008
Egypt,2006,16.02000046
Egypt,2007,18.70000076
Egypt,2008,17.62000084
Egypt,2009,17.67000008
Egypt,2010,17.95999908
Egypt,2011,17.35000038
Egypt,2012,17.01000023
Egypt,2013,17.37999916
Egypt,2014,17.53000069
Egypt,2015,17.04000092
Egypt,2016,17.51000023
Egypt,2017,16.87000084
Egypt,2018,14.38000011
Egypt,2019,12.22999954
Egypt,2020,11.76000023
El Salvador,1992,28.70000076
El Salvador,1995,34.40000153
El Salvador,1996,38.86000061
El Salvador,1997,39.18000031
El Salvador,1998,41.84999847
El Salvador,1999,41.65000153
El Salvador,2000,42.59999847
El Salvador,2001,42.20000076
El Salvador,2002,39.70000076
El Salvador,2003,40.75999832
El Salvador,2004,38.40999985
El Salvador,2005,42.59999847
El Salvador,2006,45.00999832
El Salvador,2007,45
El Salvador,2008,45.56000137
El Salvador,2009,45.24000168
El Salvador,2010,44.84000015
El Salvador,2011,44.97999954
El Salvador,2012,45.81000137
El Salvador,2013,46.99000168
El Salvador,2014,45.54999924
El Salvador,2015,44.38999939
El Salvador,2016,44.74000168
El Salvador,2017,43.90999985
El Salvador,2018,43.79000092
El Salvador,2019,44.27999878
El Salvador,2020,43.47999954
Estonia,1990,66
Estonia,1991,63.77999878
Estonia,1992,59.58000183
Estonia,1993,55.83000183
Estonia,1994,54.75
Estonia,1995,52.91999817
Estonia,1996,52.54999924
Estonia,1997,52.88000107
Estonia,1998,48.13000107
Estonia,1999,46.38000107
Estonia,2000,46.54000092
Estonia,2001,45.38000107
Estonia,2002,46.75
Estonia,2003,46.99000168
Estonia,2004,48.61000061
Estonia,2005,49.91999817
Estonia,2006,51.72000122
Estonia,2007,52.02999878
Estonia,2008,51.93000031
Estonia,2009,49.06999969
Estonia,2010,47.33000183
Estonia,2011,49.22999954
Estonia,2012,50.36999893
Estonia,2013,50.88000107
Estonia,2014,50.86999893
Estonia,2015,52.5
Estonia,2016,52.95000076
Estonia,2017,54.04999924
Estonia,2018,54.34000015
Estonia,2019,54.84999847
Estonia,2020,53.75999832
Eswatini,1995,36.59999847
Eswatini,2016,35.63000107
Ethiopia,1999,51.72000122
Ethiopia,2005,72.36000061
Ethiopia,2013,72.11000061
Europe and Central Asia,1992,45.52828979
Europe and Central Asia,1993,44.07655716
Europe and Central Asia,1994,43.4333992
Europe and Central Asia,1995,43.53601456
Europe and Central Asia,1996,42.90267944
Europe and Central Asia,1997,42.30770111
Europe and Central Asia,1998,42.40542984
Europe and Central Asia,1999,43.83240128
Europe and Central Asia,2000,44.32781219
Europe and Central Asia,2001,44.65208054
Europe and Central Asia,2002,44.93276978
Europe and Central Asia,2003,44.94172287
Europe and Central Asia,2004,45.57347488
Europe and Central Asia,2005,45.680233
Europe and Central Asia,2006,46.07266235
Europe and Central Asia,2007,46.69035721
Europe and Central Asia,2008,47.52555847
Europe and Central Asia,2009,47.19263458
Europe and Central Asia,2010,46.87852097
Europe and Central Asia,2011,47.25315857
Europe and Central Asia,2012,47.43978119
Europe and Central Asia,2013,47.42417145
Europe and Central Asia,2014,48.00777054
Europe and Central Asia,2015,48.71834564
Europe and Central Asia,2016,48.84067154
Europe and Central Asia,2017,48.13755798
Europe and Central Asia,2018,48.0276413
Europe and Central Asia,2019,48.18341827
Europe and Central Asia,2020,47.23120499
European Union,1986,34.74882889
European Union,1987,35.08112717
European Union,1988,35.58448792
European Union,1989,36.07054138
European Union,1990,38.36716461
European Union,1991,39.19646454
European Union,1992,40.37150955
European Union,1993,39.95254517
European Union,1994,39.80653
European Union,1995,40.70798111
European Union,1996,39.80103302
European Union,1997,40.05741882
European Union,1998,40.59989929
European Union,1999,41.33795547
European Union,2000,41.66247177
European Union,2001,42.13242722
European Union,2002,42.13424683
European Union,2003,42.4744606
European Union,2004,42.55228806
European Union,2005,43.02789307
European Union,2006,43.87103271
European Union,2007,44.77444458
European Union,2008,45.31173325
European Union,2009,44.87774658
European Union,2010,44.81206512
European Union,2011,44.92095566
European Union,2012,44.86106491
European Union,2013,44.73071289
European Union,2014,45.05911636
European Union,2015,45.47680664
European Union,2016,46.12480164
European Union,2017,46.82621384
European Union,2018,47.36738968
European Union,2019,47.84535217
European Union,2020,47.19527054
Fiji,1996,36.27999878
Fiji,2004,33.40000153
Fiji,2005,33.04000092
Fiji,2011,43.36000061
Fiji,2014,37.77999878
Fiji,2016,36.40999985
Finland,1977,42.79999924
Finland,1979,53.61000061
Finland,1980,44.00999832
Finland,1981,54.95999908
Finland,1985,56.86000061
Finland,1986,56.29999924
Finland,1987,55.90999985
Finland,1988,55.97999954
Finland,1989,57.31000137
Finland,1990,63.06999969
Finland,1991,60.29000092
Finland,1992,56.15000153
Finland,1993,52.43999863
Finland,1994,51.47000122
Finland,1995,47.16999817
Finland,1996,46.11000061
Finland,1997,46.52999878
Finland,1998,47.63999939
Finland,1999,50.88999939
Finland,2000,51.31999969
Finland,2001,52.22999954
Finland,2002,52.74000168
Finland,2003,52.49000168
Finland,2004,51.68999863
Finland,2005,51.88000107
Finland,2006,52.45999908
Finland,2007,53.25
Finland,2008,53.54999924
Finland,2009,52.63999939
Finland,2010,51.74000168
Finland,2011,51.83000183
Finland,2012,52.02999878
Finland,2013,51.36000061
Finland,2014,51.06999969
Finland,2015,50.68999863
Finland,2016,50.27999878
Finland,2017,50.56999969
Finland,2018,51.81000137
Finland,2019,52.34999847
Finland,2020,51.11999893
France,1979,38.88000107
France,1980,38.86000061
France,1981,38.84000015
France,1982,39.22999954
France,1983,41.06000137
France,1984,40.83000183
France,1985,40.61000061
France,1986,41.31999969
France,1987,40.54999924
France,1988,40.70999908
France,1989,40.88999939
France,1990,41.02000046
France,1991,41.43000031
France,1992,41.24000168
France,1993,41.36999893
France,1994,41.02000046
France,1995,41.43999863
France,1996,41.56000137
France,1997,41.31000137
France,1998,41.74000168
France,1999,42.11999893
France,2000,43.09000015
France,2001,43.72999954
France,2002,44.25999832
France,2003,45.72999954
France,2004,45.18999863
France,2005,45.77999878
France,2006,45.93000031
France,2007,46.77999878
France,2008,47.29999924
France,2009,46.91999817
France,2010,46.79000092
France,2011,46.65000153
France,2012,46.72000122
France,2013,46.65999985
France,2014,46.45999908
France,2015,46.47999954
France,2016,46.45000076
France,2017,46.5
France,2018,46.77000046
France,2019,46.97999954
France,2020,46.59999847
French Polynesia,1988,38.95999908
French Polynesia,1996,40.70000076
French Polynesia,2002,41.22000122
French Polynesia,2007,41.20000076
French Polynesia,2012,37.91999817
Gabon,1993,46.13999939
Gabon,2005,41.52000046
Gabon,2010,28.53000069
Gambia,2012,44.08000183
Gambia,2018,22.70000076
Georgia,1998,49.90000153
Georgia,1999,51.15000153
Georgia,2000,54
Georgia,2001,52.04999924
Georgia,2002,49.86000061
Georgia,2003,50.91999817
Georgia,2004,50.15999985
Georgia,2005,48.81999969
Georgia,2006,47.40000153
Georgia,2007,48.09999847
Georgia,2008,44.90000153
Georgia,2009,44.22999954
Georgia,2010,46.00999832
Georgia,2011,46.47000122
Georgia,2012,46.86000061
Georgia,2013,47.31999969
Georgia,2014,49.04000092
Georgia,2015,50.75
Georgia,2016,50.56999969
Georgia,2017,50.79000092
Georgia,2018,49.34000015
Georgia,2019,48.99000168
Georgia,2020,33.88000107
Germany,1983,37.09000015
Germany,1984,37.34999847
Germany,1985,37.63999939
Germany,1986,38.13999939
Germany,1987,38.16999817
Germany,1988,38.77999878
Germany,1989,39.34999847
Germany,1990,42.58000183
Germany,1991,45
Germany,1992,43.93000031
Germany,1993,43.16999817
Germany,1994,42.84999847
Germany,1995,43.09000015
Germany,1996,43.25999832
Germany,1997,43.08000183
Germany,1998,43.36000061
Germany,1999,44.43999863
Germany,2000,44.81999969
Germany,2001,45.45999908
Germany,2002,45.31000137
Germany,2003,45.11999893
Germany,2004,44.45000076
Germany,2005,45.54000092
Germany,2006,46.68999863
Germany,2007,47.79999924
Germany,2008,48.5
Germany,2009,49.06000137
Germany,2010,49.61000061
Germany,2011,50.99000168
Germany,2012,51.22999954
Germany,2013,51.90000153
Germany,2014,52.22999954
Germany,2015,52.40000153
Germany,2016,53.54999924
Germany,2017,54.04000092
Germany,2018,54.31999969
Germany,2019,55.02999878
Germany,2020,54.90999985
Ghana,1988,63.20000076
Ghana,1989,61
Ghana,1991,73.84999847
Ghana,1992,74.19999695
Ghana,1998,60.5
Ghana,1999,75.80000305
Ghana,2000,64.83999634
Ghana,2006,65.58999634
Ghana,2010,65.40000153
Ghana,2013,71.97000122
Ghana,2015,61.20000076
Ghana,2017,52.88999939
Greece,1981,28.43000031
Greece,1982,27.32999992
Greece,1983,29.68000031
Greece,1984,29.86000061
Greece,1985,30.64999962
Greece,1986,30.59000015
Greece,1987,30.59000015
Greece,1988,31.29999924
Greece,1989,31.31999969
Greece,1990,31.28000069
Greece,1991,28.87000084
Greece,1992,29.81999969
Greece,1993,29.80999947
Greece,1994,30.20000076
Greece,1995,30.59000015
Greece,1996,30.92000008
Greece,1997,30.84000015
Greece,1998,32.86000061
Greece,1999,33.02999878
Greece,2000,33.5
Greece,2001,33.29000092
Greece,2002,33.97000122
Greece,2003,34.88000107
Greece,2004,35.38000107
Greece,2005,35.63999939
Greece,2006,36.59999847
Greece,2007,36.88999939
Greece,2008,37.54000092
Greece,2009,37.72000122
Greece,2010,36.88000107
Greece,2011,34.36000061
Greece,2012,31.57999992
Greece,2013,30.04000092
Greece,2014,30.79999924
Greece,2015,31.82999992
Greece,2016,32.36999893
Greece,2017,33.08000183
Greece,2018,33.58000183
Greece,2019,34.86999893
Greece,2020,34.90000153
Greenland,2008,58
Greenland,2009,58
Greenland,2010,57
Greenland,2011,57
Greenland,2012,56
Greenland,2013,57
Greenland,2014,56
Greenland,2015,57
Grenada,1988,36.36000061
Grenada,1998,43.29999924
Guam,1980,43.5
Guam,1990,53
Guam,2000,33.65000153
Guam,2002,49.5
Guam,2004,48.70000076
Guam,2005,50.90000153
Guam,2006,51.5
Guam,2007,43.90000153
Guam,2009,48.40000153
Guam,2010,51.20000076
Guam,2011,47.70000076
Guatemala,2000,44.90000153
Guatemala,2002,45.09999847
Guatemala,2003,46.66999817
Guatemala,2004,41.00999832
Guatemala,2006,49.75
Guatemala,2010,40.38000107
Guatemala,2011,37.59999847
Guatemala,2012,43.99000168
Guatemala,2013,38.86000061
Guatemala,2014,39.20000076
Guatemala,2015,37.49000168
Guatemala,2016,38.70000076
Guatemala,2017,37.83000183
Guatemala,2018,38.00999832
Guatemala,2019,36.72999954
Guinea,2002,60.58000183
Guinea,2019,40.70000076
Guinea-Bissau,2018,47.74000168
Guyana,1987,26.94000053
Guyana,2002,29.20999908
Guyana,2018,35.43000031
Guyana,2019,33.36000061
Haiti,1980,55.08000183
Haiti,1990,44.20000076
Haiti,2003,28
Haiti,2012,45.31999969
High income,1980,43.04975128
High income,1983,42.20611572
High income,1984,43.29850388
High income,1985,43.54084778
High income,1986,43.16048431
High income,1987,43.86958694
High income,1988,44.4922905
High income,1989,45.32333755
High income,1990,46.08148575
High income,1991,46.52680588
High income,1992,46.21809006
High income,1993,46.46452713
High income,1994,46.60490417
High income,1995,46.94290161
High income,1996,46.95764542
High income,1997,47.03264618
High income,1998,47.12720871
High income,1999,47.20308304
High income,2000,47.44273758
High income,2001,47.65151596
High income,2002,47.55514908
High income,2003,48.13495255
High income,2004,48.28128815
High income,2005,48.6944046
High income,2006,48.82730103
High income,2007,49.78727722
High income,2008,49.91438675
High income,2009,48.5811882
High income,2010,48.86647797
High income,2011,48.367836
High income,2012,48.37017441
High income,2013,48.55658722
High income,2014,48.92967987
High income,2015,49.2153511
High income,2016,50.39173508
High income,2017,50.30977249
High income,2018,50.84463882
High income,2019,51.44700241
High income,2020,49.45949554
Honduras,1991,32.20999908
Honduras,1992,34.63999939
Honduras,1995,34.65999985
Honduras,1998,42.11999893
Honduras,1999,46.24000168
Honduras,2001,38.34000015
Honduras,2002,35.90000153
Honduras,2003,37.40000153
Honduras,2004,36.45999908
Honduras,2005,39.54999924
Honduras,2006,37.70999908
Honduras,2007,37.09999847
Honduras,2008,38.72000122
Honduras,2009,39.93999863
Honduras,2010,41.00999832
Honduras,2011,37.90000153
Honduras,2012,37.06000137
Honduras,2013,40.97000122
Honduras,2014,42.63000107
Honduras,2015,43.36000061
Honduras,2016,42.75
Honduras,2017,43.09999847
Honduras,2018,47.09999847
Honduras,2019,41.79999924
Honduras,2020,41.25
Hong Kong,1979,42.06999969
Hong Kong,1980,43.22999954
Hong Kong,1981,46.84000015
Hong Kong,1982,45.95999908
Hong Kong,1983,45.88000107
Hong Kong,1984,47.31999969
Hong Kong,1985,47.20000076
Hong Kong,1986,47.59000015
Hong Kong,1987,47.59999847
Hong Kong,1988,47.29999924
Hong Kong,1989,46.16999817
Hong Kong,1990,45.45000076
Hong Kong,1991,47.04000092
Hong Kong,1992,45.36999893
Hong Kong,1993,45.58000183
Hong Kong,1994,46.34999847
Hong Kong,1995,46.31000137
Hong Kong,1996,46.68999863
Hong Kong,1997,46.97999954
Hong Kong,1998,46.59000015
Hong Kong,1999,47.41999817
Hong Kong,2000,46.68000031
Hong Kong,2001,48.68000031
Hong Kong,2002,48.61999893
Hong Kong,2003,47.99000168
Hong Kong,2004,48.5
Hong Kong,2005,49.63999939
Hong Kong,2006,50.66999817
Hong Kong,2007,51.29000092
Hong Kong,2008,51.97000122
Hong Kong,2009,50.93000031
Hong Kong,2010,50.09000015
Hong Kong,2011,51.47000122
Hong Kong,2012,52.06999969
Hong Kong,2013,52.86999893
Hong Kong,2014,52.90000153
Hong Kong,2015,53
Hong Kong,2016,53.11000061
Hong Kong,2017,53.5
Hong Kong,2018,53.77999878
Hong Kong,2019,53.70000076
Hong Kong,2020,51.59000015
Hungary,1978,40.97000122
Hungary,1979,41.18000031
Hungary,1981,45.20999908
Hungary,1985,44.79999924
Hungary,1986,44.93000031
Hungary,1987,44.79000092
Hungary,1988,45.25
Hungary,1989,45.38000107
Hungary,1990,44.72999954
Hungary,1991,42.74000168
Hungary,1992,46.59000015
Hungary,1993,43.47000122
Hungary,1994,41.91999817
Hungary,1995,40
Hungary,1996,36.38000107
Hungary,1997,36.04000092
Hungary,1998,37.25
Hungary,1999,38.88999939
Hungary,2000,39.25999832
Hungary,2001,39.11999893
Hungary,2002,39.29000092
Hungary,2003,40.09000015
Hungary,2004,39.77000046
Hungary,2005,39.88000107
Hungary,2006,39.97000122
Hungary,2007,39.65000153
Hungary,2008,39.31000137
Hungary,2009,38.65999985
Hungary,2010,39.11000061
Hungary,2011,39.13999939
Hungary,2012,40.20000076
Hungary,2013,40.54999924
Hungary,2014,42.77999878
Hungary,2015,44.02000046
Hungary,2016,45.58000183
Hungary,2017,46.15999985
Hungary,2018,46.75
Hungary,2019,47.04999924
Hungary,2020,46.31999969
Iceland,1991,70.79000092
Iceland,1992,70.61000061
Iceland,1993,70.30999756
Iceland,1994,70.76999664
Iceland,1995,73.61000061
Iceland,1996,73.12999725
Iceland,1997,71.55999756
Iceland,1998,73.06999969
Iceland,1999,76.08999634
Iceland,2000,77.66999817
Iceland,2001,76.70999908
Iceland,2002,76.18000031
Iceland,2003,75.61000061
Iceland,2004,74.69000244
Iceland,2005,75.16000366
Iceland,2006,75.37000275
Iceland,2007,75.98000336
Iceland,2008,75.01999664
Iceland,2009,72.05999756
Iceland,2010,71.61000061
Iceland,2011,71.65000153
Iceland,2012,72.70999908
Iceland,2013,73.69999695
Iceland,2014,74.88999939
Iceland,2015,76.44000244
Iceland,2016,77.31999969
Iceland,2017,76.75
Iceland,2018,75.94000244
Iceland,2019,74.97000122
Iceland,2020,71.02999878
India,1994,30.27000046
India,2000,29.95999908
India,2005,31.28000069
India,2010,25.29999924
India,2012,22.47999954
India,2018,19.72999954
India,2019,20.45000076
India,2020,25.04000092
Indonesia,1976,54.81999969
Indonesia,1977,41.86000061
Indonesia,1978,46.72999954
Indonesia,1982,44.38999939
Indonesia,1986,51.75
Indonesia,1988,52.77000046
Indonesia,1989,52.25
Indonesia,1990,49.18999863
Indonesia,1991,48.11999893
Indonesia,1992,48.93999863
Indonesia,1993,48.02999878
Indonesia,1994,48.20000076
Indonesia,1996,47.75
Indonesia,1997,47.11000061
Indonesia,1998,48.02000046
Indonesia,1999,47.63999939
Indonesia,2000,48.22000122
Indonesia,2001,46.31000137
Indonesia,2002,44.24000168
Indonesia,2003,43.83000183
Indonesia,2004,42.86999893
Indonesia,2005,41.29000092
Indonesia,2006,41.65999985
Indonesia,2007,44.84000015
Indonesia,2008,46.31000137
Indonesia,2009,46.93999863
Indonesia,2010,47.70999908
Indonesia,2011,48.13000107
Indonesia,2012,49.00999832
Indonesia,2013,48.54000092
Indonesia,2014,48.65999985
Indonesia,2015,48.50999832
Indonesia,2016,48.97000122
Indonesia,2017,50.11999893
Indonesia,2018,50.88999939
Indonesia,2019,52.11000061
Indonesia,2020,51.16999817
Iran,1986,6.099999905
Iran,1991,6.599999905
Iran,1996,9.859999657
Iran,2005,15.47999954
Iran,2006,15.14000034
Iran,2007,14.34000015
Iran,2008,12.32999992
Iran,2009,13.10999966
Iran,2010,12.09000015
Iran,2011,10.85000038
Iran,2012,11.93000031
Iran,2013,10.75
Iran,2014,10.47000027
Iran,2015,11.60000038
Iran,2016,12.88000011
Iran,2017,13.93000031
Iran,2018,14.19999981
Iran,2019,14
Iran,2020,11.69999981
Iraq,2007,11.31000042
Iraq,2012,10.42000008
Iraq,2014,10.63000011
Iraq,2016,11.31000042
Iraq,2017,7.71999979
Ireland,1983,28.78000069
Ireland,1984,27.67000008
Ireland,1985,26.89999962
Ireland,1986,27.25
Ireland,1987,28.26000023
Ireland,1988,28.04999924
Ireland,1989,28.87000084
Ireland,1990,30.07999992
Ireland,1991,30.05999947
Ireland,1992,31.19000053
Ireland,1993,32.45999908
Ireland,1994,33.70000076
Ireland,1995,35.11999893
Ireland,1996,36.65999985
Ireland,1997,38.34000015
Ireland,1998,40.70999908
Ireland,1999,43.34000015
Ireland,2000,45.13999939
Ireland,2001,45.88000107
Ireland,2002,46.95999908
Ireland,2003,47.16999817
Ireland,2004,47.54000092
Ireland,2005,49.74000168
Ireland,2006,50.79999924
Ireland,2007,54.16999817
Ireland,2008,53.59000015
Ireland,2009,50.77000046
Ireland,2010,48.95000076
Ireland,2011,48.09000015
Ireland,2012,47.77999878
Ireland,2013,48.40999985
Ireland,2014,48.95999908
Ireland,2015,49.97000122
Ireland,2016,51.36000061
Ireland,2017,52.15000153
Ireland,2018,52.84999847
Ireland,2019,53.61000061
Ireland,2020,51.97999954
Isle of Man,1991,44.97000122
Isle of Man,1996,48.49000168
Isle of Man,2001,54.86999893
Isle of Man,2006,55.11000061
Isle of Man,2011,55.90000153
Isle of Man,2016,78.27999878
Israel,1983,34.65000153
Israel,1984,34.91999817
Israel,1985,34.43000031
Israel,1986,35.45999908
Israel,1987,36.04999924
Israel,1988,37
Israel,1989,37.06000137
Israel,1990,40.16999817
Israel,1991,39.56000137
Israel,1992,40.38999939
Israel,1993,42.20999908
Israel,1994,44.70999908
Israel,1995,46.31000137
Israel,1996,46.61999893
Israel,1997,46.09000015
Israel,1998,45.86999893
Israel,1999,46.77000046
Israel,2000,47.75999832
Israel,2001,47.68000031
Israel,2002,46.86999893
Israel,2003,47.15000153
Israel,2004,47.56999969
Israel,2005,49.22000122
Israel,2006,49.74000168
Israel,2007,50.86999893
Israel,2008,51.88999939
Israel,2009,52.13000107
Israel,2010,52.95000076
Israel,2011,53.18000031
Israel,2012,54.06999969
Israel,2013,54.59000015
Israel,2014,55.68999863
Israel,2015,55.93000031
Israel,2016,56.43999863
Israel,2017,56.70000076
Israel,2018,57.43000031
Israel,2019,57.24000168
Israel,2020,55.81000137
Italy,1983,28.18000031
Italy,1984,27.84000015
Italy,1985,28.02000046
Italy,1986,28.35000038
Italy,1987,28.47999954
Italy,1988,28.67000008
Italy,1989,29.04000092
Italy,1990,29.5
Italy,1991,30.35000038
Italy,1992,29.30999947
Italy,1993,28.60000038
Italy,1994,28.39999962
Italy,1995,28.15999985
Italy,1996,28.46999931
Italy,1997,28.59000015
Italy,1998,28.95000076
Italy,1999,29.63999939
Italy,2000,30.37999916
Italy,2001,31.5
Italy,2002,32.13999939
Italy,2003,32.88000107
Italy,2004,34.52000046
Italy,2005,34.24000168
Italy,2006,34.84000015
Italy,2007,34.97000122
Italy,2008,35.38000107
Italy,2009,34.70000076
Italy,2010,34.50999832
Italy,2011,34.72999954
Italy,2012,35.02000046
Italy,2013,34.49000168
Italy,2014,34.58000183
Italy,2015,34.72000122
Italy,2016,35.27999878
Italy,2017,35.86000061
Italy,2018,36.25999832
Italy,2019,36.68000031
Italy,2020,35.77999878
Jamaica,1995,47.86999893
Jamaica,1996,46.61000061
Jamaica,1997,45.34000015
Jamaica,1999,42.88999939
Jamaica,2001,42.47000122
Jamaica,2007,48.90000153
Jamaica,2008,50.58000183
Jamaica,2009,48.75
Jamaica,2010,47.11000061
Jamaica,2011,46.91999817
Jamaica,2012,46.70000076
Jamaica,2013,46.25
Jamaica,2014,46.91999817
Jamaica,2015,46.20000076
Jamaica,2016,49.68000031
Jamaica,2017,51.34999847
Jamaica,2018,52.36000061
Jamaica,2019,53.88000107
Jamaica,2020,51.25999832
Jamaica,2021,51.11999893
Japan,1960,53.61999893
Japan,1961,53.52000046
Japan,1962,52.61000061
Japan,1963,51.29999924
Japan,1964,50.45000076
Japan,1965,49.97000122
Japan,1966,50.16999817
Japan,1967,50.43999863
Japan,1968,50.08000183
Japan,1969,49.56000137
Japan,1970,49.34000015
Japan,1971,48.25
Japan,1972,47.11999893
Japan,1973,47.63000107
Japan,1974,45.93000031
Japan,1975,44.95999908
Japan,1976,44.99000168
Japan,1977,45.81000137
Japan,1978,46.41999817
Japan,1979,46.66999817
Japan,1980,46.65999985
Japan,1981,46.65999985
Japan,1982,46.93999863
Japan,1983,47.68000031
Japan,1984,47.5
Japan,1985,47.38000107
Japan,1986,47.25
Japan,1987,47.25
Japan,1988,47.59999847
Japan,1989,48.31999969
Japan,1990,48.97999954
Japan,1991,49.52999878
Japan,1992,49.59000015
Japan,1993,49
Japan,1994,48.70999908
Japan,1995,48.38999939
Japan,1996,48.33000183
Japan,1997,48.61999893
Japan,1998,48.11999893
Japan,1999,47.40999985
Japan,2000,47.06000137
Japan,2001,46.81999969
Japan,2002,46.04999924
Japan,2003,45.88999939
Japan,2004,46.11999893
Japan,2005,46.33000183
Japan,2006,46.58000183
Japan,2007,46.63000107
Japan,2008,46.54999924
Japan,2009,46.18000031
Japan,2010,46.16999817
Japan,2011,46.15000153
Japan,2012,46.13999939
Japan,2013,47
Japan,2014,47.56999969
Japan,2015,47.93000031
Japan,2016,48.84000015
Japan,2017,49.72000122
Japan,2018,51.33000183
Japan,2019,52.18999863
Japan,2020,51.83000183
Japan,2021,52.18000031
Jordan,1999,9.399999619
Jordan,2000,9.699999809
Jordan,2001,9.300000191
Jordan,2002,9.600000381
Jordan,2003,8.899999619
Jordan,2004,8.699999809
Jordan,2005,8.699999809
Jordan,2006,8.899999619
Jordan,2007,11
Jordan,2008,10.80000019
Jordan,2009,11.30000019
Jordan,2010,11.5
Jordan,2011,11.60000038
Jordan,2012,11.30000019
Jordan,2013,10.30000019
Jordan,2014,10
Jordan,2017,12.28999996
Jordan,2018,11.06999969
Jordan,2019,10.14999962
Jordan,2020,10.94999981
Kazakhstan,2002,57.63999939
Kazakhstan,2003,58.24000168
Kazakhstan,2004,58.38000107
Kazakhstan,2008,61.38000107
Kazakhstan,2020,60.29999924
Kenya,1999,61.04000092
Kenya,2005,49.09999847
Kenya,2006,50.88000107
Kenya,2016,69.36000061
Kenya,2019,59.59000015
Kiribati,2000,12.93000031
Kiribati,2005,16.64999962
Kiribati,2010,34.45000076
Kiribati,2015,31.68000031
Kiribati,2019,26.20000076
Kosovo,2002,8.800000191
Kosovo,2003,8.300000191
Kosovo,2004,9.899999619
Kosovo,2005,11.69999981
Kosovo,2006,11.80000019
Kosovo,2007,12.69999981
Kosovo,2008,10.5
Kosovo,2009,11.10000038
Kosovo,2012,9.670000076
Kosovo,2013,11.60000038
Kosovo,2014,11.11999989
Kosovo,2015,10.17000008
Kosovo,2016,11.11999989
Kosovo,2017,10.93000031
Kosovo,2018,9.659999847
Kosovo,2019,11.47999954
Kosovo,2020,12.02000046
Kuwait,1983,23.72999954
Kuwait,1988,33.52999878
Kuwait,1997,33.04000092
Kuwait,2003,45.63000107
Kuwait,2005,45.02999878
Kuwait,2006,53.90000153
Kuwait,2007,55.09999847
Kuwait,2009,54.06000137
Kuwait,2010,57.79999924
Kuwait,2015,54.5
Kuwait,2016,46.97999954
Kyrgyzstan,2002,47.40000153
Kyrgyzstan,2010,47.20000076
Kyrgyzstan,2011,47.63000107
Kyrgyzstan,2012,46.88000107
Kyrgyzstan,2013,44.43999863
Kyrgyzstan,2014,45.59000015
Kyrgyzstan,2015,45.40999985
Kyrgyzstan,2016,44.09000015
Kyrgyzstan,2017,41.79000092
Kyrgyzstan,2018,41.93000031
Kyrgyzstan,2019,42.70999908
Kyrgyzstan,2020,42.09999847
Laos,1995,69.5
Laos,2003,92.88999939
Laos,2005,65.40000153
Laos,2010,76.15000153
Laos,2017,33.68000031
Latin America and Caribbean,1992,42.27481842
Latin America and Caribbean,1993,44.24157333
Latin America and Caribbean,1995,40.55230713
Latin America and Caribbean,1996,39.90170288
Latin America and Caribbean,1997,41.27038956
Latin America and Caribbean,1998,41.48993683
Latin America and Caribbean,1999,42.10731506
Latin America and Caribbean,2001,43.40871429
Latin America and Caribbean,2002,44.12768555
Latin America and Caribbean,2003,44.15845871
Latin America and Caribbean,2004,45.12709045
Latin America and Caribbean,2005,45.93545914
Latin America and Caribbean,2006,46.87447357
Latin America and Caribbean,2007,46.45162201
Latin America and Caribbean,2008,47.31468201
Latin America and Caribbean,2009,47.18170547
Latin America and Caribbean,2011,46.69298935
Latin America and Caribbean,2012,47.21234512
Latin America and Caribbean,2013,47.39097214
Latin America and Caribbean,2014,47.03156281
Latin America and Caribbean,2015,47.00785446
Latin America and Caribbean,2016,46.45582581
Latin America and Caribbean,2017,46.62763596
Latin America and Caribbean,2018,46.93508148
Latin America and Caribbean,2019,47.31167603
Latin America and Caribbean,2020,41.9126091
Latvia,1998,44.68000031
Latvia,1999,43.24000168
Latvia,2000,42.45999908
Latvia,2001,43.95999908
Latvia,2002,44.83000183
Latvia,2003,44.74000168
Latvia,2004,44.52000046
Latvia,2005,45.63000107
Latvia,2006,48.70999908
Latvia,2007,50.15999985
Latvia,2008,51.11000061
Latvia,2009,46.81999969
Latvia,2010,45.13000107
Latvia,2011,45.74000168
Latvia,2012,46.75999832
Latvia,2013,48.02000046
Latvia,2014,48.18000031
Latvia,2015,49.43999863
Latvia,2016,50.36999893
Latvia,2017,50.95000076
Latvia,2018,52.22999954
Latvia,2019,52.65999985
Latvia,2020,52.06999969
Lebanon,1997,18.79999924
Lebanon,2004,18.43000031
Lebanon,2007,18.97999954
Lebanon,2019,25.09000015
Lesotho,1986,27.29999924
Lesotho,1997,24.79999924
Lesotho,1999,48.31000137
Lesotho,2008,24.53000069
Lesotho,2013,41.72999954
Lesotho,2019,35.13999939
Liberia,2007,65.33999634
Liberia,2010,53.43999863
Liberia,2014,69.98999786
Liberia,2016,70.44999695
Liberia,2017,17.75
Libya,2012,25.29999924
Liechtenstein,2000,50.58000183
Liechtenstein,2001,50.31000137
Liechtenstein,2002,49.41999817
Liechtenstein,2003,49.5
Liechtenstein,2004,49.45000076
Liechtenstein,2005,49.34999847
Liechtenstein,2006,49.81999969
Liechtenstein,2007,50.90000153
Liechtenstein,2008,51.34000015
Liechtenstein,2009,50.88999939
Liechtenstein,2010,50.77000046
Liechtenstein,2011,52.93000031
Liechtenstein,2012,52.38999939
Liechtenstein,2013,51.90000153
Liechtenstein,2014,51.77999878
Liechtenstein,2015,52.08000183
Liechtenstein,2016,51.90000153
Liechtenstein,2017,52.09999847
Lithuania,1998,47.09999847
Lithuania,1999,48.47999954
Lithuania,2000,47.49000168
Lithuania,2001,46.02000046
Lithuania,2002,45.88999939
Lithuania,2003,47.77000046
Lithuania,2004,45.77999878
Lithuania,2005,46.43000031
Lithuania,2006,47.38000107
Lithuania,2007,48.02999878
Lithuania,2008,47.66999817
Lithuania,2009,46.56000137
Lithuania,2010,44.90000153
Lithuania,2011,45.90000153
Lithuania,2012,47.04000092
Lithuania,2013,47.40000153
Lithuania,2014,48.90999985
Lithuania,2015,50
Lithuania,2016,51.95000076
Lithuania,2017,52.65999985
Lithuania,2018,53.47000122
Lithuania,2019,54.11999893
Lithuania,2020,52.93000031
Lower middle income,2000,35.06047821
Lower middle income,2010,32.1112709
Lower middle income,2012,31.59363174
Lower middle income,2018,28.51409531
Lower middle income,2019,30.54948997
Luxembourg,1983,31.34000015
Luxembourg,1984,31.87999916
Luxembourg,1985,33.41999817
Luxembourg,1986,33.38000107
Luxembourg,1987,34.27999878
Luxembourg,1988,33.33000183
Luxembourg,1989,33.70000076
Luxembourg,1990,32.81000137
Luxembourg,1991,35.11999893
Luxembourg,1992,37.97999954
Luxembourg,1993,36.38999939
Luxembourg,1994,36.70999908
Luxembourg,1995,34.29000092
Luxembourg,1996,35.29999924
Luxembourg,1997,36.75
Luxembourg,1998,36.90000153
Luxembourg,1999,39.36000061
Luxembourg,2000,40.06999969
Luxembourg,2001,41.47000122
Luxembourg,2002,41.93000031
Luxembourg,2003,41.59999847
Luxembourg,2004,42.18999863
Luxembourg,2005,43.65000153
Luxembourg,2006,46.29999924
Luxembourg,2007,48
Luxembourg,2008,45.15999985
Luxembourg,2009,46.84000015
Luxembourg,2010,47.25
Luxembourg,2011,47.11000061
Luxembourg,2012,48.81999969
Luxembourg,2013,49.13999939
Luxembourg,2014,50.36000061
Luxembourg,2015,50.54999924
Luxembourg,2016,49.97000122
Luxembourg,2017,51.93999863
Luxembourg,2018,52.52000046
Luxembourg,2019,52.74000168
Luxembourg,2020,53.04000092
Macao,1992,46.58000183
Macao,1993,46.86000061
Macao,1994,47.09000015
Macao,1995,47.61999893
Macao,1997,52.52999878
Macao,1998,51.81999969
Macao,2000,54.04999924
Macao,2003,51.50999832
Macao,2004,52.93000031
Macao,2005,54.56000137
Macao,2006,56.41999817
Macao,2007,59.52000046
Macao,2008,61.93999863
Macao,2009,64.51000214
Macao,2010,64.70999908
Macao,2011,66.01000214
Macao,2012,65.66000366
Macao,2013,66.56999969
Macao,2014,67.19000244
Macao,2015,66.95999908
Macao,2016,66.33000183
Madagascar,2003,83.80000305
Madagascar,2005,90.76999664
Madagascar,2010,59.40000153
Madagascar,2012,90.73999786
Madagascar,2015,82.08000183
Malawi,1983,90.06999969
Malawi,1987,63.70000076
Malawi,1998,77.91000366
Malawi,2004,83.30000305
Malawi,2005,77.48999786
Malawi,2011,67.51999664
Malawi,2013,67.86000061
Malawi,2017,38.31999969
Malawi,2020,40.63000107
Malaysia,1982,42.43999863
Malaysia,1983,43.59000015
Malaysia,1984,42.36000061
Malaysia,1985,42.81999969
Malaysia,1986,42.63000107
Malaysia,1987,43.59000015
Malaysia,1988,43.74000168
Malaysia,1989,43.68999863
Malaysia,1990,45.16999817
Malaysia,1992,44.97000122
Malaysia,1993,44.29000092
Malaysia,1995,42.99000168
Malaysia,1996,45.54000092
Malaysia,1997,44.65000153
Malaysia,1998,42.90999985
Malaysia,1999,43.20000076
Malaysia,2000,46.11000061
Malaysia,2001,45.04999924
Malaysia,2002,44.93000031
Malaysia,2003,45.99000168
Malaysia,2004,45.43999863
Malaysia,2005,44.22000122
Malaysia,2011,46.43000031
Malaysia,2014,51.95000076
Malaysia,2015,52.27000046
Malaysia,2016,52.18000031
Malaysia,2017,52.79999924
Malaysia,2019,53.72000122
Malaysia,2020,52.75
Maldives,1990,20.26000023
Maldives,1995,27.93000031
Maldives,2000,36.83000183
Maldives,2009,32.93999863
Maldives,2010,28.79999924
Maldives,2014,45.40999985
Maldives,2016,39.81000137
Maldives,2019,43.43000031
Mali,1997,23.89999962
Mali,2004,32.77999878
Mali,2006,60.79999924
Mali,2007,67.43000031
Mali,2009,4.710000038
Mali,2010,44.77999878
Mali,2013,65.33000183
Mali,2014,56.88999939
Mali,2015,56.36000061
Mali,2016,49.29999924
Mali,2017,53.68000031
Mali,2018,50.79000092
Malta,2000,27.77000046
Malta,2001,27.17000008
Malta,2002,28.38999939
Malta,2003,27.73999977
Malta,2004,26.21999931
Malta,2005,27.75
Malta,2006,27.90999985
Malta,2007,29.79000092
Malta,2008,31.19000053
Malta,2009,31.39999962
Malta,2010,32.29000092
Malta,2011,33.49000168
Malta,2012,36.27999878
Malta,2013,38.66999817
Malta,2014,40.63000107
Malta,2015,41.18999863
Malta,2016,42.88000107
Malta,2017,44.83000183
Malta,2018,47.84999847
Malta,2019,49.20999908
Malta,2020,50.61000061
Marshall Islands,1980,26.46999931
Marshall Islands,1999,22.21999931
Marshall Islands,2011,27.73999977
Marshall Islands,2019,26.65999985
Mauritania,1988,41.02000046
Mauritania,2012,24.55999947
Mauritania,2017,24.10000038
Mauritius,1995,33.56999969
Mauritius,1996,33.5
Mauritius,1997,33.79999924
Mauritius,1998,34.90000153
Mauritius,1999,35.09999847
Mauritius,2001,32.5
Mauritius,2002,33.91999817
Mauritius,2003,37.84999847
Mauritius,2004,34.95999908
Mauritius,2005,34.99000168
Mauritius,2006,35.33000183
Mauritius,2007,34.90999985
Mauritius,2008,36.41999817
Mauritius,2009,36.95999908
Mauritius,2010,37.99000168
Mauritius,2011,37.61000061
Mauritius,2012,37.88999939
Mauritius,2013,39.83000183
Mauritius,2014,40.16999817
Mauritius,2015,41.25
Mauritius,2016,40.43000031
Mauritius,2017,40.81000137
Mauritius,2018,40.88999939
Mauritius,2019,41.49000168
Mauritius,2020,52.34999847
Mexico,1991,34.15000153
Mexico,1992,35.06000137
Mexico,1993,37.27999878
Mexico,1994,36.22000122
Mexico,1995,36
Mexico,1996,36.77999878
Mexico,1997,39.08000183
Mexico,1998,39.29999924
Mexico,1999,39.13000107
Mexico,2000,39.61000061
Mexico,2001,39.00999832
Mexico,2002,36.68000031
Mexico,2003,37.04000092
Mexico,2004,37.83000183
Mexico,2005,39.31000137
Mexico,2006,40.47000122
Mexico,2007,40.74000168
Mexico,2008,40.56000137
Mexico,2009,40.47000122
Mexico,2010,40.31000137
Mexico,2011,40.63999939
Mexico,2012,41.70000076
Mexico,2013,41.70000076
Mexico,2014,40.95000076
Mexico,2015,41.40999985
Mexico,2016,41.68999863
Mexico,2017,41.40000153
Mexico,2018,41.97000122
Mexico,2019,43.18999863
Mexico,2020,39.25999832
Micronesia (country),2014,39.77999878
Middle East and North Africa,2006,16.5199585
Middle East and North Africa,2007,17.58909416
Middle East and North Africa,2008,17.02375412
Middle East and North Africa,2009,15.97978306
Middle East and North Africa,2010,16.31710625
Middle East and North Africa,2012,16.81238556
Middle East and North Africa,2014,15.12177277
Middle East and North Africa,2015,17.59178543
Middle East and North Africa,2016,17.35562325
Middle East and North Africa,2017,16.52035332
Moldova,2009,37.74000168
Moldova,2010,36.40999985
Moldova,2011,37.09000015
Moldova,2012,36.54000092
Moldova,2013,36.97000122
Moldova,2014,38.86999893
Moldova,2015,39.75999832
Moldova,2016,40.15999985
Moldova,2017,39.09999847
Moldova,2018,41.36999893
Moldova,2019,36.52000046
Moldova,2020,34.95999908
Monaco,2016,39.22000122
Mongolia,1998,51.81999969
Mongolia,2000,46.29999924
Mongolia,2002,34.70999908
Mongolia,2003,52.5
Mongolia,2006,62.02999878
Mongolia,2007,51.70000076
Mongolia,2008,51.27000046
Mongolia,2009,50.52999878
Mongolia,2010,51.06000137
Mongolia,2011,52.59000015
Mongolia,2012,53.72000122
Mongolia,2013,51.59999847
Mongolia,2014,52.09999847
Mongolia,2015,51.72999954
Mongolia,2016,49.79999924
Mongolia,2017,50.90000153
Mongolia,2018,49.63999939
Mongolia,2019,48.68000031
Mongolia,2020,48.34000015
Montenegro,2007,34.79999924
Montenegro,2008,36.09999847
Montenegro,2009,34.40000153
Montenegro,2010,33.43999863
Montenegro,2011,33.65000153
Montenegro,2012,34.61999893
Montenegro,2013,35.40999985
Montenegro,2014,37.79000092
Montenegro,2015,39.40000153
Montenegro,2016,39.45000076
Montenegro,2017,39.40999985
Montenegro,2018,40.81999969
Montenegro,2019,42.08000183
Montenegro,2020,37.86999893
Morocco,1990,20.95000076
Morocco,1995,21.86000061
Morocco,1998,17.25
Morocco,1999,25.97999954
Morocco,2000,25.29999924
Morocco,2001,22.04999924
Morocco,2002,21.62000084
Morocco,2003,23.47999954
Morocco,2004,25.11000061
Morocco,2005,25
Morocco,2006,18.54999924
Morocco,2007,25.60000038
Morocco,2008,24.79999924
Morocco,2009,17.47999954
Morocco,2010,23.43000031
Morocco,2011,22.87999916
Morocco,2012,22.28000069
Morocco,2013,22.70999908
Morocco,2014,22.64999962
Morocco,2015,22.20999908
Morocco,2016,21.19000053
Mozambique,2015,75.27999878
Myanmar,2015,51.13999939
Myanmar,2017,46.77000046
Myanmar,2018,47.97000122
Myanmar,2019,45.77999878
Namibia,1991,33.5
Namibia,1994,43.40000153
Namibia,1997,37.09999847
Namibia,2000,37.40000153
Namibia,2001,31.60000038
Namibia,2004,30.63999939
Namibia,2008,28.39999962
Namibia,2010,41.90000153
Namibia,2012,43.06000137
Namibia,2013,46.52999878
Namibia,2014,45.56000137
Namibia,2016,41.72000122
Namibia,2018,45.11000061
Nauru,2013,46.06999969
Nepal,1996,63.70000076
Nepal,1999,80.51000214
Nepal,2003,93
Nepal,2008,78.73999786
Nepal,2013,74.90000153
Nepal,2014,76.40000153
Nepal,2017,22.87999916
Netherlands,1979,26.06999969
Netherlands,1980,27.52000046
Netherlands,1981,28.73999977
Netherlands,1982,28.76000023
Netherlands,1983,29.34000015
Netherlands,1985,30.47999954
Netherlands,1986,29.77000046
Netherlands,1987,35.66999817
Netherlands,1988,36.50999832
Netherlands,1989,37.25999832
Netherlands,1990,39.11000061
Netherlands,1991,40.36000061
Netherlands,1992,42.50999832
Netherlands,1993,42.97999954
Netherlands,1994,43.84999847
Netherlands,1995,44.11999893
Netherlands,1996,45.29000092
Netherlands,1997,47.02000046
Netherlands,1998,48.47999954
Netherlands,1999,50.47000122
Netherlands,2000,52.27000046
Netherlands,2001,53.72000122
Netherlands,2002,54.27000046
Netherlands,2003,54.33000183
Netherlands,2004,54.06000137
Netherlands,2005,51.77000046
Netherlands,2006,52.68999863
Netherlands,2007,54.40999985
Netherlands,2008,55.72999954
Netherlands,2009,55.90000153
Netherlands,2010,55.45000076
Netherlands,2011,55.58000183
Netherlands,2012,55.59999847
Netherlands,2013,54.90999985
Netherlands,2014,53.93000031
Netherlands,2015,54.52000046
Netherlands,2016,54.86000061
Netherlands,2017,55.70999908
Netherlands,2018,56.75999832
Netherlands,2019,57.79999924
Netherlands,2020,57.50999832
New Caledonia,1996,32.61000061
New Caledonia,2009,51.25
New Caledonia,2014,49.72000122
New Zealand,1986,51.95999908
New Zealand,1987,52.40999985
New Zealand,1988,51.11000061
New Zealand,1989,49.22000122
New Zealand,1990,49.95000076
New Zealand,1991,48.99000168
New Zealand,1992,48.75
New Zealand,1993,49.09000015
New Zealand,1994,50.74000168
New Zealand,1995,52.20000076
New Zealand,1996,53.58000183
New Zealand,1997,53.15999985
New Zealand,1998,52.63999939
New Zealand,1999,53.43999863
New Zealand,2000,53.97999954
New Zealand,2001,55.11999893
New Zealand,2002,55.77000046
New Zealand,2003,56.27000046
New Zealand,2004,57.06999969
New Zealand,2005,58.27000046
New Zealand,2006,58.70999908
New Zealand,2007,59.27000046
New Zealand,2008,59.38000107
New Zealand,2009,58.25
New Zealand,2010,57.59999847
New Zealand,2011,58.15000153
New Zealand,2012,57.88000107
New Zealand,2013,58.43999863
New Zealand,2014,59.50999832
New Zealand,2015,59.66999817
New Zealand,2016,61.06000137
New Zealand,2017,62.09000015
New Zealand,2018,62.79000092
New Zealand,2019,62.90000153
New Zealand,2020,61.91999817
Nicaragua,2001,42.79999924
Nicaragua,2002,41.5
Nicaragua,2003,43.18999863
Nicaragua,2004,42.27000046
Nicaragua,2005,43.88000107
Nicaragua,2006,42.34000015
Nicaragua,2007,41.04999924
Nicaragua,2012,62.84999847
Nicaragua,2013,61.22999954
Nicaragua,2014,45.34999847
Niger,2001,43.88999939
Niger,2005,29.29000092
Niger,2011,69.04000092
Niger,2012,19.5
Niger,2014,62.70000076
Niger,2017,13.89000034
Nigeria,1983,35.22000122
Nigeria,1986,33.47999954
Nigeria,2003,47.40000153
Nigeria,2011,54.79999924
Nigeria,2013,50.02999878
Nigeria,2019,45.63000107
North America,1960,35.5
North America,1961,35.40000153
North America,1962,35.59999847
North America,1963,35.79999924
North America,1964,36.29999924
North America,1965,37.09999847
North America,1966,38.29999924
North America,1967,39
North America,1968,39.59999847
North America,1969,40.70000076
North America,1970,40.79999924
North America,1971,40.40000153
North America,1972,41
North America,1973,42
North America,1974,42.59999847
North America,1975,42
North America,1976,43.08234787
North America,1977,44.28923416
North America,1978,46.11200333
North America,1979,47.27132034
North America,1980,47.57505035
North America,1981,47.97316742
North America,1982,47.58738327
North America,1983,47.88805389
North America,1984,49.32490158
North America,1985,50.2759552
North America,1986,51.2911644
North America,1987,52.37881088
North America,1988,53.33319473
North America,1989,54.23058319
North America,1990,54.24716949
North America,1991,53.60714722
North America,1992,53.61418915
North America,1993,53.84118271
North America,1994,54.95786285
North America,1995,55.35354996
North America,1996,55.70201111
North America,1997,56.43677139
North America,1998,56.74324417
North America,1999,57.14855194
North America,2000,57.27354813
North America,2001,56.865345
North America,2002,56.30923843
North America,2003,56.26439285
North America,2004,56.14912796
North America,2005,56.38489532
North America,2006,56.77138138
North America,2007,56.87811661
North America,2008,56.532444
North America,2009,54.79122543
North America,2010,54.0141716
North America,2011,53.66361237
North America,2012,53.62036896
North America,2013,53.66728973
North America,2014,53.9443512
North America,2015,54.11635208
North America,2016,54.430336
North America,2017,54.92324066
North America,2018,55.20919418
North America,2019,55.66144562
North America,2020,51.76515579
North America,2021,53.49613571
North Macedonia,1996,30.70000076
North Macedonia,1997,27.89999962
North Macedonia,1998,29.79999924
North Macedonia,2001,30.94000053
North Macedonia,2002,28.06999969
North Macedonia,2003,27.64999962
North Macedonia,2006,26.32999992
North Macedonia,2007,27.70999908
North Macedonia,2008,28.12999916
North Macedonia,2009,28.62999916
North Macedonia,2010,29.07999992
North Macedonia,2011,30.11000061
North Macedonia,2012,29.97999954
North Macedonia,2013,31.57999992
North Macedonia,2014,31.40999985
North Macedonia,2015,32.56999969
North Macedonia,2016,32.70000076
North Macedonia,2017,33.40000153
North Macedonia,2018,34.49000168
North Macedonia,2019,36.66999817
North Macedonia,2020,36.61999893
Northern Mariana Islands,2010,57.88000107
Norway,1990,59.38999939
Norway,1991,59.22000122
Norway,1992,59.06999969
Norway,1993,59.04000092
Norway,1994,59.74000168
Norway,1995,60.45000076
Norway,1996,62.58000183
Norway,1997,64.34999847
Norway,1998,66.38999939
Norway,1999,67
Norway,2000,66.94999695
Norway,2001,66.98999786
Norway,2002,67.58999634
Norway,2003,66.37999725
Norway,2004,66.37999725
Norway,2005,65.63999939
Norway,2006,65.98000336
Norway,2007,67.70999908
Norway,2008,68.93000031
Norway,2009,67.91999817
Norway,2010,66.62000275
Norway,2011,66.58000183
Norway,2012,66.63999939
Norway,2013,66.12000275
Norway,2014,60.77999878
Norway,2015,59.75999832
Norway,2016,59.63000107
Norway,2017,59.16999817
Norway,2018,59.56999969
Norway,2019,60.00999832
Norway,2020,59.43999863
Oman,2000,7.619999886
Oman,2008,22.86000061
Oman,2010,23.84000015
Oman,2016,25.68000031
Oman,2018,33.02999878
Oman,2020,34.97999954
Pakistan,1985,10.15999985
Pakistan,1986,10.98999977
Pakistan,1988,12.42000008
Pakistan,1989,10.10000038
Pakistan,1990,12.01000023
Pakistan,1991,12.30000019
Pakistan,1992,14.13000011
Pakistan,1993,13.64999962
Pakistan,1994,13.86999989
Pakistan,1995,12.06000042
Pakistan,1997,14.05000019
Pakistan,1998,14.51000023
Pakistan,2000,13.97000027
Pakistan,2002,14.72000027
Pakistan,2004,16.95000076
Pakistan,2006,19.02000046
Pakistan,2007,19.42000008
Pakistan,2008,19.87000084
Pakistan,2009,20.96999931
Pakistan,2010,21.93000031
Pakistan,2011,22.22999954
Pakistan,2013,22.10000038
Pakistan,2014,22.75
Pakistan,2015,22.73999977
Pakistan,2018,20.86000061
Pakistan,2019,22.04999924
Palau,2000,47.25
Palau,2014,54.59000015
Palestine,2000,11.31000042
Palestine,2001,8.93999958
Palestine,2002,8.680000305
Palestine,2003,10.47999954
Palestine,2004,10.81000042
Palestine,2005,10.5
Palestine,2006,11.56999969
Palestine,2007,12.68999958
Palestine,2008,11.68000031
Palestine,2009,11.48999977
Palestine,2010,10.85000038
Palestine,2011,11.93999958
Palestine,2012,11.77999973
Palestine,2013,11.30000019
Palestine,2014,12.02999973
Palestine,2015,11.61999989
Palestine,2016,10.61999989
Palestine,2017,9.920000076
Palestine,2018,10.06999969
Palestine,2019,10.60999966
Palestine,2020,9.659999847
Panama,1979,30.17000008
Panama,1983,28.65999985
Panama,1984,29.25
Panama,1985,30.51000023
Panama,1986,29.70000076
Panama,1988,28.22999954
Panama,1989,29.71999931
Panama,1991,29.60000038
Panama,1992,31.29999924
Panama,1993,32.41999817
Panama,1994,32.99000168
Panama,1995,33.97999954
Panama,1997,35.31000137
Panama,1998,35.65999985
Panama,1999,35.90000153
Panama,2000,34.09999847
Panama,2001,34
Panama,2002,37.06000137
Panama,2003,37.63999939
Panama,2004,38.79000092
Panama,2005,40.65999985
Panama,2006,39.99000168
Panama,2007,41.90000153
Panama,2008,43.59999847
Panama,2009,43.99000168
Panama,2010,43.5
Panama,2011,43.52999878
Panama,2012,45.65000153
Panama,2013,46.79999924
Panama,2014,46.83000183
Panama,2015,47.61000061
Panama,2016,47.65999985
Panama,2017,47.20999908
Panama,2018,48.81999969
Panama,2019,50.18000031
Panama,2020,40.06000137
Panama,2021,41.75
Papua New Guinea,2010,47.06999969
Paraguay,1993,51.41999817
Paraguay,1994,52.33000183
Paraguay,1996,46.59999847
Paraguay,1998,45.68000031
Paraguay,1999,44.86999893
Paraguay,2001,48.77999878
Paraguay,2002,45.75999832
Paraguay,2003,47.43000031
Paraguay,2004,52.25999832
Paraguay,2005,52.27000046
Paraguay,2006,47.84000015
Paraguay,2007,50.68999863
Paraguay,2008,50.65999985
Paraguay,2009,51.52000046
Paraguay,2010,49.81999969
Paraguay,2011,51.20999908
Paraguay,2012,56.65000153
Paraguay,2013,55.02999878
Paraguay,2014,50.97999954
Paraguay,2015,52.40999985
Paraguay,2016,52.74000168
Paraguay,2017,53.77000046
Paraguay,2018,54.99000168
Paraguay,2019,55.34999847
Paraguay,2020,51.56999969
Peru,1990,42.29999924
Peru,1991,40.5
Peru,1992,38.29999924
Peru,1993,40.59999847
Peru,1994,41.09999847
Peru,1995,45.70000076
Peru,1997,50.50999832
Peru,1998,50.95999908
Peru,1999,53.95000076
Peru,2000,48.59999847
Peru,2001,50.79999924
Peru,2002,65.01000214
Peru,2003,59.29999924
Peru,2004,63.41999817
Peru,2005,61.06000137
Peru,2006,64.25
Peru,2007,66.87999725
Peru,2008,67.01999664
Peru,2009,67.56999969
Peru,2010,69
Peru,2011,68.45999908
Peru,2012,68.22000122
Peru,2013,67.37000275
Peru,2014,66.87999725
Peru,2015,65.33000183
Peru,2016,64.97000122
Peru,2017,66.62999725
Peru,2018,67.09999847
Peru,2019,67.37999725
Peru,2020,52.90000153
Philippines,1975,22.04000092
Philippines,1976,20.96999931
Philippines,1978,43.65999985
Philippines,1983,45.84999847
Philippines,1985,44.04999924
Philippines,1987,43.02999878
Philippines,1988,43.38000107
Philippines,1989,42.47999954
Philippines,1990,42.84999847
Philippines,1991,42.36999893
Philippines,1992,42.43999863
Philippines,1993,42.79999924
Philippines,1994,42.70000076
Philippines,1995,43.72000122
Philippines,1996,44.43999863
Philippines,1997,41.79999924
Philippines,1998,41.54999924
Philippines,1999,42.93999863
Philippines,2000,42.52000046
Philippines,2001,45.70000076
Philippines,2002,46.18999863
Philippines,2003,45.13000107
Philippines,2004,44.77999878
Philippines,2005,45.34999847
Philippines,2006,45.43000031
Philippines,2007,45.72000122
Philippines,2008,45.06999969
Philippines,2009,45.77999878
Philippines,2010,46.18999863
Philippines,2011,46.95999908
Philippines,2012,46.54999924
Philippines,2013,46.40000153
Philippines,2014,47.20999908
Philippines,2015,47.00999832
Philippines,2016,46.70000076
Philippines,2017,43.70000076
Philippines,2018,44.18000031
Philippines,2019,45.24000168
Philippines,2020,41.38000107
Poland,1992,53.13000107
Poland,1993,52.13000107
Poland,1994,51.86999893
Poland,1995,51.77999878
Poland,1996,51.81999969
Poland,1997,43.49000168
Poland,1998,43.86999893
Poland,1999,42.90000153
Poland,2000,40.93000031
Poland,2001,40.24000168
Poland,2002,38.88000107
Poland,2003,38.43999863
Poland,2004,38.00999832
Poland,2005,38.56000137
Poland,2006,39.65000153
Poland,2007,41.47999954
Poland,2008,42.90000153
Poland,2009,43.18000031
Poland,2010,42.81999969
Poland,2011,42.79000092
Poland,2012,42.88999939
Poland,2013,42.81000137
Poland,2014,43.84999847
Poland,2015,44.70000076
Poland,2016,45.33000183
Poland,2017,46.04999924
Poland,2018,46.59999847
Poland,2019,46.41999817
Poland,2020,46.31999969
Portugal,1978,39.34000015
Portugal,1979,40.83000183
Portugal,1980,40.49000168
Portugal,1981,41.84000015
Portugal,1982,41.56000137
Portugal,1984,44.09000015
Portugal,1985,41.45000076
Portugal,1986,40.22999954
Portugal,1987,41.84999847
Portugal,1988,42.70999908
Portugal,1989,43.70000076
Portugal,1990,44.43999863
Portugal,1991,47.09000015
Portugal,1992,47.09999847
Portugal,1993,46.38999939
Portugal,1994,45.72999954
Portugal,1995,45.63000107
Portugal,1996,45.16999817
Portugal,1997,45.72999954
Portugal,1998,48.95000076
Portugal,1999,49.65999985
Portugal,2000,50.24000168
Portugal,2001,50.79999924
Portugal,2002,51.20000076
Portugal,2003,50.79999924
Portugal,2004,50.40999985
Portugal,2005,50.52000046
Portugal,2006,50.59999847
Portugal,2007,50.65000153
Portugal,2008,50.95000076
Portugal,2009,50.04000092
Portugal,2010,49.24000168
Portugal,2011,47.50999832
Portugal,2012,46.22000122
Portugal,2013,45.27999878
Portugal,2014,46.11000061
Portugal,2015,46.90000153
Portugal,2016,47.52999878
Portugal,2017,49.02000046
Portugal,2018,50.43000031
Portugal,2019,50.86999893
Portugal,2020,49.83000183
Puerto Rico,2010,29.79999924
Puerto Rico,2011,29
Puerto Rico,2012,29.5
Puerto Rico,2015,28.86000061
Qatar,1997,33.63000107
Qatar,2004,39.02000046
Qatar,2007,48.04000092
Qatar,2009,48.18999863
Qatar,2010,50.79999924
Qatar,2011,50.38999939
Qatar,2012,50.91999817
Qatar,2013,52.31000137
Qatar,2014,54.31999969
Qatar,2015,59.66999817
Qatar,2016,60.45999908
Qatar,2017,57.63000107
Qatar,2018,57.63000107
Qatar,2019,57.38000107
Qatar,2020,56.61000061
Romania,1995,55.40000153
Romania,1997,56.18000031
Romania,1998,55.40000153
Romania,1999,55.45000076
Romania,2000,54.50999832
Romania,2001,53.68999863
Romania,2002,47.40000153
Romania,2003,45.93999863
Romania,2004,45.70999908
Romania,2005,43.86000061
Romania,2006,44.90999985
Romania,2007,44.88999939
Romania,2008,44.61999893
Romania,2009,43.90999985
Romania,2010,43.33000183
Romania,2011,43.11000061
Romania,2012,43.43000031
Romania,2013,43.08000183
Romania,2014,43.34000015
Romania,2015,42.58000183
Romania,2016,42.22000122
Romania,2017,44.02999878
Romania,2018,44.04000092
Romania,2019,44.02000046
Romania,2020,43.20999908
Russia,1992,60.75999832
Russia,1993,57.97999954
Russia,1994,54.36000061
Russia,1995,52.93999863
Russia,1996,51.90999985
Russia,1997,49.52000046
Russia,1998,47.91999817
Russia,1999,52.00999832
Russia,2000,53.81000137
Russia,2001,53.84999847
Russia,2002,55.50999832
Russia,2003,55.27000046
Russia,2004,56.25999832
Russia,2005,57.20000076
Russia,2006,57.81000137
Russia,2007,58.88999939
Russia,2008,58.52999878
Russia,2009,57.74000168
Russia,2010,58.00999832
Russia,2011,59.16999817
Russia,2012,60.06000137
Russia,2013,59.77999878
Russia,2014,60.29000092
Russia,2015,60.08000183
Russia,2016,60.41999817
Russia,2017,52.84000015
Russia,2018,53.18999863
Russia,2019,52.90999985
Russia,2020,52.06999969
Rwanda,1989,88.5
Rwanda,1996,92.83999634
Rwanda,2002,76.83000183
Rwanda,2014,82.68000031
Rwanda,2017,35.70999908
Rwanda,2018,36.65000153
Rwanda,2019,36.31000137
Rwanda,2020,38.25
Saint Kitts and Nevis,1980,39.99000168
Saint Kitts and Nevis,1991,54.33000183
Saint Kitts and Nevis,2001,61.66999817
Saint Lucia,1993,47.79999924
Saint Lucia,2000,65.80000305
Saint Lucia,2003,44.93999863
Saint Lucia,2004,46.29999924
Saint Lucia,2005,46.90000153
Saint Lucia,2006,48.20000076
Saint Lucia,2007,48.29999924
Saint Lucia,2008,44.68000031
Saint Lucia,2009,48.08000183
Saint Lucia,2011,49.31000137
Saint Lucia,2012,50.88000107
Saint Lucia,2013,48.24000168
Saint Lucia,2017,51.20999908
Saint Lucia,2018,51.18000031
Saint Lucia,2019,54.02000046
Samoa,1976,38.70000076
Samoa,2001,30.29000092
Samoa,2006,32.84000015
Samoa,2008,34.40000153
Samoa,2012,21.87999916
Samoa,2014,21.88999939
Samoa,2017,24.76000023
San Marino,1985,43.66999817
San Marino,1986,44.83000183
San Marino,1987,45.65000153
San Marino,1988,46.40999985
San Marino,1989,46.50999832
San Marino,1990,46.93999863
San Marino,1991,48.77999878
San Marino,1992,49.77999878
San Marino,1993,50.29999924
San Marino,1995,51.68000031
San Marino,1996,51.65000153
San Marino,1997,52.83000183
San Marino,1998,53.40000153
San Marino,2015,77.27999878
Sao Tome and Principe,1991,35.20999908
Sao Tome and Principe,2000,27.5
Sao Tome and Principe,2006,21.70999908
Saudi Arabia,1992,13.80000019
Saudi Arabia,1999,15.5
Saudi Arabia,2000,14.39999962
Saudi Arabia,2001,14.10000038
Saudi Arabia,2002,13.69999981
Saudi Arabia,2006,15.80000019
Saudi Arabia,2009,14.61999989
Saudi Arabia,2011,15.97000027
Saudi Arabia,2012,15.97000027
Saudi Arabia,2013,15.90999985
Saudi Arabia,2014,16
Saudi Arabia,2015,16.81999969
Saudi Arabia,2017,15.81000042
Saudi Arabia,2018,17.40999985
Saudi Arabia,2019,19.39999962
Saudi Arabia,2020,22.79000092
Senegal,1991,49.70000076
Senegal,2006,29.30999947
Senegal,2011,38.38000107
Senegal,2015,31.97999954
Senegal,2016,37.47000122
Senegal,2017,34.88999939
Senegal,2018,36.33000183
Senegal,2019,36.33000183
Serbia,2005,32.90999985
Serbia,2006,32.02000046
Serbia,2007,33.81000137
Serbia,2008,36.45999908
Serbia,2009,33.97999954
Serbia,2010,31.13999939
Serbia,2011,28.98999977
Serbia,2012,28.72999954
Serbia,2013,30.79999924
Serbia,2014,34.90000153
Serbia,2015,35.31000137
Serbia,2016,38.13000107
Serbia,2017,39.68000031
Serbia,2018,40.29000092
Serbia,2019,41.88000107
Serbia,2020,42.13000107
Seychelles,2011,59.13999939
Seychelles,2014,64.23999786
Seychelles,2015,64.01000214
Seychelles,2016,63.40999985
Seychelles,2017,64.37000275
Seychelles,2018,64.30000305
Seychelles,2019,61.61999893
Seychelles,2020,62
Sierra Leone,2003,62.29999924
Sierra Leone,2004,67.51000214
Sierra Leone,2014,54.15999985
Sierra Leone,2018,50.45000076
Singapore,1975,32.95999908
Singapore,1976,34.65000153
Singapore,1977,36.22999954
Singapore,1978,38.47999954
Singapore,1979,40.18000031
Singapore,1980,42.79999924
Singapore,1982,47.02000046
Singapore,1983,47.38999939
Singapore,1984,48.13999939
Singapore,1985,46.02000046
Singapore,1986,45.54999924
Singapore,1987,47.84999847
Singapore,1988,50.04999924
Singapore,1989,51.88000107
Singapore,1991,37.09000015
Singapore,1992,41.27999878
Singapore,1993,40.06000137
Singapore,1994,40.40999985
Singapore,1995,38.75999832
Singapore,1996,39.65000153
Singapore,1997,39.02999878
Singapore,1998,37.65999985
Singapore,1999,48.09999847
Singapore,2001,49.59999847
Singapore,2002,47.70000076
Singapore,2003,47.70000076
Singapore,2004,48.09999847
Singapore,2006,51.58000183
Singapore,2007,50.75999832
Singapore,2008,53.15999985
Singapore,2009,51.56999969
Singapore,2010,53.97000122
Singapore,2011,54.50999832
Singapore,2012,55.27000046
Singapore,2013,55.54999924
Singapore,2014,56.22999954
Singapore,2015,58.04000092
Singapore,2016,57.68000031
Singapore,2017,57.20999908
Singapore,2018,57.75999832
Singapore,2019,58.31999969
Singapore,2020,57.72999954
Slovakia,1994,44.11999893
Slovakia,1995,44.40000153
Slovakia,1996,45.65000153
Slovakia,1997,45.11999893
Slovakia,1998,44.75
Slovakia,1999,43.43999863
Slovakia,2000,42.56000137
Slovakia,2001,43.08000183
Slovakia,2002,42.54999924
Slovakia,2003,43.56000137
Slovakia,2004,42.25999832
Slovakia,2005,42.47000122
Slovakia,2006,43.25
Slovakia,2007,44.18999863
Slovakia,2008,45.43000031
Slovakia,2009,43.84999847
Slovakia,2010,43.38999939
Slovakia,2011,43.29999924
Slovakia,2012,43.31999969
Slovakia,2013,43.61999893
Slovakia,2014,44.11000061
Slovakia,2015,45.25999832
Slovakia,2016,46.90000153
Slovakia,2017,48.25
Slovakia,2018,48.59999847
Slovakia,2019,49.18000031
Slovakia,2020,48.25
Slovenia,1993,46.90999985
Slovenia,1994,47.04000092
Slovenia,1995,48.45999908
Slovenia,1996,47.81999969
Slovenia,1997,48.72000122
Slovenia,1998,49.38999939
Slovenia,1999,47.61000061
Slovenia,2000,47.77999878
Slovenia,2001,48.04999924
Slovenia,2002,48.65000153
Slovenia,2003,46.65999985
Slovenia,2004,49.43999863
Slovenia,2005,49.18000031
Slovenia,2006,49.43999863
Slovenia,2007,50.22000122
Slovenia,2008,50.95999908
Slovenia,2009,50.5
Slovenia,2010,49.52000046
Slovenia,2011,48.04999924
Slovenia,2012,47.34000015
Slovenia,2013,45.97000122
Slovenia,2014,46.72000122
Slovenia,2015,46.68000031
Slovenia,2016,47.54000092
Slovenia,2017,49.77999878
Slovenia,2018,50.68999863
Slovenia,2019,50.59999847
Slovenia,2020,50.18000031
Solomon Islands,2009,60.97999954
Solomon Islands,2013,83.30000305
Somalia,2019,14.72999954
South Africa,1994,29.70000076
South Africa,1995,30.10000038
South Africa,1996,27.29999924
South Africa,1997,22.39999962
South Africa,1998,25.70000076
South Africa,1999,29.79999924
South Africa,2000,27.42000008
South Africa,2001,26.85000038
South Africa,2002,23.93000031
South Africa,2003,24.21999931
South Africa,2004,24.18000031
South Africa,2005,25.31999969
South Africa,2006,25.96999931
South Africa,2007,27.06999969
South Africa,2008,35.59999847
South Africa,2009,34.43999863
South Africa,2010,32.59000015
South Africa,2011,32.79000092
South Africa,2012,32.97999954
South Africa,2013,33.91999817
South Africa,2014,33.86000061
South Africa,2015,34.52999878
South Africa,2016,33.84000015
South Africa,2017,34.33000183
South Africa,2018,34.36000061
South Africa,2019,33.70000076
South Africa,2020,30.39999962
South Asia,1994,28.60622025
South Asia,2000,30.68541718
South Asia,2005,31.20782089
South Asia,2010,25.87722397
South Asia,2012,22.52500916
South Asia,2018,20.04715538
South Asia,2019,20.83022499
South Asia,2020,24.79220963
South Korea,1977,26.23999977
South Korea,1978,27.76000023
South Korea,1979,27.98999977
South Korea,1980,41.25
South Korea,1981,41.25999832
South Korea,1982,42.31000137
South Korea,1983,41.86999893
South Korea,1984,39.77000046
South Korea,1985,40.93000031
South Korea,1986,42.20000076
South Korea,1987,44.13000107
South Korea,1988,44.22999954
South Korea,1989,45.70000076
South Korea,1990,46.13999939
South Korea,1991,46.18999863
South Korea,1992,46.11000061
South Korea,1993,46.02000046
South Korea,1994,46.90000153
South Korea,1995,47.56000137
South Korea,1996,48.09000015
South Korea,1997,48.59999847
South Korea,1998,44.38999939
South Korea,1999,45.18999863
South Korea,2000,47.77999878
South Korea,2001,48.50999832
South Korea,2002,49.16999817
South Korea,2003,48.00999832
South Korea,2004,49.16999817
South Korea,2005,49.24000168
South Korea,2006,49.65999985
South Korea,2007,49.72000122
South Korea,2008,49.43000031
South Korea,2009,48.49000168
South Korea,2010,48.61999893
South Korea,2011,48.90000153
South Korea,2012,49.15999985
South Korea,2013,49.52000046
South Korea,2014,50.40999985
South Korea,2015,50.61999893
South Korea,2016,50.79000092
South Korea,2017,51.31000137
South Korea,2018,51.31000137
South Korea,2019,51.91999817
South Korea,2020,51.06000137
South Sudan,2008,62.11000061
Spain,1986,20.75
Spain,1987,21.82999992
Spain,1988,22.85000038
Spain,1989,23.93000031
Spain,1990,24.75
Spain,1991,25.03000069
Spain,1992,25.87000084
Spain,1993,25.03000069
Spain,1994,24.86000061
Spain,1995,25.56999969
Spain,1996,26.29999924
Spain,1997,27.42000008
Spain,1998,28.20000076
Spain,1999,30.20000076
Spain,2000,32.43000031
Spain,2001,33.61000061
Spain,2002,35.36999893
Spain,2003,36.77999878
Spain,2004,38.24000168
Spain,2005,40.91999817
Spain,2006,42.47000122
Spain,2007,43.72000122
Spain,2008,43.88999939
Spain,2009,42.11999893
Spain,2010,41.61000061
Spain,2011,41.29999924
Spain,2012,40.06000137
Spain,2013,39.15000153
Spain,2014,39.61000061
Spain,2015,40.61000061
Spain,2016,41.70000076
Spain,2017,42.61000061
Spain,2018,43.5
Spain,2019,44.25999832
Spain,2020,42.61999893
Sri Lanka,1981,15.59000015
Sri Lanka,1985,30.22999954
Sri Lanka,1994,29.30999947
Sri Lanka,1995,29.15999985
Sri Lanka,1996,29.78000069
Sri Lanka,1997,30.63999939
Sri Lanka,1998,35.54999924
Sri Lanka,1999,33.59999847
Sri Lanka,2001,28.20000076
Sri Lanka,2002,29.20000076
Sri Lanka,2005,27.20000076
Sri Lanka,2009,32.16999817
Sri Lanka,2010,31.78000069
Sri Lanka,2011,31.82999992
Sri Lanka,2012,30.88999939
Sri Lanka,2013,33.08000183
Sri Lanka,2014,32.36999893
Sri Lanka,2015,33.15000153
Sri Lanka,2016,33.36999893
Sri Lanka,2017,34.25
Sri Lanka,2018,31.18000031
Sri Lanka,2019,31.89999962
Sudan,2008,25.29999924
Sudan,2011,19.62000084
Suriname,1990,34.49000168
Suriname,1992,29.65999985
Suriname,1993,30.96999931
Suriname,1995,29.04000092
Suriname,1999,26.25
Suriname,2009,42.86000061
Suriname,2010,41.66999817
Suriname,2011,43.22000122
Suriname,2012,43.77999878
Suriname,2013,43.02999878
Suriname,2014,44.47000122
Suriname,2015,42.18999863
Suriname,2016,40.29999924
Sweden,1990,69.93000031
Sweden,1991,68.61000061
Sweden,1992,66.08999634
Sweden,1993,62.5
Sweden,1994,61.33000183
Sweden,1995,60.97000122
Sweden,1996,52.45000076
Sweden,1997,50.99000168
Sweden,1998,50.58000183
Sweden,1999,52.54999924
Sweden,2000,53.63999939
Sweden,2001,56.04000092
Sweden,2002,56.00999832
Sweden,2003,55.95999908
Sweden,2004,54.93999863
Sweden,2005,54.43999863
Sweden,2006,54.93999863
Sweden,2007,55.83000183
Sweden,2008,55.88000107
Sweden,2009,54.63000107
Sweden,2010,61.38999939
Sweden,2011,62.59999847
Sweden,2012,63
Sweden,2013,63.27000046
Sweden,2014,63.79999924
Sweden,2015,64.44000244
Sweden,2016,65.08000183
Sweden,2017,65.69999695
Sweden,2018,66.23000336
Sweden,2019,66.09999847
Sweden,2020,64.55999756
Switzerland,1978,33.68999863
Switzerland,1979,34.33000183
Switzerland,1980,35.31999969
Switzerland,1985,37.22000122
Switzerland,1986,38.04000092
Switzerland,1988,40.45999908
Switzerland,1989,41.75999832
Switzerland,1990,43.31000137
Switzerland,1991,55.38000107
Switzerland,1992,55.11000061
Switzerland,1993,54.34000015
Switzerland,1994,53.74000168
Switzerland,1995,53.65999985
Switzerland,1996,54.70000076
Switzerland,1997,54.68000031
Switzerland,1998,55.77000046
Switzerland,1999,56.11000061
Switzerland,2000,55.83000183
Switzerland,2001,56.79000092
Switzerland,2002,57.47000122
Switzerland,2003,56.79000092
Switzerland,2004,56.29999924
Switzerland,2005,56.31999969
Switzerland,2006,56.95000076
Switzerland,2007,57.22999954
Switzerland,2008,58.86000061
Switzerland,2009,58.77999878
Switzerland,2010,56.86000061
Switzerland,2011,57.63000107
Switzerland,2012,57.95999908
Switzerland,2013,58.13999939
Switzerland,2014,58.81999969
Switzerland,2015,59.22000122
Switzerland,2016,59.68999863
Switzerland,2017,59.43999863
Switzerland,2018,59.70000076
Switzerland,2019,60.02000046
Switzerland,2020,59.38999939
Syria,1993,19.5
Syria,1995,23
Syria,1997,14.60000038
Syria,1999,18.5
Syria,2000,20.79999924
Syria,2001,16.51000023
Syria,2002,17.79999924
Syria,2003,14.89999962
Syria,2006,11.39999962
Syria,2007,10.46000004
Syria,2008,11.15999985
Syria,2009,10.10999966
Syria,2010,10.10000038
Tajikistan,2003,43.24000168
Tajikistan,2004,47.79000092
Tajikistan,2009,27.95000076
Tajikistan,2016,30.86000061
Tanzania,2001,81.90000153
Tanzania,2006,83.30000305
Tanzania,2011,77.41000366
Tanzania,2012,79.83000183
Tanzania,2013,71.16000366
Tanzania,2014,77.97000122
Thailand,1976,58.43000031
Thailand,1978,67.02999878
Thailand,1979,64.23000336
Thailand,1980,79.98000336
Thailand,1982,66.69000244
Thailand,1984,67.38999939
Thailand,1987,72.87000275
Thailand,1988,76.56999969
Thailand,1989,77.73000336
Thailand,1990,76.11000061
Thailand,1994,70.36000061
Thailand,1996,66.01999664
Thailand,1997,66.98000336
Thailand,2009,63.43000031
Thailand,2010,63.27999878
Thailand,2011,65.36000061
Thailand,2012,64.87999725
Thailand,2013,61.91999817
Thailand,2014,61.18000031
Thailand,2015,60.72999954
Thailand,2016,59.75
Thailand,2017,58.88999939
Thailand,2018,59.20999908
Thailand,2019,58.56999969
Thailand,2020,58.54000092
Timor,2001,32.09999847
Timor,2010,25.65999985
Timor,2013,19.05999947
Timor,2016,57.52999878
Togo,2006,77.69999695
Togo,2011,75.12999725
Togo,2015,60.18999863
Togo,2017,54.34000015
Tonga,1984,18.57999992
Tonga,2003,31.67000008
Tonga,2018,36.97000122
Trinidad and Tobago,1971,17.12999916
Trinidad and Tobago,1974,17.71999931
Trinidad and Tobago,1978,19.88999939
Trinidad and Tobago,1979,30.59000015
Trinidad and Tobago,1981,32.47000122
Trinidad and Tobago,1983,32.40000153
Trinidad and Tobago,1985,33.15999985
Trinidad and Tobago,1986,31.57999992
Trinidad and Tobago,1987,29.62999916
Trinidad and Tobago,1988,32.25999832
Trinidad and Tobago,1989,31.07999992
Trinidad and Tobago,1990,28.68000031
Trinidad and Tobago,1991,34.52000046
Trinidad and Tobago,1993,33.27000046
Trinidad and Tobago,1995,35.68999863
Trinidad and Tobago,1996,36.95999908
Trinidad and Tobago,1998,38.11000061
Trinidad and Tobago,1999,38.79999924
Trinidad and Tobago,2000,39.84999847
Trinidad and Tobago,2002,40.58000183
Trinidad and Tobago,2005,46.65000153
Trinidad and Tobago,2006,48.52000046
Trinidad and Tobago,2007,47.63000107
Trinidad and Tobago,2008,49.63000107
Trinidad and Tobago,2009,47.88999939
Trinidad and Tobago,2010,47.34000015
Trinidad and Tobago,2011,46.31000137
Trinidad and Tobago,2012,48.47000122
Trinidad and Tobago,2013,48.79000092
Trinidad and Tobago,2014,49.72000122
Trinidad and Tobago,2015,47.90999985
Trinidad and Tobago,2016,48.02999878
Tunisia,1989,15.86999989
Tunisia,1994,18.73999977
Tunisia,2005,20.04000092
Tunisia,2006,20.70000076
Tunisia,2007,20.78000069
Tunisia,2008,20.79000092
Tunisia,2009,20.13999939
Tunisia,2010,20.13999939
Tunisia,2011,18.06999969
Tunisia,2012,19.17000008
Tunisia,2013,19.69000053
Tunisia,2015,20.25
Tunisia,2016,20.36000061
Tunisia,2017,20.48999977
Turkey,1988,32.97999954
Turkey,1989,34.40999985
Turkey,1990,31.25
Turkey,1991,31.70000076
Turkey,1992,30.20000076
Turkey,1993,24.29000092
Turkey,1994,28.77000046
Turkey,1995,28.67000008
Turkey,1996,28.73999977
Turkey,1997,26.57999992
Turkey,1998,27.28000069
Turkey,1999,27.73999977
Turkey,2000,24.89999962
Turkey,2001,25.11000061
Turkey,2002,25.27000046
Turkey,2003,23.89999962
Turkey,2004,20.77000046
Turkey,2005,20.69000053
Turkey,2006,20.96999931
Turkey,2007,21.02000046
Turkey,2008,21.62000084
Turkey,2009,22.29999924
Turkey,2010,24.03000069
Turkey,2011,25.54999924
Turkey,2012,26.31999969
Turkey,2013,27.10000038
Turkey,2014,26.65999985
Turkey,2015,27.45000076
Turkey,2016,28
Turkey,2017,28.87000084
Turkey,2018,29.43000031
Turkey,2019,28.68000031
Turkey,2020,26.26000023
Tuvalu,2002,42.79000092
Tuvalu,2016,32.11999893
Uganda,1991,74.01999664
Uganda,1997,60.90000153
Uganda,2003,35.70999908
Uganda,2005,79
Uganda,2009,75.40000153
Uganda,2012,62.90000153
Uganda,2017,36.5
Ukraine,2004,52.86999893
Ukraine,2005,53.13999939
Ukraine,2006,53.02000046
Ukraine,2007,53.68999863
Ukraine,2008,54.04000092
Ukraine,2009,53.86999893
Ukraine,2014,51.90000153
Ukraine,2015,51.65999985
Ukraine,2016,51.59000015
Ukraine,2017,51.36000061
Ukraine,2018,52.52999878
Ukraine,2019,45.38000107
Ukraine,2020,43.75999832
United Arab Emirates,1975,9.729999542
United Arab Emirates,1980,15.31000042
United Arab Emirates,1995,30.60000038
United Arab Emirates,2005,35.13000107
United Arab Emirates,2008,36.81000137
United Arab Emirates,2009,37.52000046
United Arab Emirates,2017,49.04999924
United Arab Emirates,2018,49.61000061
United Arab Emirates,2019,54.54000092
United Arab Emirates,2020,58.29000092
United Kingdom,1978,34.11000061
United Kingdom,1979,35.06999969
United Kingdom,1980,35.09000015
United Kingdom,1983,41.20000076
United Kingdom,1984,42.43000031
United Kingdom,1985,43.34999847
United Kingdom,1986,43.81000137
United Kingdom,1987,44.75999832
United Kingdom,1988,46.25999832
United Kingdom,1989,48.38000107
United Kingdom,1990,48.97999954
United Kingdom,1991,48.40000153
United Kingdom,1992,48.50999832
United Kingdom,1993,48.40999985
United Kingdom,1994,48.63000107
United Kingdom,1995,48.84000015
United Kingdom,1996,49.54999924
United Kingdom,1997,50.20999908
United Kingdom,1998,50.47000122
United Kingdom,1999,51.02000046
United Kingdom,2000,51.56000137
United Kingdom,2001,51.86000061
United Kingdom,2002,52.25999832
United Kingdom,2003,52.34000015
United Kingdom,2004,52.63000107
United Kingdom,2005,53.02000046
United Kingdom,2006,53.13000107
United Kingdom,2007,52.91999817
United Kingdom,2008,53.11999893
United Kingdom,2009,52.54000092
United Kingdom,2010,52.20999908
United Kingdom,2011,52.08000183
United Kingdom,2012,52.24000168
United Kingdom,2013,52.77000046
United Kingdom,2014,53.70999908
United Kingdom,2015,54.27000046
United Kingdom,2016,54.79999924
United Kingdom,2017,55.34999847
United Kingdom,2018,55.74000168
United Kingdom,2019,56.38999939
United States,1960,35.5
United States,1961,35.40000153
United States,1962,35.59999847
United States,1963,35.79999924
United States,1964,36.29999924
United States,1965,37.09999847
United States,1966,38.29999924
United States,1967,39
United States,1968,39.59999847
United States,1969,40.70000076
United States,1970,40.79999924
United States,1971,40.40000153
United States,1972,41
United States,1973,42
United States,1974,42.59999847
United States,1975,42
United States,1976,43.20000076
United States,1977,44.5
United States,1978,46.40000153
United States,1979,47.5
United States,1980,47.70000076
United States,1981,48
United States,1982,47.70000076
United States,1983,48
United States,1984,49.5
United States,1985,50.40000153
United States,1986,51.40000153
United States,1987,52.5
United States,1988,53.40000153
United States,1989,54.29999924
United States,1990,54.29999924
United States,1991,53.70000076
United States,1992,53.79999924
United States,1993,54.09999847
United States,1994,55.29999924
United States,1995,55.70000076
United States,1996,56.09999847
United States,1997,56.86000061
United States,1998,57.08000183
United States,1999,57.43000031
United States,2000,57.47999954
United States,2001,57
United States,2002,56.27999878
United States,2003,56.13000107
United States,2004,55.97000122
United States,2005,56.24000168
United States,2006,56.61999893
United States,2007,56.63999939
United States,2008,56.25
United States,2009,54.41999817
United States,2010,53.56999969
United States,2011,53.18999863
United States,2012,53.13000107
United States,2013,53.15999985
United States,2014,53.52000046
United States,2015,53.74000168
United States,2016,54.08000183
United States,2017,54.58000183
United States,2018,54.88999939
United States,2019,55.36000061
United States,2020,51.50999832
United States,2021,53.16999817
Uruguay,1998,43.56999969
Uruguay,1999,42.18000031
Uruguay,2000,41.56000137
Uruguay,2001,41.50999832
Uruguay,2002,39.56000137
Uruguay,2003,39.43000031
Uruguay,2004,41.27999878
Uruguay,2005,42.65000153
Uruguay,2006,44.59000015
Uruguay,2007,46.99000168
Uruguay,2008,48.81999969
Uruguay,2009,49.65000153
Uruguay,2010,49.90999985
Uruguay,2011,52.31000137
Uruguay,2012,51.95000076
Uruguay,2013,50.88000107
Uruguay,2014,52.18000031
Uruguay,2015,51.33000183
Uruguay,2016,51.02999878
Uruguay,2017,50.75999832
Uruguay,2018,50.31999969
Uruguay,2019,49.91999817
Uruguay,2020,47.29999924
Uzbekistan,2002,32.74000168
Uzbekistan,2003,33.22000122
Uzbekistan,2004,37.20000076
Uzbekistan,2005,37.52000046
Uzbekistan,2006,38.11999893
Uzbekistan,2007,37.63999939
Uzbekistan,2009,63.50999832
Uzbekistan,2010,62.40999985
Uzbekistan,2011,61.74000168
Uzbekistan,2012,62.20000076
Uzbekistan,2013,63.18000031
Uzbekistan,2014,63.79999924
Uzbekistan,2015,64.51000214
Uzbekistan,2016,65.16999817
Uzbekistan,2017,65.95999908
Uzbekistan,2019,58.93000031
Uzbekistan,2020,70.26000214
Vanuatu,2006,66.29000092
Vanuatu,2009,57.09000015
Vanuatu,2010,57.18000031
Vanuatu,2019,41.93000031
Venezuela,1984,27.04000092
Venezuela,1985,27.30999947
Venezuela,1986,27.57999992
Venezuela,1987,28.79999924
Venezuela,1988,29.38999939
Venezuela,1989,31.62999916
Venezuela,1994,33.72999954
Venezuela,1996,36.29999924
Venezuela,1998,41.5
Venezuela,2002,44.43000031
Venezuela,2005,43.58000183
Venezuela,2006,45.22000122
Venezuela,2007,45.81999969
Venezuela,2008,46.54000092
Venezuela,2009,46.91999817
Venezuela,2010,46.04999924
Venezuela,2011,45.95999908
Venezuela,2012,45.86999893
Venezuela,2016,45.15999985
Venezuela,2017,50.50999832
Vietnam,1996,71.30000305
Vietnam,1997,69
Vietnam,1998,68.80000305
Vietnam,1999,68.69999695
Vietnam,2000,67.40000153
Vietnam,2001,67.30000305
Vietnam,2002,67.40000153
Vietnam,2003,66.69999695
Vietnam,2004,65.94999695
Vietnam,2007,69.16999817
Vietnam,2009,70.37000275
Vietnam,2010,70.80000305
Vietnam,2011,70.93000031
Vietnam,2012,71.08000183
Vietnam,2013,71.81999969
Vietnam,2014,71.88999939
Vietnam,2015,71.26000214
Vietnam,2016,70.73000336
Vietnam,2017,70.23000336
Vietnam,2018,69.72000122
Vietnam,2019,62.50999832
Vietnam,2020,60.43000031
Yemen,1999,20
Yemen,2004,5.800000191
Yemen,2005,5.800000191
Yemen,2006,6.099999905
Yemen,2007,6.099999905
Yemen,2008,6
Yemen,2009,5.940000057
Yemen,2010,4.510000229
Yemen,2014,4.460000038
Zambia,1986,53.5
Zambia,1991,41.90000153
Zambia,1998,50
Zambia,2017,22.56999969
Zambia,2018,21.44000053
Zambia,2019,23.17000008
Zimbabwe,1987,60.99000168
Zimbabwe,1997,64.19999695
Zimbabwe,1999,61.50999832
Zimbabwe,2004,73.94999695
Zimbabwe,2011,72.83000183
Zimbabwe,2012,52.34999847
Zimbabwe,2014,76.09999847
Zimbabwe,2019,28.42000008
