Entity,Year,Research and development expenditure (% of GDP)
Albania,2007,0.087569997
Albania,2008,0.154119998
Algeria,2001,0.230279997
Algeria,2002,0.36638999
Algeria,2003,0.196219996
Algeria,2004,0.163570002
Algeria,2005,0.066040002
Algeria,2017,0.542970002
American Samoa,2003,0.186800003
American Samoa,2004,0.32337001
American Samoa,2005,0.36473
American Samoa,2006,0.393130004
Angola,2016,0.03229
Argentina,1996,0.417490005
Argentina,1997,0.419589996
Argentina,1998,0.411309987
Argentina,1999,0.453370005
Argentina,2000,0.438840002
Argentina,2001,0.424609989
Argentina,2002,0.388859987
Argentina,2003,0.410129994
Argentina,2004,0.403759986
Argentina,2005,0.420740008
Argentina,2006,0.452160001
Argentina,2007,0.460070014
Argentina,2008,0.470550001
Argentina,2009,0.583980024
Argentina,2010,0.561039984
Argentina,2011,0.565970004
Argentina,2012,0.634909987
Argentina,2013,0.618489981
Argentina,2014,0.593959987
Argentina,2015,0.622619987
Argentina,2016,0.558149993
Argentina,2017,0.557120025
Argentina,2018,0.493600011
Armenia,1997,0.186920002
Armenia,1998,0.226009995
Armenia,1999,0.214000002
Armenia,2000,0.191060007
Armenia,2001,0.279870003
Armenia,2002,0.252550006
Armenia,2003,0.321090013
Armenia,2004,0.256590009
Armenia,2005,0.257609993
Armenia,2006,0.240569994
Armenia,2007,0.211070001
Armenia,2008,0.224380001
Armenia,2009,0.290930003
Armenia,2010,0.241390005
Armenia,2011,0.270139992
Armenia,2012,0.238529995
Armenia,2013,0.222159997
Armenia,2014,0.241510004
Armenia,2015,0.250019997
Armenia,2016,0.233050004
Armenia,2017,0.227880001
Armenia,2018,0.188759997
Australia,1996,1.666499972
Australia,1998,1.516450047
Australia,2000,1.575580001
Australia,2002,1.751610041
Australia,2004,1.854560018
Australia,2006,2.185519934
Australia,2008,2.403700113
Australia,2010,2.375859976
Australia,2011,2.237649918
Australia,2013,2.17869997
Australia,2015,1.919180036
Australia,2017,1.874660015
Austria,1996,1.580770016
Austria,1997,1.654909968
Austria,1998,1.731549978
Austria,1999,1.845370054
Austria,2000,1.886019945
Austria,2001,1.9921
Austria,2002,2.065979958
Austria,2003,2.17456007
Austria,2004,2.166120052
Austria,2005,2.373239994
Austria,2006,2.359230042
Austria,2007,2.41843009
Austria,2008,2.569449902
Austria,2009,2.596740007
Austria,2010,2.726099968
Austria,2011,2.668679953
Austria,2012,2.914720058
Austria,2013,2.954920053
Austria,2014,3.084290028
Austria,2015,3.049690008
Austria,2016,3.116590023
Austria,2017,3.04885006
Austria,2018,3.174910069
Austria,2019,3.210500002
Azerbaijan,1996,0.235330001
Azerbaijan,1997,0.369500011
Azerbaijan,1998,0.421249986
Azerbaijan,1999,0.392890006
Azerbaijan,2000,0.335999995
Azerbaijan,2001,0.340009987
Azerbaijan,2002,0.301550001
Azerbaijan,2003,0.324959993
Azerbaijan,2004,0.298310012
Azerbaijan,2005,0.219940007
Azerbaijan,2006,0.171650007
Azerbaijan,2007,0.170059994
Azerbaijan,2008,0.165539995
Azerbaijan,2009,0.249760002
Azerbaijan,2010,0.218480006
Azerbaijan,2011,0.210840002
Azerbaijan,2012,0.214269996
Azerbaijan,2013,0.209690005
Azerbaijan,2014,0.209779993
Azerbaijan,2015,0.222320005
Azerbaijan,2016,0.206369996
Azerbaijan,2017,0.18468
Azerbaijan,2018,0.184159994
Bahrain,2014,0.101159997
Belarus,1996,0.998520017
Belarus,1997,0.730000019
Belarus,1998,0.705780029
Belarus,1999,0.845229983
Belarus,2000,0.722100019
Belarus,2001,0.708760023
Belarus,2002,0.620899975
Belarus,2003,0.611469984
Belarus,2004,0.627590001
Belarus,2005,0.678520024
Belarus,2006,0.660650015
Belarus,2007,0.962029994
Belarus,2008,0.741469979
Belarus,2009,0.621670008
Belarus,2010,0.669130027
Belarus,2011,0.677600026
Belarus,2012,0.646030009
Belarus,2013,0.651910007
Belarus,2014,0.505479991
Belarus,2015,0.499989986
Belarus,2016,0.500630021
Belarus,2017,0.584110022
Belarus,2018,0.60443002
Belgium,1996,1.742990017
Belgium,1997,1.809710026
Belgium,1998,1.838250041
Belgium,1999,1.90565002
Belgium,2000,1.936190009
Belgium,2001,2.032789946
Belgium,2002,1.903249979
Belgium,2003,1.841189981
Belgium,2004,1.820500016
Belgium,2005,1.790609956
Belgium,2006,1.82269001
Belgium,2007,1.84999001
Belgium,2008,1.936840057
Belgium,2009,1.998600006
Belgium,2010,2.061880112
Belgium,2011,2.173320055
Belgium,2012,2.281140089
Belgium,2013,2.330729961
Belgium,2014,2.370019913
Belgium,2015,2.428169966
Belgium,2016,2.522520065
Belgium,2017,2.661240101
Belgium,2018,2.765779972
Bermuda,1997,0.058850002
Bermuda,2007,0.183970004
Bermuda,2008,0.192469999
Bermuda,2009,0.209030002
Bermuda,2010,0.208460003
Bermuda,2011,0.297899991
Bermuda,2012,0.268999994
Bermuda,2013,0.227709994
Bermuda,2014,0.215859994
Bermuda,2015,0.220359996
Bermuda,2018,0.259979993
Bolivia,1996,0.32543999
Bolivia,1997,0.31577
Bolivia,1998,0.294950008
Bolivia,1999,0.29835999
Bolivia,2000,0.287440002
Bolivia,2001,0.293579996
Bolivia,2002,0.276630014
Bolivia,2009,0.157000005
Bosnia and Herzegovina,2003,0.018540001
Bosnia and Herzegovina,2004,0.01524
Bosnia and Herzegovina,2005,0.026969999
Bosnia and Herzegovina,2006,0.01969
Bosnia and Herzegovina,2007,0.025210001
Bosnia and Herzegovina,2008,0.01842
Bosnia and Herzegovina,2009,0.021059999
Bosnia and Herzegovina,2012,0.265329987
Bosnia and Herzegovina,2013,0.321319997
Bosnia and Herzegovina,2014,0.257250011
Bosnia and Herzegovina,2015,0.218600005
Bosnia and Herzegovina,2016,0.215939999
Bosnia and Herzegovina,2017,0.200479999
Bosnia and Herzegovina,2018,0.194849998
Botswana,2005,0.532859981
Botswana,2012,0.2588
Botswana,2013,0.537280023
Brazil,2000,1.047510028
Brazil,2001,1.061980009
Brazil,2002,1.009680033
Brazil,2003,0.999390006
Brazil,2004,0.963429987
Brazil,2005,1.002460003
Brazil,2006,0.988070011
Brazil,2007,1.08138001
Brazil,2008,1.129040003
Brazil,2009,1.118659973
Brazil,2010,1.159919977
Brazil,2011,1.139660001
Brazil,2012,1.126839995
Brazil,2013,1.195670009
Brazil,2014,1.271309972
Brazil,2015,1.342640042
Brazil,2016,1.263429999
Brazil,2017,1.093919992
Brazil,2018,1.160380006
Brunei,2002,0.01592
Brunei,2003,0.01842
Brunei,2004,0.037009999
Brunei,2018,0.277630001
Bulgaria,1996,0.418260008
Bulgaria,1997,0.46548
Bulgaria,1998,0.482230008
Bulgaria,1999,0.536880016
Bulgaria,2000,0.495169997
Bulgaria,2001,0.44709
Bulgaria,2002,0.464729995
Bulgaria,2003,0.472220004
Bulgaria,2004,0.470860004
Bulgaria,2005,0.442690015
Bulgaria,2006,0.44216001
Bulgaria,2007,0.430299997
Bulgaria,2008,0.447659999
Bulgaria,2009,0.493609995
Bulgaria,2010,0.566630006
Bulgaria,2011,0.53241998
Bulgaria,2012,0.603550017
Bulgaria,2013,0.636820018
Bulgaria,2014,0.792810023
Bulgaria,2015,0.952009976
Bulgaria,2016,0.772170007
Bulgaria,2017,0.74308002
Bulgaria,2018,0.755649984
Burkina Faso,1996,0.158340007
Burkina Faso,1997,0.181040004
Burkina Faso,2001,0.168160006
Burkina Faso,2002,0.301109999
Burkina Faso,2003,0.241119996
Burkina Faso,2004,0.21514
Burkina Faso,2005,0.151659995
Burkina Faso,2007,0.098360002
Burkina Faso,2008,0.165680006
Burkina Faso,2009,0.177870005
Burkina Faso,2014,0.197190002
Burkina Faso,2017,0.610889971
Burundi,2007,0.200680003
Burundi,2008,0.154170007
Burundi,2009,0.140959993
Burundi,2010,0.137189999
Burundi,2012,0.107019998
Burundi,2018,0.213119999
Cambodia,2002,0.049800001
Cambodia,2015,0.11823
Canada,1996,1.612089992
Canada,1997,1.619210005
Canada,1998,1.716429949
Canada,1999,1.755869985
Canada,2000,1.864689946
Canada,2001,2.028310061
Canada,2002,1.978729963
Canada,2003,1.974779963
Canada,2004,2.004159927
Canada,2005,1.977589965
Canada,2006,1.948719978
Canada,2007,1.908570051
Canada,2008,1.860399961
Canada,2009,1.92227006
Canada,2010,1.829579949
Canada,2011,1.791319966
Canada,2012,1.772320032
Canada,2013,1.70539999
Canada,2014,1.714169979
Canada,2015,1.693240047
Canada,2016,1.728729963
Canada,2017,1.668859959
Canada,2018,1.562870026
Canada,2019,1.542659998
Cape Verde,2011,0.072640002
Chad,2016,0.300500005
Chile,2007,0.309570014
Chile,2008,0.374969989
Chile,2009,0.352019995
Chile,2010,0.329470009
Chile,2011,0.351440012
Chile,2012,0.362199992
Chile,2013,0.388700008
Chile,2014,0.375030011
Chile,2015,0.380730003
Chile,2016,0.369340003
Chile,2017,0.356079996
China,1996,0.563239992
China,1997,0.63872999
China,1998,0.646889985
China,1999,0.749629974
China,2000,0.893159986
China,2001,0.940330029
China,2002,1.057860017
China,2003,1.12037003
China,2004,1.214980006
China,2005,1.307919979
China,2006,1.368540049
China,2007,1.373690009
China,2008,1.445919991
China,2009,1.664800048
China,2010,1.713719964
China,2011,1.780339956
China,2012,1.912140012
China,2013,1.997859955
China,2014,2.022429943
China,2015,2.057009935
China,2016,2.100330114
China,2017,2.116029978
China,2018,2.140579939
Colombia,1996,0.299230009
Colombia,1997,0.273660004
Colombia,2000,0.129989997
Colombia,2001,0.131830007
Colombia,2002,0.13944
Colombia,2003,0.156020001
Colombia,2004,0.153530002
Colombia,2005,0.150859997
Colombia,2006,0.149499997
Colombia,2007,0.184550002
Colombia,2008,0.201250002
Colombia,2009,0.196079999
Colombia,2010,0.195010006
Colombia,2011,0.205950007
Colombia,2012,0.233779997
Colombia,2013,0.271109998
Colombia,2014,0.305629998
Colombia,2015,0.28975001
Colombia,2016,0.266939998
Colombia,2017,0.242860004
Colombia,2018,0.234620005
Costa Rica,1996,0.303770006
Costa Rica,1997,0.29716
Costa Rica,1998,0.266559988
Costa Rica,1999,0.369129986
Costa Rica,2000,0.413109988
Costa Rica,2003,0.363489985
Costa Rica,2004,0.374520004
Costa Rica,2006,0.429060012
Costa Rica,2007,0.358420014
Costa Rica,2008,0.388309985
Costa Rica,2009,0.520280004
Costa Rica,2010,0.484919995
Costa Rica,2011,0.467819989
Costa Rica,2012,0.556060016
Costa Rica,2013,0.555670023
Costa Rica,2014,0.57209003
Costa Rica,2015,0.449930012
Costa Rica,2016,0.456449986
Costa Rica,2017,0.440679997
Costa Rica,2018,0.382880002
Cote d'Ivoire,2016,0.0704
Croatia,1999,0.839909971
Croatia,2000,1.049160004
Croatia,2001,0.920790017
Croatia,2002,0.950330019
Croatia,2003,0.949810028
Croatia,2004,1.030310035
Croatia,2005,0.856140018
Croatia,2006,0.740069985
Croatia,2007,0.791069984
Croatia,2008,0.886560023
Croatia,2009,0.844739974
Croatia,2010,0.742919981
Croatia,2011,0.750949979
Croatia,2012,0.751010001
Croatia,2013,0.811569989
Croatia,2014,0.783060014
Croatia,2015,0.840070009
Croatia,2016,0.863139987
Croatia,2017,0.862659991
Croatia,2018,0.971920013
Cuba,1996,0.347359985
Cuba,1997,0.401719987
Cuba,1998,0.501240015
Cuba,1999,0.458319992
Cuba,2000,0.478650004
Cuba,2001,0.565299988
Cuba,2002,0.564450026
Cuba,2003,0.582430005
Cuba,2004,0.602310002
Cuba,2005,0.549199998
Cuba,2006,0.441390008
Cuba,2007,0.436150014
Cuba,2008,0.500609994
Cuba,2009,0.614849985
Cuba,2010,0.607670009
Cuba,2011,0.271919996
Cuba,2012,0.407160014
Cuba,2013,0.474669993
Cuba,2014,0.415960014
Cuba,2015,0.428539991
Cuba,2016,0.342229992
Cuba,2017,0.430660009
Cuba,2018,0.537060022
Cyprus,1998,0.203309998
Cyprus,1999,0.218060002
Cyprus,2000,0.226899996
Cyprus,2001,0.236939996
Cyprus,2002,0.27967
Cyprus,2003,0.318340003
Cyprus,2004,0.335640013
Cyprus,2005,0.367269993
Cyprus,2006,0.383459985
Cyprus,2007,0.400070012
Cyprus,2008,0.385939986
Cyprus,2009,0.444370002
Cyprus,2010,0.444090009
Cyprus,2011,0.453889996
Cyprus,2012,0.438879997
Cyprus,2013,0.486070007
Cyprus,2014,0.514240026
Cyprus,2015,0.478410006
Cyprus,2016,0.523580015
Cyprus,2017,0.549979985
Cyprus,2018,0.547829986
Czechia,1996,0.894460022
Czechia,1997,0.994390011
Czechia,1998,1.065279961
Czechia,1999,1.054520011
Czechia,2000,1.113190055
Czechia,2001,1.103330016
Czechia,2002,1.102020025
Czechia,2003,1.147410035
Czechia,2004,1.145589948
Czechia,2005,1.168349981
Czechia,2006,1.231729984
Czechia,2007,1.302279949
Czechia,2008,1.239330053
Czechia,2009,1.29437995
Czechia,2010,1.336879969
Czechia,2011,1.555709958
Czechia,2012,1.782310009
Czechia,2013,1.899729967
Czechia,2014,1.972849965
Czechia,2015,1.929229975
Czechia,2016,1.680150032
Czechia,2017,1.790789962
Czechia,2018,1.930170059
Democratic Republic of Congo,2004,0.267769992
Democratic Republic of Congo,2005,0.05799
Democratic Republic of Congo,2006,0.06044
Democratic Republic of Congo,2007,0.136089996
Democratic Republic of Congo,2008,0.082529999
Democratic Republic of Congo,2009,0.078220002
Democratic Republic of Congo,2015,0.406379998
Denmark,1996,1.80666995
Denmark,1997,1.88914001
Denmark,1998,2.006190062
Denmark,1999,2.127640009
Denmark,2001,2.324660063
Denmark,2002,2.441450119
Denmark,2003,2.510849953
Denmark,2004,2.419159889
Denmark,2005,2.393369913
Denmark,2006,2.403000116
Denmark,2007,2.515409946
Denmark,2008,2.773459911
Denmark,2009,3.055140018
Denmark,2010,2.917069912
Denmark,2011,2.944649935
Denmark,2012,2.981250048
Denmark,2013,2.970479965
Denmark,2014,2.914089918
Denmark,2015,3.054970026
Denmark,2016,3.092829943
Denmark,2017,3.050149918
Denmark,2018,3.032919884
East Asia and Pacific,1996,2.219373226
East Asia and Pacific,1997,2.294824123
East Asia and Pacific,1998,2.259896994
East Asia and Pacific,1999,2.33151412
East Asia and Pacific,2000,2.264844894
East Asia and Pacific,2001,2.311242342
East Asia and Pacific,2002,2.27463007
East Asia and Pacific,2003,2.359210968
East Asia and Pacific,2004,2.34193182
East Asia and Pacific,2005,2.424405336
East Asia and Pacific,2006,2.421425819
East Asia and Pacific,2007,2.369929552
East Asia and Pacific,2008,2.370302916
East Asia and Pacific,2009,2.263038158
East Asia and Pacific,2010,2.411275625
East Asia and Pacific,2011,2.347260475
East Asia and Pacific,2012,2.49677515
East Asia and Pacific,2013,2.290845633
East Asia and Pacific,2014,2.483715534
East Asia and Pacific,2015,2.337147236
East Asia and Pacific,2016,2.352276087
East Asia and Pacific,2017,2.330121994
East Asia and Pacific,2018,2.443702221
Ecuador,1996,0.07406
Ecuador,1997,0.062629998
Ecuador,1998,0.065169998
Ecuador,2001,0.0515
Ecuador,2002,0.055339999
Ecuador,2003,0.057349999
Ecuador,2006,0.128629997
Ecuador,2007,0.131940007
Ecuador,2008,0.227789998
Ecuador,2009,0.394630015
Ecuador,2010,0.402969986
Ecuador,2011,0.339910001
Ecuador,2012,0.332359999
Ecuador,2013,0.379900008
Ecuador,2014,0.442660004
Egypt,1996,0.212599993
Egypt,1997,0.197559997
Egypt,1998,0.199100003
Egypt,1999,0.186509997
Egypt,2000,0.192469999
Egypt,2004,0.269939989
Egypt,2005,0.241410002
Egypt,2006,0.259030014
Egypt,2007,0.255100012
Egypt,2008,0.270240009
Egypt,2009,0.433120012
Egypt,2010,0.433450013
Egypt,2011,0.531539977
Egypt,2012,0.50898999
Egypt,2013,0.63894999
Egypt,2014,0.636489987
Egypt,2015,0.718580008
Egypt,2016,0.70848
Egypt,2017,0.679409981
Egypt,2018,0.723879993
El Salvador,1998,0.088179998
El Salvador,2007,0.105599999
El Salvador,2008,0.133990005
El Salvador,2009,0.090899996
El Salvador,2010,0.078060001
El Salvador,2011,0.035500001
El Salvador,2012,0.033969998
El Salvador,2013,0.063869998
El Salvador,2014,0.093769997
El Salvador,2015,0.143480003
El Salvador,2016,0.144930005
El Salvador,2017,0.180779994
El Salvador,2018,0.164700001
Estonia,1998,0.565829992
Estonia,1999,0.676479995
Estonia,2000,0.599210024
Estonia,2001,0.69788003
Estonia,2002,0.711600006
Estonia,2003,0.764370024
Estonia,2004,0.845950007
Estonia,2005,0.917599976
Estonia,2006,1.113459945
Estonia,2007,1.058910012
Estonia,2008,1.250360012
Estonia,2009,1.388939977
Estonia,2010,1.566280007
Estonia,2011,2.284729958
Estonia,2012,2.109030008
Estonia,2013,1.713019967
Estonia,2014,1.420889974
Estonia,2015,1.456850052
Estonia,2016,1.246170044
Estonia,2017,1.279960036
Estonia,2018,1.404410005
Eswatini,2015,0.266609997
Ethiopia,2005,0.179169998
Ethiopia,2007,0.170890003
Ethiopia,2010,0.241370007
Ethiopia,2013,0.604740024
Ethiopia,2017,0.274370015
Europe and Central Asia,1996,1.65519011
Europe and Central Asia,1997,1.636441469
Europe and Central Asia,1998,1.605240107
Europe and Central Asia,1999,1.698183537
Europe and Central Asia,2000,1.676486492
Europe and Central Asia,2001,1.719996095
Europe and Central Asia,2002,1.69548738
Europe and Central Asia,2003,1.720120192
Europe and Central Asia,2004,1.697541237
Europe and Central Asia,2005,1.650407434
Europe and Central Asia,2006,1.657662153
Europe and Central Asia,2007,1.658595562
Europe and Central Asia,2008,1.723804474
Europe and Central Asia,2009,1.812591314
Europe and Central Asia,2010,1.776283383
Europe and Central Asia,2011,1.782465935
Europe and Central Asia,2012,1.836621881
Europe and Central Asia,2013,1.798219204
Europe and Central Asia,2014,1.837141991
Europe and Central Asia,2015,1.91738236
Europe and Central Asia,2016,1.881546259
Europe and Central Asia,2017,1.970742583
Europe and Central Asia,2018,1.976402998
European Union,1996,1.698640108
European Union,1997,1.730893731
European Union,1998,1.699673653
European Union,1999,1.783994079
European Union,2000,1.75264585
European Union,2001,1.821554303
European Union,2002,1.789866924
European Union,2003,1.825577974
European Union,2004,1.793791771
European Union,2005,1.781991601
European Union,2006,1.802584887
European Union,2007,1.796620727
European Union,2008,1.874045491
European Union,2009,1.968582511
European Union,2010,1.969581723
European Union,2011,2.016727209
European Union,2012,2.077878714
European Union,2013,2.083683252
European Union,2014,2.106807232
European Union,2015,2.115773201
European Union,2016,2.108168125
European Union,2017,2.171009779
European Union,2018,2.188646793
Faeroe Islands,2003,0.857050002
Finland,1996,2.452559948
Finland,1997,2.621579885
Finland,1998,2.784420013
Finland,1999,3.056190014
Finland,2000,3.241379976
Finland,2001,3.193720102
Finland,2002,3.253079891
Finland,2003,3.298219919
Finland,2004,3.30907011
Finland,2005,3.323699951
Finland,2006,3.332149982
Finland,2007,3.337039948
Finland,2008,3.5369699
Finland,2009,3.734019995
Finland,2010,3.705319881
Finland,2011,3.618060112
Finland,2012,3.39831996
Finland,2013,3.271369934
Finland,2014,3.147510052
Finland,2015,2.871959925
Finland,2016,2.724420071
Finland,2017,2.73348999
Finland,2018,2.7557199
France,1996,2.222800016
France,1997,2.146990061
France,1998,2.094759941
France,1999,2.107670069
France,2000,2.093460083
France,2001,2.138040066
France,2002,2.174489975
France,2003,2.119940042
France,2004,2.094609976
France,2005,2.051510096
France,2006,2.050940037
France,2007,2.024509907
France,2008,2.061170101
France,2009,2.212069988
France,2010,2.178570032
France,2011,2.191610098
France,2012,2.227070093
France,2013,2.237030029
France,2014,2.275919914
France,2015,2.267030001
France,2016,2.222379923
France,2017,2.203480005
France,2018,2.192939997
Gabon,2007,0.41633001
Gabon,2008,0.510900021
Gabon,2009,0.579240024
Gambia,2008,0.01261
Gambia,2009,0.01086
Gambia,2011,0.084799998
Gambia,2018,0.070929997
Georgia,1996,0.330879986
Georgia,1997,0.342400014
Georgia,1998,0.353839993
Georgia,1999,0.287690014
Georgia,2000,0.215299994
Georgia,2001,0.238480002
Georgia,2002,0.185739994
Georgia,2003,0.217600003
Georgia,2004,0.244200006
Georgia,2005,0.176579997
Georgia,2013,0.078560002
Georgia,2014,0.173179999
Georgia,2015,0.299279988
Georgia,2016,0.285860002
Georgia,2017,0.270229995
Georgia,2018,0.280519992
Germany,1996,2.144609928
Germany,1997,2.188319921
Germany,1998,2.216130018
Germany,1999,2.347790003
Germany,2000,2.40982008
Germany,2001,2.40437007
Germany,2002,2.436219931
Germany,2003,2.47461009
Germany,2004,2.435189962
Germany,2005,2.441930056
Germany,2006,2.47232008
Germany,2007,2.460479975
Germany,2008,2.615129948
Germany,2009,2.742660046
Germany,2010,2.730240107
Germany,2011,2.805550098
Germany,2012,2.881659985
Germany,2013,2.835989952
Germany,2014,2.877840042
Germany,2015,2.930030107
Germany,2016,2.940989971
Germany,2017,3.06791997
Germany,2018,3.132669926
Ghana,2007,0.231570005
Ghana,2010,0.376549989
Greece,1997,0.429100007
Greece,1999,0.568229973
Greece,2001,0.559480011
Greece,2003,0.546540022
Greece,2004,0.5273
Greece,2005,0.578960001
Greece,2006,0.561179996
Greece,2007,0.576550007
Greece,2008,0.661830008
Greece,2009,0.625569999
Greece,2010,0.598380029
Greece,2011,0.671959996
Greece,2012,0.69957
Greece,2013,0.811309993
Greece,2014,0.833299994
Greece,2015,0.961210012
Greece,2016,0.993939996
Greece,2017,1.131090045
Greece,2018,1.177320004
Greenland,2001,0.527409971
Greenland,2002,0.556280017
Greenland,2003,0.508040011
Greenland,2004,0.646080017
Guam,2003,0.266369998
Guam,2004,0.255970001
Guam,2005,0.257070005
Guatemala,2005,0.035
Guatemala,2006,0.0493
Guatemala,2007,0.066739999
Guatemala,2008,0.06188
Guatemala,2009,0.055300001
Guatemala,2010,0.043499999
Guatemala,2011,0.048140001
Guatemala,2012,0.044709999
Guatemala,2013,0.039159998
Guatemala,2014,0.02949
Guatemala,2015,0.03064
Guatemala,2016,0.02311
Guatemala,2017,0.02957
Guatemala,2018,0.02947
High income,1996,2.162453651
High income,1997,2.189417601
High income,1998,2.191694021
High income,1999,2.260175943
High income,2000,2.325198889
High income,2001,2.356760025
High income,2002,2.296975136
High income,2003,2.268830061
High income,2004,2.219191551
High income,2005,2.233947277
High income,2006,2.258907557
High income,2007,2.261417866
High income,2008,2.341429949
High income,2009,2.407769442
High income,2010,2.387521267
High income,2011,2.39736557
High income,2012,2.420266151
High income,2013,2.407171488
High income,2014,2.45983243
High income,2015,2.45644474
High income,2016,2.499477863
High income,2017,2.558222055
High income,2018,2.585941076
Honduras,2000,0.044530001
Honduras,2001,0.038339999
Honduras,2002,0.041809998
Honduras,2003,0.042149998
Honduras,2004,0.041549999
Honduras,2015,0.01497
Honduras,2017,0.03994
Hong Kong,1998,0.428299993
Hong Kong,1999,0.457670003
Hong Kong,2000,0.464929998
Hong Kong,2001,0.536450028
Hong Kong,2002,0.581470013
Hong Kong,2003,0.680270016
Hong Kong,2004,0.721759975
Hong Kong,2005,0.77342999
Hong Kong,2006,0.794679999
Hong Kong,2007,0.751609981
Hong Kong,2008,0.719959974
Hong Kong,2009,0.773419976
Hong Kong,2010,0.749459982
Hong Kong,2011,0.720860004
Hong Kong,2012,0.727330029
Hong Kong,2013,0.730170012
Hong Kong,2014,0.740140021
Hong Kong,2015,0.761829972
Hong Kong,2016,0.791549981
Hong Kong,2017,0.800199986
Hong Kong,2018,0.863399982
Hungary,1996,0.630270004
Hungary,1997,0.698949993
Hungary,1998,0.657109976
Hungary,1999,0.67185998
Hungary,2000,0.790960014
Hungary,2001,0.913100004
Hungary,2002,0.983550012
Hungary,2003,0.918649971
Hungary,2004,0.861230016
Hungary,2005,0.921389997
Hungary,2006,0.978569984
Hungary,2007,0.955950022
Hungary,2008,0.978739977
Hungary,2009,1.130679965
Hungary,2010,1.137599945
Hungary,2011,1.186210036
Hungary,2012,1.260689974
Hungary,2013,1.386909962
Hungary,2014,1.349140048
Hungary,2015,1.346519947
Hungary,2016,1.190070033
Hungary,2017,1.331930041
Hungary,2018,1.533370018
Iceland,1997,1.795400023
Iceland,1998,1.953199983
Iceland,1999,2.237669945
Iceland,2000,2.578299999
Iceland,2001,2.85010004
Iceland,2002,2.82840991
Iceland,2003,2.709120035
Iceland,2005,2.68614006
Iceland,2006,2.893899918
Iceland,2007,2.549129963
Iceland,2008,2.487449884
Iceland,2009,2.59510994
Iceland,2011,2.413670063
Iceland,2013,1.702039957
Iceland,2014,1.948109984
Iceland,2015,2.197459936
Iceland,2016,2.127690077
Iceland,2017,2.104549885
Iceland,2018,2.041349888
India,1996,0.639050007
India,1997,0.686689973
India,1998,0.703790009
India,1999,0.724129975
India,2000,0.756990016
India,2001,0.735909998
India,2002,0.72566998
India,2003,0.719290018
India,2004,0.756900012
India,2005,0.824109972
India,2006,0.804729998
India,2007,0.805069983
India,2008,0.858759999
India,2009,0.833140016
India,2010,0.788489997
India,2011,0.755020022
India,2012,0.743990004
India,2013,0.706420004
India,2014,0.701590002
India,2015,0.693099976
India,2016,0.669839978
India,2017,0.665709972
India,2018,0.652819991
Indonesia,2000,0.06769
Indonesia,2001,0.047559999
Indonesia,2009,0.083319999
Indonesia,2013,0.084700003
Indonesia,2016,0.245350003
Indonesia,2017,0.238049999
Indonesia,2018,0.226329997
Iran,2001,0.50217998
Iran,2002,0.495579988
Iran,2003,0.59483999
Iran,2004,0.504530013
Iran,2005,0.622839987
Iran,2006,0.559210002
Iran,2008,0.64647001
Iran,2009,0.272579998
Iran,2010,0.264420003
Iran,2012,0.316549987
Iran,2013,0.25266999
Iran,2015,0.417629987
Iran,2017,0.830269992
Iraq,2007,0.045540001
Iraq,2008,0.03435
Iraq,2009,0.045620002
Iraq,2010,0.036839999
Iraq,2011,0.034759998
Iraq,2014,0.037330002
Iraq,2015,0.037749998
Iraq,2016,0.035599999
Iraq,2017,0.044100001
Iraq,2018,0.043419998
Ireland,1996,1.270059943
Ireland,1997,1.243170023
Ireland,1998,1.209579945
Ireland,1999,1.153380036
Ireland,2000,1.084969997
Ireland,2001,1.053060055
Ireland,2002,1.056049943
Ireland,2003,1.12451005
Ireland,2004,1.178660035
Ireland,2005,1.192810059
Ireland,2006,1.198359966
Ireland,2007,1.233250022
Ireland,2008,1.387660027
Ireland,2009,1.608199954
Ireland,2010,1.591529965
Ireland,2011,1.560580015
Ireland,2012,1.561190009
Ireland,2013,1.565799952
Ireland,2014,1.523069978
Ireland,2015,1.182669997
Ireland,2016,1.16892004
Ireland,2018,1.146469951
Israel,1996,2.590539932
Israel,1997,2.807359934
Israel,1998,2.918970108
Israel,1999,3.330080032
Israel,2000,3.933290005
Israel,2001,4.184989929
Israel,2002,4.130670071
Israel,2003,3.893039942
Israel,2004,3.873440027
Israel,2005,4.048190117
Israel,2006,4.14097023
Israel,2007,4.42234993
Israel,2008,4.342269897
Israel,2009,4.132929802
Israel,2010,3.935410023
Israel,2011,4.015319824
Israel,2012,4.161469936
Israel,2013,4.096099854
Israel,2014,4.173980236
Israel,2015,4.265250206
Israel,2016,4.511769772
Israel,2017,4.81622982
Israel,2018,4.940790176
Italy,1996,0.945900023
Italy,1997,0.987689972
Italy,1998,1.004870057
Italy,1999,0.980650008
Italy,2000,1.003640056
Italy,2001,1.040699959
Italy,2002,1.081240058
Italy,2003,1.058940053
Italy,2004,1.050250053
Italy,2005,1.044350028
Italy,2006,1.084010005
Italy,2007,1.128990054
Italy,2008,1.159719944
Italy,2009,1.217869997
Italy,2010,1.217970014
Italy,2011,1.201550007
Italy,2012,1.262189984
Italy,2013,1.301069975
Italy,2014,1.338400006
Italy,2015,1.338500023
Italy,2016,1.366420031
Italy,2017,1.370129943
Italy,2018,1.39181006
Jamaica,2001,0.0491
Jamaica,2002,0.060959999
Japan,1996,2.692059994
Japan,1997,2.769680023
Japan,1998,2.873630047
Japan,1999,2.892829895
Japan,2000,2.905689955
Japan,2001,2.971829891
Japan,2002,3.013940096
Japan,2003,3.042949915
Japan,2004,3.029520035
Japan,2005,3.180989981
Japan,2006,3.278439999
Japan,2007,3.339600086
Japan,2008,3.337179899
Japan,2009,3.231400013
Japan,2010,3.137079954
Japan,2011,3.24477005
Japan,2012,3.209079981
Japan,2013,3.314960003
Japan,2014,3.400219917
Japan,2015,3.281650066
Japan,2016,3.157860041
Japan,2017,3.207979918
Japan,2018,3.27512002
Jordan,2002,0.332230002
Jordan,2008,0.428689986
Jordan,2016,0.707809985
Kazakhstan,1997,0.293370008
Kazakhstan,1998,0.220390007
Kazakhstan,1999,0.183829993
Kazakhstan,2000,0.181040004
Kazakhstan,2001,0.220090002
Kazakhstan,2002,0.255089998
Kazakhstan,2003,0.252460003
Kazakhstan,2004,0.248370007
Kazakhstan,2005,0.283609986
Kazakhstan,2006,0.242809996
Kazakhstan,2007,0.208839998
Kazakhstan,2008,0.216539994
Kazakhstan,2009,0.22924
Kazakhstan,2010,0.153410003
Kazakhstan,2011,0.153490007
Kazakhstan,2012,0.165250003
Kazakhstan,2013,0.171320006
Kazakhstan,2014,0.167219996
Kazakhstan,2015,0.169510007
Kazakhstan,2016,0.141790003
Kazakhstan,2017,0.126670003
Kazakhstan,2018,0.116829999
Kenya,2007,0.355210006
Kenya,2010,0.785769999
Kuwait,1997,0.205379993
Kuwait,1998,0.257959992
Kuwait,1999,0.197630003
Kuwait,2000,0.125420004
Kuwait,2001,0.178839996
Kuwait,2002,0.180010006
Kuwait,2003,0.143470004
Kuwait,2004,0.130099997
Kuwait,2005,0.100830004
Kuwait,2006,0.084789999
Kuwait,2007,0.08585
Kuwait,2008,0.085510001
Kuwait,2009,0.112130001
Kuwait,2010,0.101400003
Kuwait,2011,0.098959997
Kuwait,2012,0.097209997
Kuwait,2013,0.301530004
Kuwait,2014,0.427049994
Kuwait,2015,0.096600004
Kuwait,2016,0.079850003
Kuwait,2017,0.080399998
Kuwait,2018,0.062380001
Kyrgyzstan,1997,0.193900004
Kyrgyzstan,1998,0.210639998
Kyrgyzstan,1999,0.179920003
Kyrgyzstan,2000,0.156369999
Kyrgyzstan,2001,0.171890005
Kyrgyzstan,2002,0.198100001
Kyrgyzstan,2003,0.222719997
Kyrgyzstan,2004,0.199259996
Kyrgyzstan,2005,0.198609993
Kyrgyzstan,2006,0.230140001
Kyrgyzstan,2007,0.234249994
Kyrgyzstan,2008,0.190170005
Kyrgyzstan,2009,0.15997
Kyrgyzstan,2010,0.155469999
Kyrgyzstan,2011,0.156330004
Kyrgyzstan,2012,0.166099995
Kyrgyzstan,2013,0.14914
Kyrgyzstan,2014,0.125359997
Kyrgyzstan,2015,0.119029999
Kyrgyzstan,2016,0.111210003
Kyrgyzstan,2017,0.107069999
Kyrgyzstan,2018,0.101070002
Laos,2002,0.037099998
Latin America and Caribbean,2000,0.567630708
Latin America and Caribbean,2001,0.542050302
Latin America and Caribbean,2002,0.525988936
Latin America and Caribbean,2003,0.561559677
Latin America and Caribbean,2004,0.565858841
Latin America and Caribbean,2005,0.592320383
Latin America and Caribbean,2006,0.590100765
Latin America and Caribbean,2007,0.627263069
Latin America and Caribbean,2008,0.674458981
Latin America and Caribbean,2009,0.699334383
Latin America and Caribbean,2010,0.739698589
Latin America and Caribbean,2011,0.71453011
Latin America and Caribbean,2012,0.687504411
Latin America and Caribbean,2013,0.713669538
Latin America and Caribbean,2014,0.743133962
Latin America and Caribbean,2015,0.753400385
Latin America and Caribbean,2016,0.719892204
Latin America and Caribbean,2017,0.647157788
Latin America and Caribbean,2018,0.670474172
Latvia,1996,0.398440003
Latvia,1997,0.367370009
Latvia,1998,0.380309999
Latvia,1999,0.352569997
Latvia,2000,0.436179996
Latvia,2001,0.40395999
Latvia,2002,0.409590006
Latvia,2003,0.360529989
Latvia,2004,0.400629997
Latvia,2005,0.529999971
Latvia,2006,0.650940001
Latvia,2007,0.553849995
Latvia,2008,0.580380023
Latvia,2009,0.451310009
Latvia,2010,0.609790027
Latvia,2011,0.696060002
Latvia,2012,0.663049996
Latvia,2013,0.61176002
Latvia,2014,0.688250005
Latvia,2015,0.623520017
Latvia,2016,0.440319985
Latvia,2017,0.514590025
Latvia,2018,0.64082998
Lesotho,2002,0.041850001
Lesotho,2003,0.042950001
Lesotho,2004,0.055319998
Lesotho,2009,0.02857
Lesotho,2011,0.01235
Lesotho,2015,0.05074
Lithuania,1996,0.491549999
Lithuania,1997,0.536580026
Lithuania,1998,0.543770015
Lithuania,1999,0.501999974
Lithuania,2000,0.584800005
Lithuania,2001,0.666790009
Lithuania,2002,0.656700015
Lithuania,2003,0.663389981
Lithuania,2004,0.750660002
Lithuania,2005,0.747409999
Lithuania,2006,0.791190028
Lithuania,2007,0.800930023
Lithuania,2008,0.788439989
Lithuania,2009,0.829670012
Lithuania,2010,0.78549999
Lithuania,2011,0.905099988
Lithuania,2012,0.895150006
Lithuania,2013,0.950200021
Lithuania,2014,1.03113997
Lithuania,2015,1.044080019
Lithuania,2016,0.842329979
Lithuania,2017,0.896409988
Lithuania,2018,0.941810012
Low and middle income,2000,0.642857373
Low and middle income,2001,0.673436463
Low and middle income,2002,0.722242415
Low and middle income,2003,0.776044667
Low and middle income,2004,0.802166581
Low and middle income,2005,0.839181185
Low and middle income,2006,0.879134178
Low and middle income,2007,0.892820776
Low and middle income,2008,0.961439312
Low and middle income,2009,1.040825367
Low and middle income,2010,1.111752748
Low and middle income,2011,1.121853471
Low and middle income,2012,1.222027063
Low and middle income,2013,1.196203828
Low and middle income,2014,1.328595877
Low and middle income,2015,1.351825476
Low and middle income,2016,1.377007723
Low and middle income,2017,1.339734674
Low and middle income,2018,1.45768702
Lower middle income,2009,0.518461764
Lower middle income,2013,0.444375038
Lower middle income,2017,0.532782733
Luxembourg,2000,1.576730013
Luxembourg,2003,1.625949979
Luxembourg,2004,1.602620006
Luxembourg,2005,1.571709991
Luxembourg,2006,1.666739941
Luxembourg,2007,1.591230035
Luxembourg,2008,1.62293005
Luxembourg,2009,1.67750001
Luxembourg,2010,1.502570033
Luxembourg,2011,1.462769985
Luxembourg,2012,1.272670031
Luxembourg,2013,1.302659988
Luxembourg,2014,1.264039993
Luxembourg,2015,1.272040009
Luxembourg,2016,1.25830996
Luxembourg,2017,1.268519998
Luxembourg,2018,1.211259961
Macao,2001,0.062679999
Macao,2002,0.070040002
Macao,2003,0.062830001
Macao,2004,0.05373
Macao,2005,0.088090003
Macao,2006,0.08337
Macao,2007,0.057149999
Macao,2008,0.10159
Macao,2009,0.054359999
Macao,2010,0.050330002
Macao,2011,0.044440001
Macao,2012,0.048069999
Macao,2013,0.051150002
Macao,2014,0.087049998
Macao,2015,0.135539994
Macao,2016,0.233280003
Macao,2017,0.170849994
Macao,2018,0.201519996
Madagascar,1997,0.183249995
Madagascar,1998,0.093800001
Madagascar,1999,0.083420001
Madagascar,2000,0.100319996
Madagascar,2001,0.18175
Madagascar,2002,0.201729998
Madagascar,2003,0.290699989
Madagascar,2004,0.192599997
Madagascar,2005,0.150959998
Madagascar,2006,0.141190007
Madagascar,2007,0.120909996
Madagascar,2008,0.117640004
Madagascar,2009,0.130539998
Madagascar,2010,0.099030003
Madagascar,2011,0.090669997
Madagascar,2014,0.01321
Madagascar,2016,0.01264
Madagascar,2017,0.01275
Malaysia,1996,0.216450006
Malaysia,1998,0.397890002
Malaysia,2000,0.468989998
Malaysia,2002,0.652540028
Malaysia,2004,0.599900007
Malaysia,2006,0.611060023
Malaysia,2008,0.78846997
Malaysia,2009,1.010010004
Malaysia,2010,1.036080003
Malaysia,2011,1.033419967
Malaysia,2012,1.092689991
Malaysia,2014,1.26275003
Malaysia,2015,1.279450059
Malaysia,2016,1.415169954
Malaysia,2018,1.040860057
Mali,2007,0.218549997
Mali,2010,0.583599985
Mali,2015,0.314619988
Mali,2017,0.291790009
Malta,2002,0.250389993
Malta,2003,0.238859996
Malta,2004,0.49406001
Malta,2005,0.529209971
Malta,2006,0.580250025
Malta,2007,0.548500001
Malta,2008,0.533309996
Malta,2009,0.517400026
Malta,2010,0.606670022
Malta,2011,0.673699975
Malta,2012,0.82674998
Malta,2013,0.772480011
Malta,2014,0.711610019
Malta,2015,0.742529988
Malta,2016,0.567780018
Malta,2017,0.584240019
Malta,2018,0.572459996
Mauritania,2018,0.01081
Mauritius,1997,0.27899
Mauritius,1998,0.261779994
Mauritius,1999,0.310079992
Mauritius,2000,0.284020007
Mauritius,2001,0.362569988
Mauritius,2002,0.368050009
Mauritius,2003,0.32604
Mauritius,2004,0.368180007
Mauritius,2005,0.360529989
Mauritius,2012,0.177729994
Mauritius,2017,0.366360009
Mauritius,2018,0.34691
Mexico,1996,0.250669986
Mexico,1997,0.276199996
Mexico,1998,0.301959991
Mexico,1999,0.344099998
Mexico,2000,0.306129992
Mexico,2001,0.324180007
Mexico,2002,0.354299992
Mexico,2003,0.393139988
Mexico,2004,0.38815999
Mexico,2005,0.398440003
Mexico,2006,0.369219989
Mexico,2007,0.398330003
Mexico,2008,0.443870008
Mexico,2009,0.47953999
Mexico,2010,0.49485001
Mexico,2011,0.471289992
Mexico,2012,0.420960009
Mexico,2013,0.425029993
Mexico,2014,0.435490012
Mexico,2015,0.429859996
Mexico,2016,0.387980014
Mexico,2017,0.328429997
Mexico,2018,0.312909991
Middle East and North Africa,2012,0.932518899
Middle income,2000,0.643808544
Middle income,2001,0.674984157
Middle income,2002,0.725050926
Middle income,2003,0.779272139
Middle income,2004,0.80648756
Middle income,2005,0.845371664
Middle income,2006,0.881911218
Middle income,2007,0.897110879
Middle income,2008,0.965324402
Middle income,2009,1.044697046
Middle income,2010,1.116172552
Middle income,2011,1.122505546
Middle income,2012,1.222331882
Middle income,2013,1.197360516
Middle income,2014,1.331804276
Middle income,2015,1.355569243
Middle income,2016,1.378428459
Middle income,2017,1.344659925
Middle income,2018,1.457906723
Moldova,1996,0.872959971
Moldova,1997,0.806789994
Moldova,2003,0.324050009
Moldova,2004,0.349029988
Moldova,2005,0.398649991
Moldova,2006,0.406219989
Moldova,2007,0.545570016
Moldova,2008,0.534630001
Moldova,2009,0.525569975
Moldova,2010,0.36649999
Moldova,2011,0.337639987
Moldova,2012,0.349070013
Moldova,2013,0.297829986
Moldova,2014,0.311049998
Moldova,2015,0.309430003
Moldova,2016,0.276899993
Moldova,2017,0.253740013
Moldova,2018,0.251679987
Monaco,2004,0.037190001
Monaco,2005,0.038210001
Mongolia,1997,0.167860001
Mongolia,1998,0.166429996
Mongolia,1999,0.15016
Mongolia,2000,0.187570006
Mongolia,2001,0.26749
Mongolia,2002,0.251729995
Mongolia,2003,0.251800001
Mongolia,2004,0.267769992
Mongolia,2005,0.237760007
Mongolia,2006,0.191210002
Mongolia,2007,0.23827
Mongolia,2008,0.336670011
Mongolia,2009,0.304780006
Mongolia,2010,0.244379997
Mongolia,2011,0.230540007
Mongolia,2012,0.239130005
Mongolia,2013,0.232460007
Mongolia,2014,0.223399997
Mongolia,2015,0.154679999
Mongolia,2016,0.183369994
Mongolia,2017,0.134849995
Mongolia,2018,0.102150001
Montenegro,2003,0.797720015
Montenegro,2004,1.018740058
Montenegro,2005,0.924430013
Montenegro,2006,1.229910016
Montenegro,2007,1.145210028
Montenegro,2011,0.314850003
Montenegro,2013,0.374309987
Montenegro,2014,0.363200009
Montenegro,2015,0.374000013
Montenegro,2016,0.324539989
Montenegro,2017,0.34898001
Montenegro,2018,0.364149988
Morocco,1998,0.273409992
Morocco,2001,0.606819987
Morocco,2002,0.525860012
Morocco,2003,0.630710006
Morocco,2006,0.60789001
Morocco,2010,0.714540005
Mozambique,2002,0.376709998
Mozambique,2006,0.41336
Mozambique,2008,0.139809996
Mozambique,2010,0.386949986
Mozambique,2015,0.313120008
Myanmar,1997,0.05985
Myanmar,1998,0.034170002
Myanmar,1999,0.044059999
Myanmar,2000,0.113059998
Myanmar,2001,0.071439996
Myanmar,2002,0.162159994
Myanmar,2017,0.03105
Namibia,2010,0.141650006
Namibia,2014,0.352090001
Nepal,2008,0.054389998
Nepal,2009,0.259240001
Nepal,2010,0.30219999
Netherlands,1996,1.840929985
Netherlands,1997,1.844769955
Netherlands,1998,1.742059946
Netherlands,1999,1.822819948
Netherlands,2000,1.789800048
Netherlands,2001,1.796090007
Netherlands,2002,1.745429993
Netherlands,2003,1.783900023
Netherlands,2004,1.789010048
Netherlands,2005,1.773880005
Netherlands,2006,1.740669966
Netherlands,2007,1.670300007
Netherlands,2008,1.622689962
Netherlands,2009,1.665699959
Netherlands,2010,1.704040051
Netherlands,2011,1.881309986
Netherlands,2012,1.916270018
Netherlands,2013,1.929870009
Netherlands,2014,1.975679994
Netherlands,2015,1.984869957
Netherlands,2016,1.996850014
Netherlands,2017,1.983080029
Netherlands,2018,2.16373992
New Zealand,1997,1.056489944
New Zealand,1999,0.963869989
New Zealand,2001,1.100289941
New Zealand,2003,1.148910046
New Zealand,2005,1.120429993
New Zealand,2007,1.156530023
New Zealand,2009,1.252300024
New Zealand,2011,1.230649948
New Zealand,2013,1.153749943
New Zealand,2015,1.232300043
New Zealand,2017,1.346920013
Nicaragua,1997,0.065099999
Nicaragua,2002,0.034929998
Nicaragua,2011,0.083439998
Nicaragua,2012,0.104489997
Nicaragua,2013,0.102839999
Nicaragua,2014,0.08935
Nicaragua,2015,0.107419997
Nigeria,2007,0.132229999
North America,1996,2.389484644
North America,1997,2.418025255
North America,1998,2.452516317
North America,1999,2.497413397
North America,2000,2.577041864
North America,2001,2.607829332
North America,2002,2.521508694
North America,2003,2.521796942
North America,2004,2.463793039
North America,2005,2.47244072
North America,2006,2.504558563
North America,2007,2.563891649
North America,2008,2.680197477
North America,2009,2.734284401
North America,2010,2.646221876
North America,2011,2.663639545
North America,2012,2.588602304
North America,2013,2.609353542
North America,2014,2.624564409
North America,2015,2.636074305
North America,2016,2.6836133
North America,2017,2.728025198
North America,2018,2.733937979
North Macedonia,1997,0.359109998
North Macedonia,1998,0.408419997
North Macedonia,1999,0.328090012
North Macedonia,2000,0.418879986
North Macedonia,2001,0.293099999
North Macedonia,2002,0.244609997
North Macedonia,2003,0.210639998
North Macedonia,2004,0.232370004
North Macedonia,2005,0.228249997
North Macedonia,2006,0.193729997
North Macedonia,2007,0.170929998
North Macedonia,2008,0.223580003
North Macedonia,2009,0.196789995
North Macedonia,2010,0.216340005
North Macedonia,2011,0.222760007
North Macedonia,2012,0.326759994
North Macedonia,2013,0.438939989
North Macedonia,2014,0.516460001
North Macedonia,2015,0.44411999
North Macedonia,2016,0.435849994
North Macedonia,2017,0.354389995
North Macedonia,2018,0.365229994
Norway,1997,1.593500018
Norway,1999,1.605350018
Norway,2001,1.562590003
Norway,2002,1.629699945
Norway,2003,1.679579973
Norway,2004,1.544160008
Norway,2005,1.482390046
Norway,2006,1.455320001
Norway,2007,1.56456995
Norway,2008,1.554479957
Norway,2009,1.724720001
Norway,2010,1.649989963
Norway,2011,1.627120018
Norway,2012,1.620869994
Norway,2013,1.65237999
Norway,2014,1.715059996
Norway,2015,1.935260057
Norway,2016,2.04460001
Norway,2017,2.099189997
Norway,2018,2.072639942
Oman,2011,0.136299998
Oman,2012,0.208570004
Oman,2013,0.16956
Oman,2014,0.212530002
Oman,2015,0.251630008
Oman,2016,0.260340005
Oman,2017,0.228190005
Oman,2018,0.219669998
Pakistan,1997,0.155650005
Pakistan,1998,0.109190002
Pakistan,1999,0.115900002
Pakistan,2000,0.115659997
Pakistan,2001,0.151649997
Pakistan,2002,0.198870003
Pakistan,2005,0.398490012
Pakistan,2007,0.632499993
Pakistan,2009,0.448060006
Pakistan,2011,0.329169989
Pakistan,2013,0.292849988
Pakistan,2015,0.24605
Pakistan,2017,0.236269996
Palestine,2007,0.208330005
Palestine,2008,0.163379997
Palestine,2009,0.39655
Palestine,2010,0.392729998
Palestine,2013,0.492199987
Panama,1996,0.310099989
Panama,1997,0.299109995
Panama,1998,0.269219995
Panama,1999,0.272049993
Panama,2000,0.362639993
Panama,2001,0.360740006
Panama,2002,0.342200011
Panama,2003,0.321090013
Panama,2004,0.226459995
Panama,2005,0.231830001
Panama,2006,0.235369995
Panama,2007,0.181720003
Panama,2008,0.190650001
Panama,2009,0.132100001
Panama,2010,0.144529998
Panama,2011,0.173040003
Panama,2012,0.075340003
Panama,2013,0.062059999
Panama,2014,0.140520006
Panama,2015,0.120329998
Panama,2016,0.144940004
Panama,2017,0.147139996
Papua New Guinea,2016,0.031580001
Paraguay,2001,0.066990003
Paraguay,2002,0.074929997
Paraguay,2003,0.061349999
Paraguay,2004,0.060660001
Paraguay,2005,0.060910001
Paraguay,2008,0.041200001
Paraguay,2011,0.042210001
Paraguay,2012,0.06515
Paraguay,2013,0.07147
Paraguay,2014,0.079209998
Paraguay,2015,0.096869998
Paraguay,2016,0.11688
Paraguay,2017,0.148829997
Paraguay,2018,0.146259993
Peru,1997,0.0836
Peru,1998,0.100720003
Peru,1999,0.09849
Peru,2000,0.112659998
Peru,2001,0.110959999
Peru,2002,0.106140003
Peru,2003,0.108130001
Peru,2004,0.155780002
Peru,2011,0.082819998
Peru,2012,0.055300001
Peru,2013,0.081739999
Peru,2014,0.108050004
Peru,2015,0.117020003
Peru,2016,0.120080002
Peru,2017,0.120849997
Peru,2018,0.127149999
Philippines,2002,0.132630005
Philippines,2003,0.125269994
Philippines,2005,0.106919996
Philippines,2007,0.104979999
Philippines,2009,0.109010004
Philippines,2011,0.112219997
Philippines,2013,0.132070005
Philippines,2015,0.156829998
Poland,1996,0.640370011
Poland,1997,0.644119978
Poland,1998,0.660830021
Poland,1999,0.681800008
Poland,2000,0.642019987
Poland,2001,0.622839987
Poland,2002,0.557850003
Poland,2003,0.538839996
Poland,2004,0.552510023
Poland,2005,0.562820017
Poland,2006,0.550819993
Poland,2007,0.561890006
Poland,2008,0.599210024
Poland,2009,0.660969973
Poland,2010,0.720700026
Poland,2011,0.745880008
Poland,2012,0.880859971
Poland,2013,0.870530009
Poland,2014,0.939779997
Poland,2015,1.003239989
Poland,2016,0.964079976
Poland,2017,1.034430027
Poland,2018,1.209529996
Portugal,1996,0.549499989
Portugal,1997,0.563740015
Portugal,1998,0.624859989
Portugal,1999,0.681209981
Portugal,2000,0.721560001
Portugal,2001,0.76481998
Portugal,2002,0.72183001
Portugal,2003,0.698019981
Portugal,2004,0.729300022
Portugal,2005,0.757550001
Portugal,2006,0.954479992
Portugal,2007,1.124169946
Portugal,2008,1.443349957
Portugal,2009,1.580010056
Portugal,2010,1.535290003
Portugal,2011,1.457409978
Portugal,2012,1.378610015
Portugal,2013,1.324679971
Portugal,2014,1.289919972
Portugal,2015,1.243299961
Portugal,2016,1.280750036
Portugal,2017,1.319280028
Portugal,2018,1.347530007
Puerto Rico,2009,0.451310009
Puerto Rico,2013,0.43858999
Puerto Rico,2015,0.428829998
Qatar,2012,0.478599995
Qatar,2015,0.518830001
Qatar,2018,0.509010017
Romania,1996,0.674719989
Romania,1997,0.574509978
Romania,1998,0.495409995
Romania,1999,0.398319989
Romania,2000,0.366259992
Romania,2001,0.391290009
Romania,2002,0.377209991
Romania,2003,0.397080004
Romania,2004,0.389420003
Romania,2005,0.412620008
Romania,2006,0.456820011
Romania,2007,0.511479974
Romania,2008,0.552150011
Romania,2009,0.443949997
Romania,2010,0.456880003
Romania,2011,0.498320013
Romania,2012,0.483830005
Romania,2013,0.387870014
Romania,2014,0.382250011
Romania,2015,0.48793
Romania,2016,0.48032999
Romania,2017,0.503220022
Romania,2018,0.500769973
Russia,1996,0.965919971
Russia,1997,1.043740034
Russia,1998,0.953830004
Russia,1999,0.996230006
Russia,2000,1.04982996
Russia,2001,1.176939964
Russia,2002,1.246520042
Russia,2003,1.286030054
Russia,2004,1.151329994
Russia,2005,1.067970037
Russia,2006,1.072939992
Russia,2007,1.116109967
Russia,2008,1.044350028
Russia,2009,1.251919985
Russia,2010,1.130200028
Russia,2011,1.015450001
Russia,2012,1.027660012
Russia,2013,1.027320027
Russia,2014,1.072409987
Russia,2015,1.100849986
Russia,2016,1.102380037
Russia,2017,1.109670043
Russia,2018,0.982749999
Rwanda,2016,0.646560013
Saint Lucia,1998,0.573949993
Saint Lucia,1999,0.273739994
Saint Vincent and the Grenadines,2001,0.043060001
Saint Vincent and the Grenadines,2002,0.120279998
Saudi Arabia,2003,0.06233
Saudi Arabia,2004,0.053149998
Saudi Arabia,2005,0.042300001
Saudi Arabia,2006,0.04245
Saudi Arabia,2007,0.04521
Saudi Arabia,2008,0.04902
Saudi Arabia,2009,0.073380001
Saudi Arabia,2010,0.884000003
Saudi Arabia,2011,0.897840023
Saudi Arabia,2012,0.876839995
Saudi Arabia,2013,0.815159976
Senegal,2008,0.290899992
Senegal,2010,0.43136999
Senegal,2015,0.577199996
Serbia,1997,0.709150016
Serbia,1998,0.753009975
Serbia,1999,0.946820021
Serbia,2000,0.85424
Serbia,2001,0.304010004
Serbia,2002,0.639680028
Serbia,2003,0.491380006
Serbia,2004,0.289530009
Serbia,2005,0.395300001
Serbia,2006,0.439850003
Serbia,2007,0.578769982
Serbia,2008,0.669659972
Serbia,2009,0.817300022
Serbia,2010,0.702279985
Serbia,2011,0.683340013
Serbia,2012,0.853160024
Serbia,2013,0.683669984
Serbia,2014,0.723089993
Serbia,2015,0.811460018
Serbia,2016,0.839510024
Serbia,2017,0.873529971
Serbia,2018,0.919700027
Seychelles,2001,0.425249994
Seychelles,2002,0.407070011
Seychelles,2003,0.411830008
Seychelles,2004,0.346579999
Seychelles,2005,0.302089989
Seychelles,2016,0.221750006
Singapore,1996,1.319910049
Singapore,1997,1.415639997
Singapore,1998,1.737069964
Singapore,1999,1.816239953
Singapore,2000,1.816990018
Singapore,2001,2.009310007
Singapore,2002,2.032819986
Singapore,2003,1.996790051
Singapore,2004,2.078589916
Singapore,2005,2.148119926
Singapore,2006,2.11661005
Singapore,2007,2.319880009
Singapore,2008,2.596740007
Singapore,2009,2.129240036
Singapore,2010,1.93137002
Singapore,2011,2.070650101
Singapore,2012,1.919389963
Singapore,2013,1.923349977
Singapore,2014,2.084640026
Singapore,2015,2.181979895
Singapore,2016,2.076289892
Singapore,2017,1.924649954
Slovakia,1996,0.88963002
Slovakia,1997,1.051079988
Slovakia,1998,0.765410006
Slovakia,1999,0.644749999
Slovakia,2000,0.638059974
Slovakia,2001,0.624650002
Slovakia,2002,0.563139975
Slovakia,2003,0.561460018
Slovakia,2004,0.500689983
Slovakia,2005,0.493319988
Slovakia,2006,0.47488001
Slovakia,2007,0.447459996
Slovakia,2008,0.461369991
Slovakia,2009,0.472719997
Slovakia,2010,0.611469984
Slovakia,2011,0.657790005
Slovakia,2012,0.796400011
Slovakia,2013,0.821569979
Slovakia,2014,0.878139973
Slovakia,2015,1.16260004
Slovakia,2016,0.790780008
Slovakia,2017,0.886120021
Slovakia,2018,0.838060021
Slovenia,1996,1.264729977
Slovenia,1997,1.246430039
Slovenia,1998,1.305150032
Slovenia,1999,1.336879969
Slovenia,2000,1.359820008
Slovenia,2001,1.467669964
Slovenia,2002,1.443249941
Slovenia,2003,1.247920036
Slovenia,2004,1.37026
Slovenia,2005,1.417780042
Slovenia,2006,1.537050009
Slovenia,2007,1.427029967
Slovenia,2008,1.626729965
Slovenia,2009,1.811840057
Slovenia,2010,2.05133009
Slovenia,2011,2.412970066
Slovenia,2012,2.560610056
Slovenia,2013,2.564870119
Slovenia,2014,2.365479946
Slovenia,2015,2.195650101
Slovenia,2016,2.011450052
Slovenia,2017,1.866350055
Slovenia,2018,1.950389981
South Africa,1997,0.583540022
South Africa,2001,0.71578002
South Africa,2003,0.760510027
South Africa,2004,0.813340008
South Africa,2005,0.863150001
South Africa,2006,0.898150027
South Africa,2007,0.882870018
South Africa,2008,0.88815999
South Africa,2009,0.835619986
South Africa,2010,0.737039983
South Africa,2011,0.734510005
South Africa,2012,0.733630002
South Africa,2013,0.72487998
South Africa,2014,0.771149993
South Africa,2015,0.798460007
South Africa,2016,0.81882
South Africa,2017,0.832149982
South Asia,1996,0.623488665
South Asia,1997,0.617372632
South Asia,1998,0.62731427
South Asia,1999,0.650724471
South Asia,2000,0.646512568
South Asia,2001,0.653705239
South Asia,2002,0.6549052
South Asia,2003,0.719290018
South Asia,2004,0.740626156
South Asia,2005,0.769775748
South Asia,2006,0.786319554
South Asia,2007,0.785862625
South Asia,2008,0.826499403
South Asia,2009,0.785776436
South Asia,2010,0.762896895
South Asia,2011,0.710359991
South Asia,2012,0.743990004
South Asia,2013,0.64138031
South Asia,2014,0.679050863
South Asia,2015,0.624638259
South Asia,2016,0.651076853
South Asia,2017,0.60727632
South Asia,2018,0.652819991
South Korea,1996,2.216160059
South Korea,1997,2.248300076
South Korea,1998,2.11026001
South Korea,1999,2.015670061
South Korea,2000,2.12519002
South Korea,2001,2.278650045
South Korea,2002,2.207740068
South Korea,2003,2.277220011
South Korea,2004,2.442140102
South Korea,2005,2.522900105
South Korea,2006,2.719340086
South Korea,2007,2.872580051
South Korea,2008,2.988869905
South Korea,2009,3.146689892
South Korea,2010,3.315779924
South Korea,2011,3.591989994
South Korea,2012,3.850399971
South Korea,2013,3.951240063
South Korea,2014,4.077859879
South Korea,2015,3.978199959
South Korea,2016,3.987040043
South Korea,2017,4.292059898
South Korea,2018,4.527530193
Spain,1996,0.787530005
Spain,1997,0.777809978
Spain,1998,0.848039985
Spain,1999,0.838540018
Spain,2000,0.882759988
Spain,2001,0.888329983
Spain,2002,0.959710002
Spain,2003,1.02373004
Spain,2004,1.040889978
Spain,2005,1.099560022
Spain,2006,1.177019954
Spain,2007,1.240530014
Spain,2008,1.325000048
Spain,2009,1.363639951
Spain,2010,1.35995996
Spain,2011,1.333410025
Spain,2012,1.298769951
Spain,2013,1.27523005
Spain,2014,1.242130041
Spain,2015,1.222360015
Spain,2016,1.190479994
Spain,2017,1.210409999
Spain,2018,1.243229985
Sri Lanka,1996,0.183559999
Sri Lanka,2000,0.143920004
Sri Lanka,2004,0.182099998
Sri Lanka,2006,0.174199998
Sri Lanka,2008,0.114440002
Sri Lanka,2010,0.136869997
Sri Lanka,2013,0.100809999
Sri Lanka,2014,0.099890001
Sri Lanka,2015,0.108709998
Sri Lanka,2016,0.128539994
Sri Lanka,2017,0.127580002
Sub-Saharan Africa,2007,0.483597785
Sudan,1999,0.530070007
Sudan,2000,0.472770005
Sudan,2001,0.446859986
Sudan,2002,0.395090014
Sudan,2003,0.339819998
Sudan,2004,0.295859993
Sudan,2005,0.298440009
Sweden,1997,3.273940086
Sweden,1999,3.38132
Sweden,2001,3.873800039
Sweden,2003,3.579479933
Sweden,2004,3.361289978
Sweden,2005,3.35958004
Sweden,2006,3.474999905
Sweden,2007,3.233829975
Sweden,2008,3.469990015
Sweden,2009,3.395279884
Sweden,2010,3.167890072
Sweden,2011,3.187020063
Sweden,2012,3.230249882
Sweden,2013,3.260420084
Sweden,2014,3.101840019
Sweden,2015,3.219029903
Sweden,2016,3.247359991
Sweden,2017,3.362790108
Sweden,2018,3.312779903
Switzerland,1996,2.448570013
Switzerland,2000,2.323440075
Switzerland,2004,2.672689915
Switzerland,2008,2.714720011
Switzerland,2012,3.186229944
Switzerland,2015,3.371599913
Switzerland,2017,3.367980003
Syria,2015,0.02053
Tajikistan,2001,0.089529999
Tajikistan,2002,0.07068
Tajikistan,2003,0.068850003
Tajikistan,2004,0.066969998
Tajikistan,2005,0.095700003
Tajikistan,2006,0.107320003
Tajikistan,2007,0.067780003
Tajikistan,2008,0.06983
Tajikistan,2009,0.085770003
Tajikistan,2010,0.089139998
Tajikistan,2011,0.121480003
Tajikistan,2012,0.114320002
Tajikistan,2013,0.11851
Tajikistan,2014,0.116240002
Tajikistan,2015,0.108879998
Tajikistan,2016,0.106830001
Tajikistan,2017,0.115359999
Tajikistan,2018,0.097029999
Tanzania,2007,0.334619999
Tanzania,2010,0.373070002
Tanzania,2013,0.514559984
Thailand,1996,0.119180001
Thailand,1997,0.102140002
Thailand,1999,0.248359993
Thailand,2000,0.244709998
Thailand,2001,0.252310008
Thailand,2002,0.230550006
Thailand,2003,0.245340005
Thailand,2004,0.238279998
Thailand,2005,0.218889996
Thailand,2006,0.232710004
Thailand,2007,0.200800002
Thailand,2008,0.203309998
Thailand,2009,0.234549999
Thailand,2011,0.36146
Thailand,2013,0.44163999
Thailand,2014,0.479880005
Thailand,2015,0.61609
Thailand,2016,0.77816999
Thailand,2017,1.001790047
Togo,2010,0.234760001
Togo,2012,0.223240003
Togo,2014,0.266539991
Trinidad and Tobago,1996,0.103249997
Trinidad and Tobago,1997,0.115529999
Trinidad and Tobago,1998,0.127149999
Trinidad and Tobago,1999,0.122919999
Trinidad and Tobago,2000,0.108000003
Trinidad and Tobago,2001,0.104170002
Trinidad and Tobago,2002,0.131779999
Trinidad and Tobago,2003,0.115010001
Trinidad and Tobago,2004,0.114409998
Trinidad and Tobago,2005,0.114309996
Trinidad and Tobago,2006,0.072329998
Trinidad and Tobago,2007,0.059220001
Trinidad and Tobago,2008,0.030719999
Trinidad and Tobago,2009,0.056650002
Trinidad and Tobago,2010,0.047710001
Trinidad and Tobago,2011,0.040240001
Trinidad and Tobago,2012,0.043779999
Trinidad and Tobago,2013,0.056669999
Trinidad and Tobago,2014,0.081720002
Trinidad and Tobago,2015,0.086230002
Trinidad and Tobago,2016,0.09183
Trinidad and Tobago,2017,0.091119997
Trinidad and Tobago,2018,0.08399
Tunisia,2002,0.54302001
Tunisia,2003,0.650430024
Tunisia,2004,0.730949998
Tunisia,2005,0.711950004
Tunisia,2006,0.677259982
Tunisia,2007,0.665509999
Tunisia,2008,0.639400005
Tunisia,2009,0.706439972
Tunisia,2010,0.690259993
Tunisia,2011,0.708630025
Tunisia,2012,0.682060003
Tunisia,2013,0.670710027
Tunisia,2014,0.654229999
Tunisia,2015,0.62936002
Tunisia,2016,0.60364002
Tunisia,2018,0.601320028
Turkey,1996,0.451590002
Turkey,1997,0.49169001
Turkey,1998,0.362239987
Turkey,1999,0.456459999
Turkey,2000,0.467830002
Turkey,2001,0.526380002
Turkey,2002,0.51293999
Turkey,2003,0.469449997
Turkey,2004,0.502149999
Turkey,2005,0.569310009
Turkey,2006,0.557489991
Turkey,2007,0.691820025
Turkey,2008,0.692920029
Turkey,2009,0.809400022
Turkey,2010,0.798919976
Turkey,2011,0.799880028
Turkey,2012,0.83217001
Turkey,2013,0.818210006
Turkey,2014,0.860769987
Turkey,2015,0.881500006
Turkey,2016,0.944639981
Turkey,2017,0.959779978
Uganda,2002,0.367559999
Uganda,2003,0.256119996
Uganda,2004,0.260560006
Uganda,2005,0.21514
Uganda,2006,0.300330013
Uganda,2007,0.388209999
Uganda,2008,0.326319993
Uganda,2009,0.257550001
Uganda,2010,0.362839997
Uganda,2014,0.143810004
Ukraine,1997,1.192299962
Ukraine,1998,1.069929957
Ukraine,1999,0.969680011
Ukraine,2000,0.96213001
Ukraine,2001,1.024289966
Ukraine,2002,0.999170005
Ukraine,2003,1.112869978
Ukraine,2004,1.08257997
Ukraine,2005,1.031970024
Ukraine,2006,0.949999988
Ukraine,2007,0.854030013
Ukraine,2008,0.847270012
Ukraine,2009,0.857270002
Ukraine,2010,0.833459973
Ukraine,2011,0.737800002
Ukraine,2012,0.751670003
Ukraine,2013,0.761749983
Ukraine,2014,0.650340021
Ukraine,2015,0.614769995
Ukraine,2016,0.483390003
Ukraine,2017,0.448390007
Ukraine,2018,0.471089989
United Arab Emirates,2011,0.486220002
United Arab Emirates,2014,0.693599999
United Arab Emirates,2015,0.895039976
United Arab Emirates,2016,0.963660002
United Arab Emirates,2018,1.278360009
United Kingdom,1996,1.580170035
United Kingdom,1997,1.539100051
United Kingdom,1998,1.551069975
United Kingdom,1999,1.627920032
United Kingdom,2000,1.617120028
United Kingdom,2001,1.604769945
United Kingdom,2002,1.614969969
United Kingdom,2003,1.582389951
United Kingdom,2004,1.533800006
United Kingdom,2005,1.552790046
United Kingdom,2006,1.573169947
United Kingdom,2007,1.612890005
United Kingdom,2008,1.612720013
United Kingdom,2009,1.671249986
United Kingdom,2010,1.645640016
United Kingdom,2011,1.649590015
United Kingdom,2012,1.577160001
United Kingdom,2013,1.620280027
United Kingdom,2014,1.643399954
United Kingdom,2015,1.649850011
United Kingdom,2016,1.660230041
United Kingdom,2017,1.680220008
United Kingdom,2018,1.702739954
United States,1996,2.450010061
United States,1997,2.479830027
United States,1998,2.504009962
United States,1999,2.549649954
United States,2000,2.628789902
United States,2001,2.648299932
United States,2002,2.559259892
United States,2003,2.564549923
United States,2004,2.502429962
United States,2005,2.516969919
United States,2006,2.557640076
United States,2007,2.631609917
United States,2008,2.767910004
United States,2009,2.812700033
United States,2010,2.735399961
United States,2011,2.765249968
United States,2012,2.681659937
United States,2013,2.709719896
United States,2014,2.71923995
United States,2015,2.717420101
United States,2016,2.761450052
United States,2017,2.817409992
United States,2018,2.832829952
United States Virgin Islands,2002,0.066030003
United States Virgin Islands,2003,0.03765
United States Virgin Islands,2004,0.034219999
United States Virgin Islands,2005,0.02929
United States Virgin Islands,2006,0.03108
United States Virgin Islands,2007,0.027070001
Upper middle income,1996,0.492046088
Upper middle income,1997,0.535146296
Upper middle income,1999,0.570398808
Upper middle income,2000,0.680519462
Upper middle income,2001,0.715818465
Upper middle income,2002,0.771987975
Upper middle income,2003,0.81695497
Upper middle income,2004,0.843708217
Upper middle income,2005,0.897782683
Upper middle income,2006,0.917114317
Upper middle income,2007,0.965361297
Upper middle income,2008,1.008768916
Upper middle income,2009,1.183186054
Upper middle income,2010,1.219422579
Upper middle income,2011,1.210552096
Upper middle income,2012,1.324934721
Upper middle income,2013,1.377883434
Upper middle income,2014,1.422488451
Upper middle income,2015,1.52293539
Upper middle income,2016,1.559561253
Upper middle income,2017,1.553647757
Upper middle income,2018,1.643225551
Uruguay,1996,0.265009999
Uruguay,1997,0.349940002
Uruguay,1998,0.191860005
Uruguay,1999,0.224169999
Uruguay,2000,0.209250003
Uruguay,2002,0.238179997
Uruguay,2006,0.365390003
Uruguay,2007,0.424719989
Uruguay,2008,0.379729986
Uruguay,2009,0.412519991
Uruguay,2010,0.341149986
Uruguay,2011,0.348699987
Uruguay,2012,0.327600002
Uruguay,2013,0.321130008
Uruguay,2014,0.335790008
Uruguay,2015,0.364459991
Uruguay,2016,0.408450007
Uruguay,2017,0.483929992
Uruguay,2018,0.418650001
Uzbekistan,2000,0.360630006
Uzbekistan,2001,0.34544
Uzbekistan,2002,0.293559998
Uzbekistan,2003,0.268249989
Uzbekistan,2004,0.270410001
Uzbekistan,2005,0.237409994
Uzbekistan,2006,0.223949999
Uzbekistan,2007,0.217209995
Uzbekistan,2008,0.193540007
Uzbekistan,2009,0.203150004
Uzbekistan,2010,0.164499998
Uzbekistan,2011,0.158419997
Uzbekistan,2012,0.1646
Uzbekistan,2013,0.164399996
Uzbekistan,2014,0.161719993
Uzbekistan,2015,0.173730001
Uzbekistan,2016,0.181559995
Uzbekistan,2017,0.155660003
Uzbekistan,2018,0.130030006
Venezuela,2005,0.189070001
Venezuela,2006,0.317420006
Venezuela,2007,0.201100007
Venezuela,2008,0.238030002
Venezuela,2009,0.240140006
Venezuela,2010,0.188229993
Venezuela,2011,0.152960002
Venezuela,2012,0.250099987
Venezuela,2013,0.318529993
Venezuela,2014,0.33713001
Vietnam,2002,0.192729995
Vietnam,2011,0.190439999
Vietnam,2013,0.373589993
Vietnam,2015,0.441130012
Vietnam,2017,0.526740015
World,1996,1.974266529
World,1997,1.970781088
World,1998,1.984868288
World,1999,2.059975386
World,2000,2.061104536
World,2001,2.079885244
World,2002,2.043514013
World,2003,2.032611609
World,2004,1.984315038
World,2005,1.965891004
World,2006,1.975037813
World,2007,1.941441894
World,2008,1.99534905
World,2009,2.032158613
World,2010,2.017327309
World,2011,2.003960609
World,2012,2.033520222
World,2013,1.989148617
World,2014,2.067600965
World,2015,2.085968494
World,2016,2.116432667
World,2017,2.127814531
World,2018,2.202624559
Zambia,1996,0.01104
Zambia,1997,0.00737
Zambia,2002,0.00544
Zambia,2003,0.00847
Zambia,2004,0.022229999
Zambia,2005,0.02493
Zambia,2008,0.278189987
