Entity,Year,"Government expenditure on education, total (% of government expenditure)"
Afghanistan,2010,17.0675602
Afghanistan,2011,16.04842949
Afghanistan,2013,14.10280037
Afghanistan,2014,14.46592999
Afghanistan,2015,12.50899982
Afghanistan,2016,13.0909996
Afghanistan,2017,12.03320026
Afghanistan,2018,11.69606018
Afghanistan,2019,11.34377003
Afghanistan,2020,10.25386047
Afghanistan,2021,10.88010979
Albania,1997,11.15338993
Albania,1998,9.624070168
Albania,1999,9.682459831
Albania,2000,10.13702965
Albania,2001,10.58193016
Albania,2002,9.886919975
Albania,2003,10.57359982
Albania,2004,10.70316029
Albania,2005,11.35797024
Albania,2006,10.93295002
Albania,2007,11.17718983
Albania,2013,12.12390995
Albania,2015,11.17755032
Albania,2016,13.59696007
Albania,2017,12.39080048
Albania,2019,13.43546963
Algeria,2008,11.42835045
Algeria,2016,16.11104012
Algeria,2017,17.55604935
Algeria,2018,13.77495003
Algeria,2019,14.46348
Algeria,2020,16.54919052
Algeria,2021,16.2131691
Andorra,2009,13.45308018
Andorra,2013,6.195529938
Andorra,2014,13.31521034
Andorra,2015,10.44281006
Andorra,2016,9.990980148
Andorra,2017,9.392439842
Andorra,2018,13.46191978
Andorra,2019,10.89523983
Andorra,2020,8.991869926
Andorra,2021,10.26473999
Angola,1998,6.114679813
Angola,2000,5.255080223
Angola,2005,7.992350101
Angola,2006,7.454790115
Angola,2010,8.68476963
Angola,2011,8.958499908
Angola,2012,9.864780426
Angola,2013,9.693559647
Angola,2014,7.1322999
Angola,2015,8.918780327
Angola,2016,6.550970078
Angola,2017,6.763780117
Angola,2018,5.41023016
Angola,2019,6.045360088
Angola,2020,6.467229843
Angola,2021,6.919610023
Antigua and Barbuda,1999,12.43941021
Antigua and Barbuda,2002,11.70153999
Antigua and Barbuda,2009,6.928140163
Antigua and Barbuda,2016,6.762650013
Antigua and Barbuda,2017,7.391799927
Antigua and Barbuda,2018,7.230619907
Antigua and Barbuda,2019,8.54749012
Antigua and Barbuda,2020,8.94178009
Antigua and Barbuda,2021,9.903229713
Argentina,1996,15.39877033
Argentina,1998,15.62125969
Argentina,1999,15.87753963
Argentina,2000,16.22615051
Argentina,2001,16.35596085
Argentina,2002,16.44220924
Argentina,2003,14.35472012
Argentina,2004,15.13930035
Argentina,2005,15.8031702
Argentina,2006,15.50984001
Argentina,2007,15.10157013
Argentina,2008,15.74783993
Argentina,2009,16.02066994
Argentina,2010,15.04796982
Argentina,2011,15.1585598
Argentina,2012,14.51826
Argentina,2013,14.45792961
Argentina,2014,13.79932976
Argentina,2015,13.96331024
Argentina,2016,13.35554028
Argentina,2017,13.26391983
Argentina,2018,12.52334023
Argentina,2019,12.5300703
Armenia,2005,13.64809036
Armenia,2006,13.57851982
Armenia,2007,13.46558952
Armenia,2008,14.26844978
Armenia,2009,13.45121956
Armenia,2010,12.40050983
Armenia,2011,12.59333992
Armenia,2012,12.36896992
Armenia,2013,11.13675976
Armenia,2014,9.367119789
Armenia,2015,10.65635967
Armenia,2016,10.19719982
Armenia,2017,10.40312958
Armenia,2018,8.98857975
Armenia,2020,8.682490349
Armenia,2021,8.278089523
Aruba,1998,22.08238983
Aruba,1999,19.27891922
Aruba,2000,21.82275963
Aruba,2001,21.3203907
Aruba,2002,19.75715065
Aruba,2004,14.89785957
Aruba,2005,18.90070915
Aruba,2007,20.78879929
Aruba,2008,19.03619957
Aruba,2009,21.53726006
Aruba,2010,22.14365959
Aruba,2011,21.74546051
Aruba,2012,20.63408089
Aruba,2013,21.87458992
Aruba,2014,19.61272049
Aruba,2015,22.85499001
Aruba,2016,21.36655045
Australia,1988,13.24973011
Australia,1989,13.35091972
Australia,1990,13.59171963
Australia,1991,14.06530952
Australia,1992,13.20401955
Australia,1993,15.01692009
Australia,1994,14.29701996
Australia,1995,14.77005959
Australia,1996,14.24612045
Australia,2000,13.36015987
Australia,2005,13.58512974
Australia,2006,13.17819977
Australia,2007,13.03026962
Australia,2008,12.59972
Australia,2009,13.42166996
Australia,2010,14.32400036
Australia,2011,13.48499966
Australia,2012,13.17440033
Australia,2013,14.04139042
Australia,2014,13.88379002
Australia,2015,14.08578968
Australia,2016,13.8043499
Australia,2017,13.60291958
Australia,2018,13.48046017
Austria,1989,11.28604031
Austria,1990,11.51311016
Austria,1991,11.75020981
Austria,1992,11.75971031
Austria,1993,11.0731802
Austria,1995,10.50611973
Austria,1996,9.740949631
Austria,1998,11.29195023
Austria,1999,12.15056992
Austria,2000,11.03322029
Austria,2001,10.85632038
Austria,2002,10.53232956
Austria,2003,10.73962021
Austria,2004,9.873330116
Austria,2005,10.26185036
Austria,2006,10.37458038
Austria,2007,10.45228958
Austria,2008,10.55515003
Austria,2009,10.58393002
Austria,2010,10.78913021
Austria,2011,10.9884901
Austria,2012,10.70118046
Austria,2013,10.74028969
Austria,2014,10.41116047
Austria,2015,10.69347954
Austria,2016,10.95384979
Austria,2017,10.93031025
Austria,2018,10.72770023
Azerbaijan,1995,41.40279007
Azerbaijan,1996,24.11672974
Azerbaijan,1998,18.75694084
Azerbaijan,1999,21.60498047
Azerbaijan,2000,21.11907959
Azerbaijan,2001,20.87755013
Azerbaijan,2002,13.63072014
Azerbaijan,2003,15.17084026
Azerbaijan,2004,14.23503971
Azerbaijan,2005,13.22315025
Azerbaijan,2006,10.10042
Azerbaijan,2007,9.779370308
Azerbaijan,2008,7.763840199
Azerbaijan,2009,9.343930244
Azerbaijan,2010,8.700839996
Azerbaijan,2011,7.219860077
Azerbaijan,2012,5.643670082
Azerbaijan,2013,6.464129925
Azerbaijan,2014,7.238729954
Azerbaijan,2015,7.631100178
Azerbaijan,2016,8.206899643
Azerbaijan,2017,6.950399876
Azerbaijan,2018,7.410520077
Azerbaijan,2019,8.07215023
Azerbaijan,2020,10.5025301
Azerbaijan,2021,11.4832201
Bahamas,2000,18.76528931
Bahamas,2015,11.81881046
Bahamas,2016,11.88607979
Bahamas,2017,10.57621956
Bahamas,2018,11.41967964
Bahamas,2019,11.26607037
Bahamas,2020,11.24431038
Bahamas,2021,10.11715031
Bahrain,2006,11.91866016
Bahrain,2007,11.02672958
Bahrain,2008,10.55867004
Bahrain,2012,8.179829597
Bahrain,2013,7.458600044
Bahrain,2014,8.684029579
Bahrain,2015,7.32818985
Bahrain,2017,7.223849773
Bangladesh,1980,5.263599873
Bangladesh,1981,6.634029865
Bangladesh,1982,6.394110203
Bangladesh,1983,6.473259926
Bangladesh,1984,8.087619781
Bangladesh,1985,8.388629913
Bangladesh,1986,9.130049706
Bangladesh,1987,10.46842957
Bangladesh,1990,11.19102955
Bangladesh,1991,11.06210041
Bangladesh,1992,12.53666973
Bangladesh,1993,12.11384964
Bangladesh,1997,15.19686985
Bangladesh,1999,18.12978935
Bangladesh,2000,20.49041939
Bangladesh,2001,18.58477974
Bangladesh,2002,15.69379997
Bangladesh,2003,16.68162918
Bangladesh,2004,15.95312023
Bangladesh,2006,17.33653069
Bangladesh,2007,18.15340042
Bangladesh,2008,17.81619072
Bangladesh,2009,14.02987003
Bangladesh,2010,21
Bangladesh,2011,16.79397011
Bangladesh,2012,15.59323978
Bangladesh,2013,13.82281971
Bangladesh,2014,14.54640007
Bangladesh,2015,13.70046043
Bangladesh,2016,11.41928005
Bangladesh,2017,16.05497932
Bangladesh,2018,11.68148041
Bangladesh,2019,9.273750305
Bangladesh,2020,11.8447504
Bangladesh,2021,11.69087029
Barbados,1999,21.16819954
Barbados,2000,22.15035057
Barbados,2001,26.88882065
Barbados,2002,24.72448921
Barbados,2003,18.58456039
Barbados,2004,18.61813927
Barbados,2005,18.24297905
Barbados,2007,17.22097015
Barbados,2008,15.71065044
Barbados,2009,16.10058022
Barbados,2010,18.09633064
Barbados,2012,16.70269012
Barbados,2013,14.84482002
Barbados,2014,17.45105934
Barbados,2015,18.51855087
Barbados,2016,13.36244965
Barbados,2017,12.87915039
Barbados,2018,16.3585701
Barbados,2019,10.77849007
Barbados,2020,16.14246941
Barbados,2021,16.5802002
Belarus,2004,12.55235004
Belarus,2005,12.62010956
Belarus,2006,12.45032024
Belarus,2007,10.1337204
Belarus,2009,8.449549675
Belarus,2010,11.77812958
Belarus,2011,11.62664986
Belarus,2012,12.75230026
Belarus,2013,12.27398968
Belarus,2014,12.40672016
Belarus,2015,11.46173
Belarus,2016,12.1587801
Belarus,2017,12.28168964
Belarus,2018,13.26403999
Belarus,2019,13.23215008
Belarus,2020,12.89661026
Belarus,2021,16.53804016
Belgium,1981,10.27493954
Belgium,1982,9.252189636
Belgium,1986,8.609390259
Belgium,1987,8.183400154
Belgium,1988,8.165590286
Belgium,1993,10.18002987
Belgium,1994,10.28120995
Belgium,1995,5.828969955
Belgium,1996,5.897059917
Belgium,2005,11.17551994
Belgium,2008,12.47245026
Belgium,2009,11.81054974
Belgium,2010,11.95765018
Belgium,2011,11.6301403
Belgium,2013,11.81567955
Belgium,2014,11.85340977
Belgium,2015,12.00967979
Belgium,2016,12.16495037
Belgium,2017,12.35070992
Belgium,2018,12.22383976
Belize,1999,19.18408012
Belize,2000,15.61225986
Belize,2001,18.30537033
Belize,2003,16.13167
Belize,2004,16.24847031
Belize,2008,18.89439011
Belize,2009,21.97053909
Belize,2010,22.75577927
Belize,2013,22.18861961
Belize,2014,22.11071014
Belize,2015,21.55191994
Belize,2016,20.50201988
Belize,2017,21.65851021
Belize,2018,22.11375046
Belize,2019,22.09441948
Belize,2020,21.52098083
Belize,2021,22.17474937
Benin,1998,18.46174049
Benin,1999,17.88518906
Benin,2000,13.51319981
Benin,2001,15.31058025
Benin,2002,14.12907982
Benin,2003,16.68252945
Benin,2004,19.2139492
Benin,2005,18.79039001
Benin,2006,19.70960999
Benin,2007,14.94869041
Benin,2008,19.08857918
Benin,2009,18.17561913
Benin,2010,26.14396095
Benin,2011,20.95630074
Benin,2012,25.02131081
Benin,2013,22.34122086
Benin,2014,22.22771072
Benin,2015,17.4795208
Benin,2016,18.79140091
Benin,2017,19.87965012
Benin,2018,17.70918083
Bermuda,2003,11.03660011
Bermuda,2004,11.11384964
Bermuda,2005,12.10540009
Bermuda,2009,13.97043037
Bermuda,2010,12.93424034
Bermuda,2014,7.796440125
Bermuda,2015,9.018799782
Bermuda,2017,7.773469925
Bhutan,2000,14.15408039
Bhutan,2001,13.44834995
Bhutan,2004,18.8022995
Bhutan,2005,22.99592018
Bhutan,2008,15.64472961
Bhutan,2009,12.86166954
Bhutan,2010,11.79368973
Bhutan,2011,13.05737019
Bhutan,2012,17.52339935
Bhutan,2013,15.63381958
Bhutan,2014,17.03030968
Bhutan,2015,25.52448082
Bhutan,2016,24.64319992
Bhutan,2017,23.45727921
Bhutan,2018,21.87844086
Bhutan,2019,20.38315964
Bhutan,2020,15.78534031
Bhutan,2021,16.24025917
Botswana,1983,14.32691002
Botswana,1984,15.51869965
Botswana,1985,15.4298296
Botswana,1986,15.49168968
Botswana,1987,16.69395065
Botswana,1988,16.03128052
Botswana,1990,16.51087952
Botswana,1992,16.31501961
Botswana,2005,25.8235302
Botswana,2007,26.50778961
Botswana,2009,20.47739983
Botswana,2015,17.52825928
Botswana,2016,16.50358963
Botswana,2017,22.20000076
Botswana,2018,15.60871029
Botswana,2019,15.35272026
Brazil,1998,11.62985992
Brazil,1999,9.600270271
Brazil,2000,11.45215988
Brazil,2001,10.61093998
Brazil,2002,9.637000084
Brazil,2004,10.41242981
Brazil,2005,11.26471996
Brazil,2006,12.42636967
Brazil,2007,13.22266006
Brazil,2008,14.08339977
Brazil,2009,14.72636032
Brazil,2010,14.15985966
Brazil,2011,15.26900005
Brazil,2012,15.72778034
Brazil,2013,15.59270954
Brazil,2014,15.44384003
Brazil,2015,16.21810913
Brazil,2016,15.92883015
Brazil,2017,16.50490952
Brazil,2018,16.1483593
British Virgin Islands,2015,15.23056984
British Virgin Islands,2016,14.38938046
British Virgin Islands,2017,15.00934982
British Virgin Islands,2018,13.99639034
British Virgin Islands,2019,12.19546032
British Virgin Islands,2020,13.16137981
British Virgin Islands,2021,12.3629303
Brunei,1981,13.07098961
Brunei,1982,11.2389698
Brunei,1987,9.586009979
Brunei,1988,11.84342957
Brunei,1989,10.06579018
Brunei,1990,8.710269928
Brunei,1991,8.226819992
Brunei,1992,9.18062973
Brunei,1993,9.276000023
Brunei,1998,8.760890007
Brunei,1999,8.893429756
Brunei,2000,8.920740128
Brunei,2010,5.302080154
Brunei,2011,9.182189941
Brunei,2012,9.726420403
Brunei,2014,9.984600067
Brunei,2016,11.44194984
Bulgaria,1998,8.951020241
Bulgaria,2001,9.277739525
Bulgaria,2002,9.654319763
Bulgaria,2003,11.18025017
Bulgaria,2004,6.703000069
Bulgaria,2005,12.07252026
Bulgaria,2006,12.01047993
Bulgaria,2007,11.11392021
Bulgaria,2008,12.61225986
Bulgaria,2009,12.65674973
Bulgaria,2010,11.16341972
Bulgaria,2011,11.10004997
Bulgaria,2012,10.69091988
Bulgaria,2013,11.43980026
Bulgaria,2017,12.73095036
Burkina Faso,1988,7.212820053
Burkina Faso,1994,19.94968033
Burkina Faso,1996,7.34017992
Burkina Faso,2005,19.49419022
Burkina Faso,2006,18.20170021
Burkina Faso,2007,17.86381912
Burkina Faso,2010,16.17281914
Burkina Faso,2011,19.50061035
Burkina Faso,2012,15.89538002
Burkina Faso,2013,16.16527939
Burkina Faso,2014,19.36811066
Burkina Faso,2015,18.02708054
Burkina Faso,2017,21.44400024
Burkina Faso,2018,22.66116905
Burundi,1991,18.86403084
Burundi,1992,18.12272072
Burundi,1994,16.75643921
Burundi,1995,23.79244041
Burundi,1996,16.71360016
Burundi,1999,13.51863956
Burundi,2000,10.73526001
Burundi,2001,11.43313026
Burundi,2002,12.48608017
Burundi,2004,9.179080009
Burundi,2005,10.95926952
Burundi,2008,12.61553955
Burundi,2009,16.30168915
Burundi,2010,16.58810043
Burundi,2011,14.97929955
Burundi,2012,16.42831993
Burundi,2013,17.24325943
Burundi,2014,23.84000015
Burundi,2015,27.49724007
Burundi,2016,20.78461075
Burundi,2017,19.76485062
Burundi,2018,18.79343033
Cambodia,1998,9.392000198
Cambodia,2000,11.07901001
Cambodia,2001,11.38078976
Cambodia,2002,10.13757038
Cambodia,2004,12.40431023
Cambodia,2007,11.1035099
Cambodia,2009,8.165240288
Cambodia,2010,7.337470055
Cambodia,2011,7.335400105
Cambodia,2012,7.199850082
Cambodia,2013,9.59706974
Cambodia,2014,8.791600227
Cambodia,2018,9.385020256
Cameroon,2000,11.68369961
Cameroon,2001,15.73330975
Cameroon,2003,21.44202042
Cameroon,2004,20.84712029
Cameroon,2005,21.37760925
Cameroon,2006,20.31266022
Cameroon,2007,21.37933922
Cameroon,2008,15.70061016
Cameroon,2009,19.77979088
Cameroon,2010,18.75388908
Cameroon,2011,14.8677702
Cameroon,2012,15.17621994
Cameroon,2013,13.82495022
Cameroon,2014,12.87975979
Cameroon,2015,13.24398994
Cameroon,2016,12.69468975
Cameroon,2017,15.91281033
Cameroon,2018,16.88315964
Cameroon,2019,14.0946703
Cameroon,2020,14.38990974
Cameroon,2021,14.8910799
Canada,1981,15.57890034
Canada,1982,15.53180981
Canada,1983,14.77497005
Canada,1984,14.09080029
Canada,1985,13.2368803
Canada,1986,12.68319988
Canada,1987,13.45582962
Canada,1988,13.53853989
Canada,1989,13.56976986
Canada,1990,13.19062042
Canada,1991,14.26379967
Canada,1992,13.11614037
Canada,1993,14.62347984
Canada,1994,12.93443012
Canada,1995,12.86363029
Canada,1998,12.63957977
Canada,1999,12.74188042
Canada,2000,12.98260021
Canada,2001,12.21224022
Canada,2002,12.14789963
Canada,2005,12.17807007
Canada,2007,12.32855988
Canada,2008,12.00996017
Canada,2009,12.48363972
Canada,2010,12.33596039
Canada,2011,12.21914005
Cape Verde,1998,17.25592041
Cape Verde,1999,16.76194
Cape Verde,2002,19.76622963
Cape Verde,2004,20.8404808
Cape Verde,2006,17.54058075
Cape Verde,2007,18.32875061
Cape Verde,2008,18.24098969
Cape Verde,2009,15.88654995
Cape Verde,2010,14.21689987
Cape Verde,2011,15.15328026
Cape Verde,2013,14.77822971
Cape Verde,2014,16.28219032
Cape Verde,2015,16.74822998
Cape Verde,2016,17.84300995
Cape Verde,2017,16.41258049
Cape Verde,2018,17.56854057
Cape Verde,2019,15.15369987
Cape Verde,2020,17.09019089
Cape Verde,2021,15.11297989
Central African Republic,1990,11.14008045
Central African Republic,1991,9.923370361
Central African Republic,1999,8.949319839
Central African Republic,2000,9.93076992
Central African Republic,2002,9.214730263
Central African Republic,2003,12.02801991
Central African Republic,2004,12.0644598
Central African Republic,2005,9.680470467
Central African Republic,2006,10.05424023
Central African Republic,2007,9.869480133
Central African Republic,2008,7.860000134
Central African Republic,2009,7.836929798
Central African Republic,2010,6.475379944
Central African Republic,2011,7.825459957
Central African Republic,2015,8.386739731
Central African Republic,2016,7.319019794
Central African Republic,2017,8.895050049
Central African Republic,2018,9.135499954
Central African Republic,2019,9.797809601
Central African Republic,2020,9.782440186
Central African Republic,2021,9.088689804
Chad,1997,12.89865971
Chad,1998,11.07153034
Chad,1999,17.05998039
Chad,2000,12.84449005
Chad,2001,13.78684998
Chad,2004,11.03190041
Chad,2005,14.67282009
Chad,2009,9.541589737
Chad,2010,8.119279861
Chad,2011,10.08325958
Chad,2012,9.212409973
Chad,2013,12.46146011
Chad,2014,9.899999619
Chad,2015,8.899999619
Chad,2016,13
Chad,2017,16.3627491
Chad,2019,14.21378994
Chad,2020,11.67150974
Chad,2021,15.12629032
Chile,1993,13.5188303
Chile,1994,14.13241959
Chile,1995,15.02462006
Chile,1996,15.75998974
Chile,1997,14.5041399
Chile,1998,15.1703701
Chile,1999,15.65221977
Chile,2000,16.42790985
Chile,2002,17.45059967
Chile,2003,17.63722038
Chile,2004,17.0210495
Chile,2005,16.19908905
Chile,2006,16.23127937
Chile,2007,16.74641037
Chile,2008,17.40113068
Chile,2009,17.0356102
Chile,2010,17.84355927
Chile,2011,17.7497406
Chile,2013,19.64569092
Chile,2014,19.92071915
Chile,2015,19.59404945
Chile,2016,21.15547943
Chile,2017,21.31155014
Chile,2018,21.37952995
China,1983,9.563249588
China,1984,9.76224041
China,1985,10.68737984
China,1986,10.43900967
China,1987,9.461580276
China,1988,10.74394035
China,1992,12.2905302
China,1993,14.77394962
China,1994,20.0649395
China,1995,18.71717072
China,1996,19.50534058
China,1998,14.55140972
China,1999,12.63156033
China,2010,13.55206966
China,2011,13.0781002
China,2012,14.4071703
China,2013,13.31540966
China,2014,12.75261021
China,2015,12.25983047
China,2016,12.26955986
China,2017,12.15530014
China,2018,11.45069027
Colombia,1984,18.09229088
Colombia,1985,16.40752029
Colombia,1989,17.22545052
Colombia,1998,12.47535992
Colombia,1999,13.15192986
Colombia,2000,13.29638958
Colombia,2001,13.57052994
Colombia,2002,15.30206013
Colombia,2003,15.53950024
Colombia,2004,15.41742039
Colombia,2005,15.53145027
Colombia,2006,13.77132034
Colombia,2007,14.4981699
Colombia,2008,13.8549099
Colombia,2009,15.45088005
Colombia,2010,15.92683029
Colombia,2011,14.77202988
Colombia,2012,15.02233982
Colombia,2013,16.26272964
Colombia,2014,14.80897999
Colombia,2015,14.29273033
Colombia,2016,14.92718983
Colombia,2017,15.46874046
Colombia,2018,12.83718967
Colombia,2019,14.13658047
Comoros,1998,17.1350708
Comoros,2002,15.78971958
Comoros,2008,29.23311996
Comoros,2011,21.41486931
Comoros,2012,18.49151039
Comoros,2013,16.07073021
Comoros,2014,18.88953018
Comoros,2015,13.35217953
Congo,1994,22.41246986
Congo,1995,14.70777988
Congo,1998,14.12652969
Congo,2002,9.054849625
Congo,2003,9.519949913
Congo,2004,8.56180954
Congo,2005,7.597819805
Congo,2010,24.72777939
Congo,2014,6.555920124
Congo,2015,7.950399876
Congo,2016,11.37230015
Congo,2017,15.68577003
Congo,2018,15.58279991
Congo,2019,16.66432953
Congo,2020,17.08305931
Congo,2021,16.5838604
Costa Rica,1986,30.32237053
Costa Rica,1988,18.36396027
Costa Rica,1989,17.65909004
Costa Rica,1995,16.74369049
Costa Rica,1996,19.11466026
Costa Rica,1999,21.9236908
Costa Rica,2000,18.81950951
Costa Rica,2001,19.15282059
Costa Rica,2002,19.2404995
Costa Rica,2003,20.15172005
Costa Rica,2004,20.43088913
Costa Rica,2006,20.64333916
Costa Rica,2007,21.02189064
Costa Rica,2008,20.81096077
Costa Rica,2009,23.40822029
Costa Rica,2010,22.88088989
Costa Rica,2011,23.00962067
Costa Rica,2012,23.50156021
Costa Rica,2013,22.83090973
Costa Rica,2014,23.1095295
Costa Rica,2015,23.37343025
Costa Rica,2016,23.42320061
Costa Rica,2017,30.15142059
Costa Rica,2018,26.08666992
Costa Rica,2019,24.55101013
Costa Rica,2020,21.53948021
Cote d'Ivoire,1997,19.22014999
Cote d'Ivoire,1998,18.81475067
Cote d'Ivoire,1999,21.67118073
Cote d'Ivoire,2000,20.80694962
Cote d'Ivoire,2001,23.20203018
Cote d'Ivoire,2002,22.59230042
Cote d'Ivoire,2003,22.6482296
Cote d'Ivoire,2004,22.10716057
Cote d'Ivoire,2005,21.84568977
Cote d'Ivoire,2006,20.01789093
Cote d'Ivoire,2007,20.75588036
Cote d'Ivoire,2008,21.52691078
Cote d'Ivoire,2009,22.19046974
Cote d'Ivoire,2010,22.77275085
Cote d'Ivoire,2011,22.42686081
Cote d'Ivoire,2012,20.85876083
Cote d'Ivoire,2013,21.57472992
Cote d'Ivoire,2014,21.76678085
Cote d'Ivoire,2015,21.17321968
Cote d'Ivoire,2016,22.38759995
Cote d'Ivoire,2017,20.63349915
Cote d'Ivoire,2018,18.2890892
Cote d'Ivoire,2019,17.37957954
Cote d'Ivoire,2020,15.08218002
Cote d'Ivoire,2021,14.97817993
Croatia,2002,7.530509949
Croatia,2003,7.721700191
Croatia,2004,7.820380211
Croatia,2007,8.701210022
Croatia,2008,9.339429855
Croatia,2009,8.985600471
Croatia,2010,8.738349915
Croatia,2011,8.475230217
Croatia,2013,9.460370064
Croatia,2017,8.638710022
Cyprus,1999,13.90412045
Cyprus,2000,14.26830959
Cyprus,2001,14.3215704
Cyprus,2002,14.91421032
Cyprus,2003,16.51523018
Cyprus,2004,15.83298016
Cyprus,2005,15.83936024
Cyprus,2006,16.17962074
Cyprus,2007,16.72047997
Cyprus,2008,17.59074974
Cyprus,2009,17.20125008
Cyprus,2010,15.64949036
Cyprus,2011,15.49765015
Cyprus,2013,15.36213017
Cyprus,2014,15.92778015
Cyprus,2015,16.02495956
Cyprus,2016,16.40278053
Cyprus,2017,15.67893028
Czechia,1996,9.247540474
Czechia,1998,8.548419952
Czechia,1999,8.908530235
Czechia,2000,8.912289619
Czechia,2001,8.676460266
Czechia,2002,8.864800453
Czechia,2003,8.382659912
Czechia,2004,9.433070183
Czechia,2005,9.202969551
Czechia,2006,10.19694042
Czechia,2007,9.576950073
Czechia,2008,9.214639664
Czechia,2009,9.437330246
Czechia,2010,9.340490341
Czechia,2011,9.92718029
Czechia,2012,9.556850433
Czechia,2013,9.60243988
Czechia,2014,9.413729668
Czechia,2015,13.88251972
Czechia,2016,13.97148991
Czechia,2017,9.763589859
Czechia,2018,10.51187038
Democratic Republic of Congo,2010,9.578499794
Democratic Republic of Congo,2013,16.17473984
Democratic Republic of Congo,2014,10.55391979
Democratic Republic of Congo,2015,11.73836994
Democratic Republic of Congo,2016,14.63541985
Democratic Republic of Congo,2017,14.00642014
Denmark,1986,11.41569996
Denmark,1987,12.29430008
Denmark,1988,12.40993977
Denmark,1989,11.18605995
Denmark,1991,10.60130024
Denmark,1993,13.87736988
Denmark,1994,13.47953033
Denmark,1995,13.14820957
Denmark,1996,14.1424799
Denmark,1998,14.63436985
Denmark,1999,14.54370975
Denmark,2000,15.34414959
Denmark,2001,15.54854012
Denmark,2002,15.43387985
Denmark,2003,15.14175034
Denmark,2004,15.48686028
Denmark,2005,15.77933979
Denmark,2006,15.51264
Denmark,2007,15.35669994
Denmark,2008,14.83026028
Denmark,2009,14.94417
Denmark,2010,15.10334015
Denmark,2011,15.03625965
Denmark,2012,12.4887104
Denmark,2013,15.21743965
Denmark,2014,13.82682037
Denmark,2017,15.33633041
Djibouti,1999,22.89607048
Djibouti,2000,29.38595009
Djibouti,2001,26.28001976
Djibouti,2002,25.48930931
Djibouti,2003,24.2714901
Djibouti,2004,24.70113945
Djibouti,2005,22.71504974
Djibouti,2006,24.70796013
Djibouti,2007,22.52743912
Djibouti,2010,12.32839966
Djibouti,2015,8.576439857
Djibouti,2016,12.00850964
Djibouti,2017,13.25469971
Djibouti,2018,13.99153042
Dominica,1998,17.11160088
Dominica,1999,11.41961956
Dominica,2015,10.52210045
Dominica,2016,12.69810009
Dominica,2017,9.783909798
Dominica,2018,8.445839882
Dominica,2019,8.298299789
Dominica,2020,10.66617012
Dominica,2021,8.293609619
Dominican Republic,2000,12.98847961
Dominican Republic,2001,12.50728989
Dominican Republic,2002,12.07971954
Dominican Republic,2003,9.701809883
Dominican Republic,2007,12.57787991
Dominican Republic,2010,14.84930038
Dominican Republic,2011,16.11269951
Dominican Republic,2012,16.94490051
Dominican Republic,2013,25.93160057
Dominican Republic,2014,13.12370014
Dominican Republic,2015,22.59584999
Dominican Republic,2016,21.94519997
Dominican Republic,2017,22.34359932
Dominican Republic,2018,22.15546989
Dominican Republic,2019,22.34151077
Dominican Republic,2020,19.32287979
Dominican Republic,2021,18.01491928
East Asia and Pacific,2002,16.49723053
East Asia and Pacific,2004,16.43947983
East Asia and Pacific,2007,14.98482037
East Asia and Pacific,2008,14.07769012
East Asia and Pacific,2009,15.18871021
East Asia and Pacific,2010,15.19611931
East Asia and Pacific,2011,14.62397003
East Asia and Pacific,2012,16.07998657
East Asia and Pacific,2013,15.9555645
East Asia and Pacific,2014,14.27594566
East Asia and Pacific,2015,16.19486427
East Asia and Pacific,2016,16.21829987
East Asia and Pacific,2017,15.09342003
East Asia and Pacific,2018,14.94364548
Ecuador,1998,10.84613991
Ecuador,1999,6.665820122
Ecuador,2000,4.957300186
Ecuador,2009,13.17257023
Ecuador,2010,12.9965601
Ecuador,2011,11.97611046
Ecuador,2012,11.53415012
Ecuador,2013,11.44254017
Ecuador,2014,12.06830978
Ecuador,2015,12.59764957
Ecuador,2019,11.61851025
Ecuador,2020,11.46755028
Egypt,2003,15.3519001
Egypt,2004,14.74870968
Egypt,2005,15.04360962
Egypt,2006,11.01858997
Egypt,2007,11.20963955
Egypt,2008,10.94180012
El Salvador,1998,13.20932961
El Salvador,1999,13.04333019
El Salvador,2000,13.54397011
El Salvador,2002,14.40474987
El Salvador,2003,14.02542019
El Salvador,2005,14.16685009
El Salvador,2006,14.91919041
El Salvador,2007,15.81505013
El Salvador,2008,18.16251945
El Salvador,2009,17.95026016
El Salvador,2010,15.81840992
El Salvador,2011,15.42368031
El Salvador,2012,13.60198975
El Salvador,2013,13.39288998
El Salvador,2014,13.89083958
El Salvador,2015,14.46576023
El Salvador,2016,13.97434998
El Salvador,2017,13.46452045
El Salvador,2018,13.29150009
El Salvador,2019,12.51881981
El Salvador,2020,13.09288979
El Salvador,2021,18.13002014
Equatorial Guinea,1998,5.248139858
Eritrea,1996,2.9151299
Eritrea,1998,6.250919819
Eritrea,1999,5.565539837
Eritrea,2001,5.861609936
Eritrea,2002,5.633379936
Eritrea,2004,5.741849899
Eritrea,2006,5.168069839
Estonia,1996,19.68367958
Estonia,1997,17.69421005
Estonia,1998,16.02168083
Estonia,1999,16.35712051
Estonia,2000,14.67850018
Estonia,2001,14.9474802
Estonia,2002,15.14523029
Estonia,2003,15.0490303
Estonia,2004,14.30607986
Estonia,2005,14.25769997
Estonia,2007,13.6823101
Estonia,2008,13.8797102
Estonia,2009,12.93008995
Estonia,2010,13.64278984
Estonia,2011,13.40620041
Estonia,2012,11.99120045
Estonia,2013,12.58261967
Estonia,2014,13.31991959
Estonia,2015,12.96660042
Estonia,2016,13.10830975
Estonia,2017,12.75030041
Estonia,2018,13.39284992
Eswatini,1981,23.75299072
Eswatini,1982,20.3789196
Eswatini,1987,20.46323013
Eswatini,1988,21.77708054
Eswatini,1989,25.08986092
Eswatini,1990,23.47705078
Eswatini,1994,20.03243065
Eswatini,1995,20.65967941
Eswatini,1996,21.84551048
Eswatini,1999,20.43320084
Eswatini,2000,18.74508095
Eswatini,2001,19.65617943
Eswatini,2002,17.29376984
Eswatini,2003,22.06381989
Eswatini,2004,21.10407066
Eswatini,2005,20.89185905
Eswatini,2006,22.70756912
Eswatini,2008,21.81324005
Eswatini,2009,19.38637924
Eswatini,2010,18.28302956
Eswatini,2011,22.33392906
Eswatini,2014,24.79544067
Ethiopia,1980,12.35554028
Ethiopia,1981,12.48698997
Ethiopia,1982,12.1781702
Ethiopia,1983,9.701319695
Ethiopia,1984,11.82013035
Ethiopia,1985,10.0891304
Ethiopia,1986,10.32174969
Ethiopia,1993,13.26484013
Ethiopia,1996,13.04413986
Ethiopia,1997,14.86991978
Ethiopia,2000,14.9077301
Ethiopia,2001,14.46177006
Ethiopia,2002,16.18774986
Ethiopia,2006,23.97537994
Ethiopia,2007,24.69944954
Ethiopia,2008,26.35573006
Ethiopia,2009,23.58374977
Ethiopia,2010,26.30404091
Ethiopia,2011,29.67443085
Ethiopia,2012,30.53953934
Ethiopia,2013,27.02109909
Ethiopia,2014,25.91838074
Ethiopia,2015,27.09870911
Ethiopia,2016,23.01335907
Ethiopia,2017,26.50992012
Ethiopia,2018,24.00155067
Europe and Central Asia,1996,11.84667015
Europe and Central Asia,1998,11.44561577
Europe and Central Asia,1999,11.797225
Europe and Central Asia,2000,11.84799957
Europe and Central Asia,2001,12.08843422
Europe and Central Asia,2002,12.00360012
Europe and Central Asia,2003,12.09480953
Europe and Central Asia,2004,12.41946983
Europe and Central Asia,2005,12.26731014
Europe and Central Asia,2006,12.71207047
Europe and Central Asia,2007,11.86573505
Europe and Central Asia,2008,12.32505989
Europe and Central Asia,2009,11.87626934
Europe and Central Asia,2010,11.7235899
Europe and Central Asia,2011,11.6301403
Europe and Central Asia,2012,11.77606964
Europe and Central Asia,2013,12.09424019
Europe and Central Asia,2014,12.15079975
Europe and Central Asia,2015,12.10135937
Europe and Central Asia,2016,12.35311985
Europe and Central Asia,2017,11.96763039
Europe and Central Asia,2018,11.74717522
European Union,1993,10.42578983
European Union,1995,10.65826035
European Union,1996,10.79634953
European Union,1998,10.74722958
European Union,1999,11.32598019
European Union,2000,11.08148956
European Union,2001,11.48801517
European Union,2002,11.23149967
European Union,2003,11.64437962
European Union,2004,11.44142056
European Union,2005,12.07252026
European Union,2006,12.14367962
European Union,2007,11.55670929
European Union,2008,11.61622047
European Union,2009,11.25362015
European Union,2010,11.05198956
European Union,2011,10.9884901
European Union,2012,11.13085556
European Union,2013,11.43980026
European Union,2014,11.57975006
European Union,2015,11.54648018
European Union,2016,12.02523994
European Union,2017,11.05543041
European Union,2018,11.12355042
Faeroe Islands,2015,15.8762598
Faeroe Islands,2016,16.24980927
Faeroe Islands,2017,17.25091934
Faeroe Islands,2018,17.36721039
Faeroe Islands,2019,15.41162968
Fiji,1998,19.00093079
Fiji,1999,20.53511047
Fiji,2000,21.7585907
Fiji,2001,19.63863945
Fiji,2002,21.03780937
Fiji,2004,23.74914932
Fiji,2005,20.26613045
Fiji,2006,20.84329033
Fiji,2007,23.17040062
Fiji,2008,17.36972046
Fiji,2009,15.85361958
Fiji,2010,20.83869934
Fiji,2011,15.23478985
Fiji,2012,19.12890053
Fiji,2013,14.30039024
Fiji,2014,17.51099968
Fiji,2015,17.39184952
Fiji,2016,15.1698904
Fiji,2017,16.81719017
Fiji,2018,14.93480968
Fiji,2019,16.83370018
Fiji,2020,16.39175034
Fiji,2021,14.46442032
Finland,1981,12.45374012
Finland,1982,12.05609989
Finland,1983,11.65970993
Finland,1984,10.90627003
Finland,1985,11.56015015
Finland,1986,11.10585022
Finland,1987,11.21802044
Finland,1988,11.2560997
Finland,1989,11.45681
Finland,1990,12.07530975
Finland,1991,12.85859966
Finland,1992,11.4066
Finland,1993,12.44587994
Finland,1994,11.41804028
Finland,1995,11.90163994
Finland,1996,11.84667015
Finland,1999,11.76006031
Finland,2000,12.17092037
Finland,2001,12.63444996
Finland,2002,12.6825304
Finland,2003,12.77597046
Finland,2004,12.77896023
Finland,2005,12.24969959
Finland,2006,12.28382015
Finland,2007,12.14995003
Finland,2008,12.17766953
Finland,2009,11.9419899
Finland,2010,12.06608963
Finland,2011,12.01144028
Finland,2012,12.89315987
Finland,2013,12.53717041
Finland,2014,12.40009022
Finland,2015,12.44799042
Finland,2016,12.31231022
Finland,2017,11.86386967
Finland,2018,11.75162029
France,1981,11.50817966
France,1982,11.38776016
France,1983,10.72233963
France,1984,10.42568016
France,1985,10.06159019
France,1986,9.675740242
France,1987,9.360710144
France,1988,9.572130203
France,1989,9.483389854
France,1990,9.640379906
France,1991,10.00683975
France,1992,9.568180084
France,1993,10.42578983
France,1994,10.52882957
France,1995,10.94587994
France,1996,10.79634953
France,1998,10.74722958
France,2017,9.652429581
France,2018,9.724829674
Gabon,1992,10.20018005
Gabon,1998,7.058110237
Gabon,1999,11.34815979
Gabon,2000,17.70648956
Gabon,2010,13.33041954
Gabon,2011,13.74125004
Gabon,2012,12.58226967
Gabon,2013,8.737569809
Gabon,2014,11.22548962
Gabon,2015,6.952950001
Gabon,2016,10.2796402
Gabon,2017,16.05843925
Gabon,2018,14.6950798
Gabon,2019,14.15939045
Gabon,2020,15.02552032
Gabon,2021,15.12353039
Gambia,2000,11.92179966
Gambia,2001,8.205269814
Gambia,2002,10.94752026
Gambia,2003,8.468839645
Gambia,2004,5.029540062
Gambia,2005,5.344170094
Gambia,2006,5.360760212
Gambia,2007,7.297500134
Gambia,2008,18.88171005
Gambia,2009,13.29374027
Gambia,2010,17.61123085
Gambia,2011,15.11833
Gambia,2012,13.79553032
Gambia,2013,10.28876019
Gambia,2014,11.75232029
Gambia,2015,11.03293037
Gambia,2016,10.35778999
Gambia,2018,11.18826962
Georgia,1998,10.85142994
Georgia,1999,10.60486031
Georgia,2000,12.54071999
Georgia,2001,12.36196041
Georgia,2002,13.6035099
Georgia,2003,12.49293995
Georgia,2004,15.03676033
Georgia,2005,11.18124962
Georgia,2006,12.89538956
Georgia,2007,9.486650467
Georgia,2008,8.937600136
Georgia,2009,8.998250008
Georgia,2011,9.269430161
Georgia,2012,6.707759857
Georgia,2016,12.66619968
Georgia,2017,12.9533596
Georgia,2018,12.95149994
Georgia,2020,11.17150974
Germany,1993,9.582969666
Germany,1994,9.395569801
Germany,1995,9.504170418
Germany,1996,8.270079613
Germany,1998,9.267519951
Germany,2006,9.492489815
Germany,2007,10.06227016
Germany,2008,10.03619957
Germany,2009,10.18564034
Germany,2010,10.26904011
Germany,2011,10.66541958
Germany,2012,11.03474045
Germany,2013,10.98110962
Germany,2014,11.10762978
Germany,2015,10.99915981
Germany,2016,10.91053963
Germany,2017,11.04769039
Germany,2018,11.23017979
Ghana,1980,7.641880035
Ghana,1981,7.748139858
Ghana,1982,13.8319397
Ghana,1986,34.30920029
Ghana,1987,24.66799927
Ghana,1988,23.93285942
Ghana,1999,14.8927002
Ghana,2001,15.74110985
Ghana,2004,22.37924957
Ghana,2005,23.42996025
Ghana,2006,24.16197968
Ghana,2007,22.31702042
Ghana,2008,24.03750038
Ghana,2009,22.49513054
Ghana,2010,20.69614029
Ghana,2011,30.63430977
Ghana,2012,37.52096176
Ghana,2013,21.22220993
Ghana,2014,20.98513985
Ghana,2015,23.80879974
Ghana,2016,22.09332085
Ghana,2017,20.09763908
Ghana,2018,18.59816933
Greece,1981,8.381790161
Greece,1982,7.661369801
Greece,1983,7.118340015
Greece,1984,7.548520088
Greece,1986,6.488709927
Greece,1987,6.204490185
Greece,1988,6.776410103
Greece,1989,7.18171978
Greece,1990,7.198430061
Greece,1991,6.292029858
Greece,1998,6.406680107
Greece,1999,6.560050011
Greece,2000,6.957769871
Greece,2001,7.316520214
Greece,2002,7.477159977
Greece,2003,7.3604002
Greece,2004,7.70182991
Greece,2005,8.700209618
Greece,2015,7.188960075
Greece,2017,7.183919907
Greece,2018,7.42550993
Grenada,2003,10.80898952
Grenada,2017,14.04117012
Guatemala,1996,18.72337914
Guatemala,2006,20.33844948
Guatemala,2007,21.2781601
Guatemala,2008,23.34815979
Guatemala,2010,19.29692078
Guatemala,2011,20.24641037
Guatemala,2012,21.10514069
Guatemala,2013,20.6379509
Guatemala,2014,21.95939064
Guatemala,2015,24.08550072
Guatemala,2016,23.4347496
Guatemala,2017,23.08805084
Guatemala,2018,23.74954033
Guatemala,2019,23.75538063
Guatemala,2020,21.1411705
Guinea,1991,9.996529579
Guinea,1992,11.53744984
Guinea,1993,11.44849968
Guinea,1999,14.65855026
Guinea,2000,15.19596958
Guinea,2001,10.31575966
Guinea,2002,13.06431961
Guinea,2003,11.62475014
Guinea,2004,12.31330013
Guinea,2005,10.94746971
Guinea,2008,15.67825985
Guinea,2009,13.58339977
Guinea,2010,12.43832016
Guinea,2011,14.25930977
Guinea,2012,9.46061039
Guinea,2013,14.13280964
Guinea,2014,11.98950958
Guinea,2015,11.59877968
Guinea,2016,15.76885986
Guinea,2017,13.37679005
Guinea,2018,14.87012005
Guinea,2019,12.40536022
Guinea,2020,12.29076004
Guinea,2021,11.92442989
Guinea-Bissau,1999,16.74309921
Guinea-Bissau,2010,9.069239616
Guinea-Bissau,2011,10.19974041
Guinea-Bissau,2012,14.53979969
Guinea-Bissau,2013,16.19137955
Guinea-Bissau,2014,13
Guinea-Bissau,2015,13
Guinea-Bissau,2016,10
Guinea-Bissau,2017,15
Guyana,1999,22.68779945
Guyana,2000,17.65683937
Guyana,2001,16.55555916
Guyana,2002,16.90000916
Guyana,2003,13.81455994
Guyana,2004,11.08073997
Guyana,2005,13.8234396
Guyana,2006,13.48169041
Guyana,2007,11.52616024
Guyana,2009,10.23917007
Guyana,2010,11.83872032
Guyana,2011,11.72072029
Guyana,2012,10.18669987
Guyana,2014,18.73568916
Guyana,2015,17.80267906
Guyana,2016,18.71751022
Guyana,2017,17.63573074
Guyana,2018,16.00617027
Haiti,2014,11.98414993
Haiti,2015,14.56777954
Haiti,2016,13.10721016
Haiti,2017,15.19684982
Haiti,2018,14.64414024
High income,1993,11.11497021
High income,1994,12.21263981
High income,1995,11.87801456
High income,1996,11.84667015
High income,1998,11.29195023
High income,1999,11.81405449
High income,2000,12.11146069
High income,2001,12.21224022
High income,2002,12.56348038
High income,2003,12.77597046
High income,2004,12.87954998
High income,2005,12.68762016
High income,2006,12.96016979
High income,2007,12.76957035
High income,2008,12.66641521
High income,2009,12.48363972
High income,2010,12.33596039
High income,2011,12.47453976
High income,2012,12.4887104
High income,2013,12.66024017
High income,2014,13.02098465
High income,2015,12.36812592
High income,2016,12.89328957
High income,2017,11.86386967
High income,2018,11.75296497
Honduras,1994,12.88875008
Honduras,1995,17.87564087
Honduras,2013,19.86407089
Honduras,2014,25.65361977
Honduras,2015,24.64455986
Honduras,2016,18.00941086
Honduras,2017,19.67046928
Honduras,2018,23.15510941
Honduras,2019,20.11774063
Honduras,2020,24.25477028
Honduras,2021,24.59828949
Hong Kong,1982,9.408109665
Hong Kong,1983,15.28794003
Hong Kong,1984,15.87032032
Hong Kong,1985,18.57813072
Hong Kong,1990,18.54077911
Hong Kong,1992,21.20813942
Hong Kong,1996,16.66867065
Hong Kong,2001,22.41877937
Hong Kong,2002,22.20729065
Hong Kong,2003,23.2442894
Hong Kong,2004,23.1510601
Hong Kong,2005,22.47858047
Hong Kong,2006,23.2826004
Hong Kong,2007,22.63777924
Hong Kong,2008,22.92239952
Hong Kong,2009,23.7994709
Hong Kong,2010,19.90941048
Hong Kong,2011,20.14833069
Hong Kong,2012,18.64948082
Hong Kong,2013,20.30080032
Hong Kong,2014,17.62039948
Hong Kong,2015,18.6085701
Hong Kong,2016,18.12696075
Hong Kong,2017,17.84127998
Hong Kong,2018,18.78783989
Hong Kong,2019,20.31401062
Hong Kong,2020,20.62105942
Hungary,1996,9.59910965
Hungary,1998,8.699799538
Hungary,1999,9.386130333
Hungary,2000,10.32361031
Hungary,2001,10.45506954
Hungary,2002,10.17914963
Hungary,2003,11.82977009
Hungary,2004,11.00590038
Hungary,2005,10.80056953
Hungary,2006,10.32771015
Hungary,2007,10.33817005
Hungary,2008,10.27056026
Hungary,2009,9.864379883
Hungary,2010,9.677240372
Hungary,2011,9.301119804
Hungary,2012,8.434149742
Hungary,2013,8.368080139
Hungary,2014,9.195320129
Hungary,2015,8.9230299
Hungary,2016,9.862719536
Hungary,2017,9.935609818
Hungary,2018,10.07503986
Iceland,1990,11.5013504
Iceland,1993,11.83158016
Iceland,1994,11.19727993
Iceland,1995,10.95687962
Iceland,1996,12.60319042
Iceland,1998,16.59808922
Iceland,1999,14.17391968
Iceland,2000,14.34761047
Iceland,2001,14.1417799
Iceland,2002,16.05661011
Iceland,2003,15.15958023
Iceland,2004,15.33897018
Iceland,2005,16.30814934
Iceland,2006,16.0469799
Iceland,2007,15.50578022
Iceland,2008,11.08981037
Iceland,2009,13.39678955
Iceland,2010,14.19985008
Iceland,2011,13.40437984
Iceland,2012,15.84552956
Iceland,2013,16.16455078
Iceland,2014,16.63459969
Iceland,2015,17.1171608
Iceland,2016,15.97465992
Iceland,2017,17.04470062
Iceland,2018,17.21715927
India,1997,13.32223034
India,1998,14.15927029
India,1999,16.95982933
India,2000,16.73051071
India,2003,12.41079998
India,2004,11.19686031
India,2005,11.20845985
India,2006,11.69371033
India,2009,11.19120026
India,2010,11.83368015
India,2011,13.56490993
India,2012,13.99211979
India,2013,14.05018044
India,2015,12.53116989
India,2016,12.75354958
Indonesia,1994,5.863969803
Indonesia,1995,6.146460056
Indonesia,1996,7.496819973
Indonesia,1997,7.71021986
Indonesia,2001,11.59389019
Indonesia,2002,14.36905003
Indonesia,2003,16.27817917
Indonesia,2004,14.17029953
Indonesia,2005,15.1487999
Indonesia,2007,14.94431019
Indonesia,2008,13.67475033
Indonesia,2009,19.30843925
Indonesia,2010,16.65418053
Indonesia,2011,18.00613022
Indonesia,2012,18.09041977
Indonesia,2013,17.60392952
Indonesia,2014,17.67152023
Indonesia,2015,20.50329971
Indonesia,2016,21.07877922
Indonesia,2017,16.11047935
Indonesia,2018,20
Indonesia,2020,17.25805092
Iran,1991,18.3469696
Iran,1992,20.63261986
Iran,1993,23.71528053
Iran,1995,14.54695988
Iran,1996,13.56692028
Iran,1999,20.11292076
Iran,2000,20.6338501
Iran,2001,24.42416954
Iran,2002,26.50642967
Iran,2003,22.13546944
Iran,2004,21.52145004
Iran,2005,21.89969063
Iran,2006,19.45677948
Iran,2007,20.03128052
Iran,2008,22.38460922
Iran,2009,18.56262016
Iran,2010,19.25691032
Iran,2011,20.15138054
Iran,2012,17.3957901
Iran,2013,21.67350006
Iran,2014,19.66486931
Iran,2015,18.56875038
Iran,2016,19.44543076
Iran,2017,20.30521011
Iran,2018,21.14603996
Iran,2019,21.24616051
Ireland,1981,14.59562016
Ireland,1982,12.90056992
Ireland,1983,11.46858978
Ireland,1984,11.14690971
Ireland,1985,11.0903101
Ireland,1986,9.701250076
Ireland,1987,10.4659996
Ireland,1988,10.40843964
Ireland,1989,10.79559994
Ireland,1990,11.55926037
Ireland,1991,11.28232002
Ireland,1992,11.65709019
Ireland,1993,11.89280033
Ireland,1994,12.64783955
Ireland,1995,12.58082962
Ireland,1996,12.7804203
Ireland,1998,12.4149704
Ireland,1999,12.59692955
Ireland,2000,13.38422012
Ireland,2001,12.58197021
Ireland,2002,12.35816002
Ireland,2003,12.73571014
Ireland,2004,13.51624012
Ireland,2005,13.54905033
Ireland,2006,13.41648006
Ireland,2007,13.1098299
Ireland,2008,13.00944042
Ireland,2009,13.03954983
Ireland,2010,9.277370453
Ireland,2011,12.48050976
Ireland,2012,13.5666399
Ireland,2013,13.08463001
Ireland,2014,12.85182953
Ireland,2015,12.81882
Ireland,2016,13.21032047
Ireland,2017,13.20170975
Ireland,2018,13.20294952
Israel,2000,13.6803503
Israel,2001,13.42660046
Israel,2002,12.56348038
Israel,2003,13.55414963
Israel,2004,13.37539959
Israel,2005,13.18183994
Israel,2006,13.42121029
Israel,2007,13.30453968
Israel,2008,13.17718983
Israel,2009,13.05438042
Israel,2010,13.71627045
Israel,2011,13.96576977
Israel,2012,14.0771904
Israel,2013,14.53312016
Israel,2014,14.85538006
Israel,2015,15.49291039
Israel,2016,15.43659973
Israel,2017,15.70108032
Israel,2018,15.52122021
Italy,1993,8.719320297
Italy,1994,8.242010117
Italy,1995,8.597669601
Italy,1996,9.118780136
Italy,1998,9.242580414
Italy,1999,9.554100037
Italy,2000,9.221059799
Italy,2001,9.822859764
Italy,2002,9.491279602
Italy,2003,9.627650261
Italy,2004,9.354160309
Italy,2005,8.971509933
Italy,2006,9.468740463
Italy,2007,8.774510384
Italy,2008,9.173359871
Italy,2009,8.850790024
Italy,2010,8.68076992
Italy,2011,8.369560242
Italy,2012,8.017430305
Italy,2013,8.132579803
Italy,2014,7.985929966
Italy,2015,8.095910072
Italy,2016,7.77489996
Italy,2017,8.295180321
Italy,2018,8.795740128
Jamaica,1991,16.3537693
Jamaica,1992,12.75156975
Jamaica,1993,12.79800034
Jamaica,1994,18.38850975
Jamaica,1995,15.36104012
Jamaica,1996,15.53602028
Jamaica,1997,15.39999008
Jamaica,2000,16.79660034
Jamaica,2001,19.9911499
Jamaica,2002,18.36392975
Jamaica,2003,13.36233997
Jamaica,2004,11.73301983
Jamaica,2005,14.26937008
Jamaica,2007,17.17304993
Jamaica,2008,19.11938095
Jamaica,2009,17.55283928
Jamaica,2010,16.10293961
Jamaica,2011,18.58193016
Jamaica,2012,18.80925941
Jamaica,2013,20.57386017
Jamaica,2014,21.79748917
Jamaica,2015,20.05147934
Jamaica,2016,19.14512062
Jamaica,2017,18.40254021
Jamaica,2018,18.58399963
Jamaica,2019,17.31398964
Japan,1981,16.12549019
Japan,1982,15.67714977
Japan,1983,14.88605022
Japan,1987,18.05423927
Japan,1988,17.79665947
Japan,1989,17.64325905
Japan,1993,11.11497021
Japan,1994,11.10641956
Japan,1995,10.3656702
Japan,1998,9.950750351
Japan,1999,8.732540131
Jordan,1986,8.760239601
Jordan,1987,9.880080223
Jordan,1988,9.824379921
Jordan,1989,13.08642006
Jordan,1996,21.56406021
Jordan,1997,18.41102982
Jordan,1999,14.66425991
Jordan,2010,8.100000381
Jordan,2011,8.199999809
Jordan,2012,9
Jordan,2013,9.699999809
Jordan,2016,12.15015984
Jordan,2017,11.19604969
Jordan,2018,9.825320244
Jordan,2019,9.859749794
Kazakhstan,2002,14.75948048
Kazakhstan,2004,10.60968018
Kazakhstan,2005,10.28594971
Kazakhstan,2006,13.26669979
Kazakhstan,2007,11.94447041
Kazakhstan,2008,13.64694023
Kazakhstan,2009,13.04090023
Kazakhstan,2015,12.19303989
Kazakhstan,2016,13.8441
Kazakhstan,2017,11.41991043
Kazakhstan,2018,13.88018036
Kazakhstan,2019,14.10953045
Kenya,1982,16.33731079
Kenya,1983,17.39657974
Kenya,1984,14.53316975
Kenya,1985,15.55566025
Kenya,1986,17.66080093
Kenya,1988,19.4657402
Kenya,1989,17.0876503
Kenya,1991,18.64015007
Kenya,1992,15.95073032
Kenya,1993,13.86448002
Kenya,1994,14.95127964
Kenya,1999,24.54854965
Kenya,2000,23.3970108
Kenya,2001,22.39570999
Kenya,2002,25.62821007
Kenya,2003,24.98008919
Kenya,2004,26.66814995
Kenya,2005,27.46933937
Kenya,2006,25.08139992
Kenya,2010,20.55599022
Kenya,2011,19.25283051
Kenya,2012,19.9239006
Kenya,2013,19.13569069
Kenya,2014,17.08102989
Kenya,2015,16.6646595
Kenya,2016,17.35457039
Kenya,2017,17.70870018
Kenya,2018,19.03519058
Kiribati,1999,12.50751019
Kiribati,2000,15.26541996
Kiribati,2001,11.51613998
Kiribati,2011,18.20199013
Kiribati,2012,17.9850502
Kiribati,2013,16.72262001
Kiribati,2014,16.66514969
Kiribati,2015,13.74775028
Kiribati,2016,12.88805008
Kiribati,2017,12.54887962
Kiribati,2018,15.13971996
Kiribati,2019,12.39466
Kiribati,2020,20.1776104
Kiribati,2021,19.27183914
Kuwait,1992,8.397489548
Kuwait,1996,11.32546043
Kuwait,1997,13.09107018
Kuwait,2001,18.01417923
Kuwait,2002,15.25835991
Kuwait,2004,14.95361042
Kuwait,2005,13.85410976
Kuwait,2006,13.37001038
Kuwait,2015,9.514309883
Kuwait,2016,10.51535988
Kuwait,2017,11.13780975
Kuwait,2018,11.75430965
Kuwait,2019,12.82629967
Kuwait,2020,11.91267014
Kyrgyzstan,1996,18.76004982
Kyrgyzstan,1998,13.69270039
Kyrgyzstan,1999,11.38731956
Kyrgyzstan,2000,11.61130047
Kyrgyzstan,2001,13.72138977
Kyrgyzstan,2002,15.14647007
Kyrgyzstan,2003,15.93953037
Kyrgyzstan,2004,16.24381065
Kyrgyzstan,2005,16.76840019
Kyrgyzstan,2006,19.05260086
Kyrgyzstan,2007,21.8514595
Kyrgyzstan,2008,21.2062397
Kyrgyzstan,2009,19.15300941
Kyrgyzstan,2010,15.6813097
Kyrgyzstan,2011,18.17252922
Kyrgyzstan,2012,18.19500923
Kyrgyzstan,2013,17.77379036
Kyrgyzstan,2014,14.36483955
Kyrgyzstan,2015,15.71675968
Kyrgyzstan,2016,16.92091942
Kyrgyzstan,2017,16.27813911
Kyrgyzstan,2018,16.79590034
Kyrgyzstan,2019,16.47274971
Laos,2000,7.295569897
Laos,2001,9.946570396
Laos,2002,15.26266003
Laos,2004,15.87434959
Laos,2005,14.12779045
Laos,2006,17.76235962
Laos,2007,18.10178947
Laos,2008,13.00520992
Laos,2009,7.463099957
Laos,2010,7.246960163
Laos,2011,8.259579659
Laos,2012,7.36868
Laos,2013,13.34101009
Laos,2014,11.75734997
Latin America and Caribbean,1999,15.18450928
Latin America and Caribbean,2000,14.91203499
Latin America and Caribbean,2001,15.57609558
Latin America and Caribbean,2002,15.68778992
Latin America and Caribbean,2003,14.77265453
Latin America and Caribbean,2007,16.2807312
Latin America and Caribbean,2010,16.10293961
Latin America and Caribbean,2011,15.26900005
Latin America and Caribbean,2012,15.72778034
Latin America and Caribbean,2013,16.58436012
Latin America and Caribbean,2014,15.83186531
Latin America and Caribbean,2015,16.61219978
Latin America and Caribbean,2016,17.02814865
Latin America and Caribbean,2017,17.57729912
Latin America and Caribbean,2018,16.1483593
Latin America and Caribbean,2019,14.60869026
Latvia,1998,15.66432953
Latvia,1999,14.09593964
Latvia,2000,14.60147953
Latvia,2001,15.87751961
Latvia,2002,16.37018013
Latvia,2003,15.37675953
Latvia,2004,14.50181007
Latvia,2006,13.91162968
Latvia,2007,14.06704998
Latvia,2008,14.76309967
Latvia,2009,13.02513981
Latvia,2010,11.80902958
Latvia,2011,12.7153101
Latvia,2012,17.73654938
Latvia,2013,18.74402046
Latvia,2014,13.97237015
Latvia,2015,14.12740993
Latvia,2016,12.89328957
Latvia,2017,11.96763039
Latvia,2018,11.14750957
Lebanon,1993,6.80824995
Lebanon,1994,10.44340038
Lebanon,1995,5.916369915
Lebanon,1996,8.106699944
Lebanon,2001,7.421249866
Lebanon,2002,7.056300163
Lebanon,2004,7.931230068
Lebanon,2005,8.421310425
Lebanon,2006,7.693190098
Lebanon,2007,7.341040134
Lebanon,2008,5.86977005
Lebanon,2009,5.502999783
Lebanon,2010,5.534289837
Lebanon,2011,5.733809948
Lebanon,2012,7.109159946
Lebanon,2013,8.575519562
Lebanon,2014,6.300000191
Lebanon,2015,6.300000191
Lebanon,2016,7.148960114
Lebanon,2017,7.147540092
Lebanon,2018,8.047450066
Lebanon,2019,8.143950462
Lebanon,2020,9.89828968
Lesotho,1983,29.41077042
Lesotho,1984,20.82331085
Lesotho,1985,22.92170906
Lesotho,1988,15.29199028
Lesotho,1989,15.38955975
Lesotho,1993,23.02207947
Lesotho,1994,18.58789063
Lesotho,1995,20.50745964
Lesotho,1997,26.44453049
Lesotho,1999,23.55234909
Lesotho,2000,19.20038033
Lesotho,2001,23.84892082
Lesotho,2002,24.36375999
Lesotho,2003,32.10572815
Lesotho,2004,27.64990044
Lesotho,2005,32.40491867
Lesotho,2006,28.23381042
Lesotho,2008,24.69754982
Lesotho,2011,21.23520088
Lesotho,2012,17.43090057
Lesotho,2013,19.30680084
Lesotho,2014,18.0970993
Lesotho,2015,14
Lesotho,2016,13.99763966
Lesotho,2017,15.11530972
Lesotho,2018,14.12979984
Lesotho,2019,13.13586044
Lesotho,2020,13.79121971
Lesotho,2021,13.65828991
Liberia,2008,6.454070091
Liberia,2012,5.18434
Liberia,2013,4.673270226
Liberia,2014,6.893489838
Liberia,2017,8.341939926
Liberia,2018,8.147789955
Libya,1999,8.138730049
Lithuania,1993,47.27873993
Lithuania,1994,21.93460083
Lithuania,1995,20.65736008
Lithuania,1996,18.32267952
Lithuania,1997,16.7170105
Lithuania,1998,16.61293983
Lithuania,2001,16.67028046
Lithuania,2002,17.46509933
Lithuania,2003,15.93097973
Lithuania,2004,15.5721302
Lithuania,2005,14.57956028
Lithuania,2006,14.28964996
Lithuania,2007,13.32594013
Lithuania,2008,13.0529604
Lithuania,2009,12.77760983
Lithuania,2010,12.85881996
Lithuania,2011,12.33635044
Lithuania,2012,13.53596973
Lithuania,2013,13.28802013
Lithuania,2014,13.19013977
Lithuania,2015,12.28826046
Lithuania,2016,12.02523994
Lithuania,2017,11.76564026
Lithuania,2018,11.74273014
Low and middle income,2000,15.22856522
Low and middle income,2001,15.72974014
Low and middle income,2002,15.20456505
Low and middle income,2004,15.03676033
Low and middle income,2005,15.09620476
Low and middle income,2006,15.50984001
Low and middle income,2007,15.81505013
Low and middle income,2008,15.67825985
Low and middle income,2009,15.67366982
Low and middle income,2010,15.92683029
Low and middle income,2011,15.08199024
Low and middle income,2012,15.36781979
Low and middle income,2013,15.38372421
Low and middle income,2014,14.80897999
Low and middle income,2015,14.56777954
Low and middle income,2016,15.06348038
Low and middle income,2017,15.68577003
Low and middle income,2018,15.13505936
Low and middle income,2019,14.15939045
Low income,2000,15.19596958
Low income,2001,15.07777977
Low income,2004,12.63703537
Low income,2008,15.67825985
Low income,2010,16.33836555
Low income,2011,15.11833
Low income,2012,15.85542488
Low income,2013,16.17000961
Low income,2014,14.77883434
Low income,2015,13.11004066
Low income,2016,13.49743938
Low income,2017,14.34442043
Low income,2018,15.82935047
Lower middle income,2000,14.89023018
Lower middle income,2004,15.95312023
Lower middle income,2005,16.76840019
Lower middle income,2006,17.85849953
Lower middle income,2008,17.90871429
Lower middle income,2009,17.35310364
Lower middle income,2010,16.77709007
Lower middle income,2011,15.42368031
Lower middle income,2012,15.9818697
Lower middle income,2013,16.22544479
Lower middle income,2014,17.08102989
Lower middle income,2015,15.71675968
Lower middle income,2016,16.11104012
Lower middle income,2017,16.06520844
Lower middle income,2018,15.73571014
Lower middle income,2019,14.27907467
Luxembourg,1996,8.762880325
Luxembourg,2001,9.265399933
Luxembourg,2012,9.267410278
Luxembourg,2014,9.48968029
Luxembourg,2015,9.351119995
Luxembourg,2017,8.474499702
Luxembourg,2018,8.68144989
Macao,2000,11.8389101
Macao,2001,11.09216022
Macao,2002,10.71469021
Macao,2003,10.38807011
Macao,2004,9.002079964
Macao,2005,8.113349915
Macao,2006,11.1839304
Macao,2007,9.94645977
Macao,2008,10.44556999
Macao,2009,11.37250042
Macao,2010,12.97941971
Macao,2011,14.63311005
Macao,2012,22.32860947
Macao,2013,12.58631992
Macao,2014,13.65736008
Macao,2015,13.41969967
Macao,2016,13.83483982
Macao,2017,14.10256958
Macao,2018,15.1596899
Macao,2019,16.59794998
Madagascar,1981,14.89931011
Madagascar,1982,16.53528976
Madagascar,1983,16.78964043
Madagascar,1984,18.32389069
Madagascar,1985,16.62018013
Madagascar,1993,12.31729984
Madagascar,1997,10.64441013
Madagascar,1998,9.382769585
Madagascar,1999,15.5387001
Madagascar,2000,15.89050961
Madagascar,2001,17.68247032
Madagascar,2002,17.93675995
Madagascar,2003,15.76313972
Madagascar,2004,12.96076965
Madagascar,2005,18.03303909
Madagascar,2006,15.32419014
Madagascar,2007,18.04454994
Madagascar,2008,16.25814056
Madagascar,2009,22.58583069
Madagascar,2011,19.77969933
Madagascar,2012,20.32579994
Madagascar,2013,13.98937988
Madagascar,2014,18.96677017
Madagascar,2015,16.9629097
Madagascar,2016,19.83818054
Madagascar,2017,15.83769989
Madagascar,2018,19.81804085
Madagascar,2019,16.44109917
Madagascar,2020,14.32063961
Madagascar,2021,15.66672039
Malawi,2003,16.49777031
Malawi,2010,12.45998001
Malawi,2011,15.04564953
Malawi,2013,20.49682999
Malawi,2014,16.59646988
Malawi,2015,21.79789925
Malawi,2016,17.19881058
Malawi,2017,14.34442043
Malawi,2018,15.82935047
Malawi,2019,14.59023952
Malawi,2020,11.49765015
Malaysia,1992,19.10503006
Malaysia,1993,17.31287956
Malaysia,1994,19.92374992
Malaysia,1995,19.50259018
Malaysia,1996,22.77094078
Malaysia,1997,20.05298042
Malaysia,1999,21.18855095
Malaysia,2000,21.39068031
Malaysia,2001,24.34852028
Malaysia,2002,25.90360069
Malaysia,2003,24.54244041
Malaysia,2004,21.01292038
Malaysia,2006,16.74556923
Malaysia,2007,16.12466049
Malaysia,2008,14.03864002
Malaysia,2009,18.46463013
Malaysia,2010,18.40623093
Malaysia,2011,20.97702026
Malaysia,2012,19.85116005
Malaysia,2013,19.45430946
Malaysia,2014,19.80056
Malaysia,2015,19.81072998
Malaysia,2016,20.93572044
Malaysia,2017,21.31582069
Malaysia,2018,19.64325905
Malaysia,2019,17.68560028
Malaysia,2020,16.75746918
Malaysia,2021,16.37462044
Maldives,2002,21.23990059
Maldives,2003,20.34620094
Maldives,2004,19.47924042
Maldives,2005,13.01498032
Maldives,2006,13.34757996
Maldives,2007,12.74641037
Maldives,2008,12.61970997
Maldives,2009,13.75572968
Maldives,2010,10.99530029
Maldives,2011,10.28969002
Maldives,2012,11.40157986
Maldives,2013,12.40592957
Maldives,2014,9.210169792
Maldives,2015,11.4765501
Maldives,2016,10.15742016
Maldives,2017,11.35381031
Maldives,2018,11.38990021
Maldives,2019,12.05595016
Maldives,2020,10.50504017
Maldives,2021,11.90775013
Mali,2000,15.32380962
Mali,2001,14.49349976
Mali,2002,14.52521038
Mali,2003,18.28376007
Mali,2004,17.73634911
Mali,2005,16.28030014
Mali,2008,18.0316906
Mali,2009,16.95940971
Mali,2010,16.50391006
Mali,2011,18.25834084
Mali,2012,22.40337944
Mali,2013,16.62344933
Mali,2014,18.22426033
Mali,2015,18.15549088
Mali,2016,13.90388012
Mali,2017,16.53433037
Mali,2018,15.8884201
Mali,2019,14.63601971
Mali,2020,14.46611977
Mali,2021,15.95777988
Malta,2002,9.535340309
Malta,2004,10.55488968
Malta,2007,14.53678989
Malta,2008,13.06567955
Malta,2009,12.34494019
Malta,2010,15.71920967
Malta,2011,18.90480042
Malta,2012,15.26156044
Malta,2013,18.77519989
Malta,2014,17.53776932
Malta,2015,13.15089035
Malta,2016,14.16854954
Malta,2017,13.37271023
Marshall Islands,1999,28.54380989
Marshall Islands,2002,14.8142004
Marshall Islands,2003,22.50875092
Marshall Islands,2015,26.74950981
Marshall Islands,2016,24.65839958
Marshall Islands,2017,12.52021027
Marshall Islands,2018,15.07800961
Marshall Islands,2019,15.04273987
Marshall Islands,2020,16.16671944
Mauritania,2004,8.17580986
Mauritania,2006,10.31007957
Mauritania,2011,13.68274975
Mauritania,2012,10.01766014
Mauritania,2013,11.40542984
Mauritania,2016,9.330610275
Mauritania,2019,10.22801971
Mauritania,2020,9.745059967
Mauritius,1990,11.1949501
Mauritius,1991,14.34508038
Mauritius,1999,19.23760033
Mauritius,2000,17.54190063
Mauritius,2001,13.23923969
Mauritius,2002,12.91514015
Mauritius,2003,17.92271996
Mauritius,2004,17.38710022
Mauritius,2005,17.08813095
Mauritius,2006,15.17617035
Mauritius,2007,14.18327999
Mauritius,2008,14.03944016
Mauritius,2009,13.24722958
Mauritius,2010,14.57314968
Mauritius,2011,13.84617043
Mauritius,2012,14.96061993
Mauritius,2013,14.78901005
Mauritius,2014,20.90517998
Mauritius,2015,19.45709038
Mauritius,2016,19.96249962
Mauritius,2017,20.35720062
Mauritius,2018,19.27433014
Mauritius,2019,18.67692947
Mauritius,2020,16.1177597
Mexico,1991,12.15458965
Mexico,1992,15.09570026
Mexico,1994,21.5629406
Mexico,1995,24.12129974
Mexico,1998,16.31761932
Mexico,1999,16.69396019
Mexico,2000,19.64612961
Mexico,2001,20.62428093
Mexico,2002,21.46491051
Mexico,2003,22.47187042
Mexico,2004,22.05382919
Mexico,2005,21.90378952
Mexico,2006,20.82431984
Mexico,2007,19.88907051
Mexico,2008,17.38015938
Mexico,2009,18.66511917
Mexico,2010,18.64258957
Mexico,2011,18.42102051
Mexico,2012,18.08719063
Mexico,2013,16.9059906
Mexico,2014,18.80594063
Mexico,2015,19.01874924
Mexico,2016,17.93932915
Mexico,2017,17.57729912
Mexico,2018,16.57785034
Micronesia (country),1999,8.78497982
Micronesia (country),2000,9.965120316
Micronesia (country),2015,22.31238937
Micronesia (country),2016,21.58470917
Micronesia (country),2017,19.14845085
Micronesia (country),2018,17.12528992
Micronesia (country),2019,18.10730934
Middle East and North Africa,2001,18.01417923
Middle East and North Africa,2004,14.95361042
Middle East and North Africa,2006,13.42121029
Middle East and North Africa,2008,14.11635494
Middle East and North Africa,2017,11.19604969
Middle East and North Africa,2019,11.34434032
Middle income,2000,15.25037003
Middle income,2001,15.73330975
Middle income,2002,15.26266003
Middle income,2003,16.11750984
Middle income,2004,15.13930035
Middle income,2005,15.09620476
Middle income,2006,15.39946938
Middle income,2007,14.94869041
Middle income,2008,15.29521942
Middle income,2009,15.18871021
Middle income,2010,15.81840992
Middle income,2011,14.8677702
Middle income,2012,15.17621994
Middle income,2013,15.29566479
Middle income,2014,14.80897999
Middle income,2015,15.49322033
Middle income,2016,15.60490036
Middle income,2017,15.87569523
Middle income,2018,14.6950798
Middle income,2019,14.15939045
Moldova,1996,28.3399601
Moldova,1999,14.12242031
Moldova,2000,12.92393017
Moldova,2001,16.42476082
Moldova,2002,17.88434029
Moldova,2003,16.19259071
Moldova,2004,19.45202065
Moldova,2005,19.29664993
Moldova,2006,18.60881996
Moldova,2007,19.4169693
Moldova,2008,19.85008049
Moldova,2009,20.99263
Moldova,2010,22.26700974
Moldova,2011,21.9158802
Moldova,2012,20.74197006
Moldova,2013,18.23982048
Moldova,2014,18.76510048
Moldova,2015,18.18217087
Moldova,2016,18.62162971
Moldova,2017,18.43283081
Moldova,2018,17.56772995
Moldova,2019,19.46438026
Monaco,1988,5.134119987
Monaco,1989,5.484159946
Monaco,1992,5.163430214
Monaco,1995,5.767749786
Monaco,1996,5.842339993
Monaco,1997,6.401110172
Monaco,1998,6.489769936
Monaco,1999,5.071700096
Monaco,2000,6.327899933
Monaco,2004,5.92595005
Monaco,2009,6.598810196
Monaco,2010,6.363220215
Monaco,2011,8.076169968
Monaco,2012,8.87594986
Monaco,2013,7.059219837
Monaco,2014,5.008860111
Monaco,2016,6.596549988
Monaco,2017,6.980629921
Monaco,2019,5.029270172
Mongolia,1997,12.80766964
Mongolia,1998,15.17901039
Mongolia,1999,15.49800968
Mongolia,2000,16.07476997
Mongolia,2002,20.31151009
Mongolia,2004,13.59445
Mongolia,2007,13.28645039
Mongolia,2009,14.51142025
Mongolia,2010,14.71113968
Mongolia,2011,12.1508503
Mongolia,2012,14.40723038
Mongolia,2013,15.36744976
Mongolia,2014,14.66810036
Mongolia,2015,13.5471096
Mongolia,2016,13.06311035
Mongolia,2017,12.64562035
Mongolia,2018,20.48335075
Mongolia,2019,16.53417969
Mongolia,2020,16.42383003
Morocco,1991,19.89277077
Morocco,1993,20.46423912
Morocco,1995,20.47270966
Morocco,1998,25.21153069
Morocco,1999,25.76847076
Morocco,2008,17.47064018
Morocco,2009,17.29528999
Morocco,2015,4.645979881
Morocco,2017,5.116839886
Morocco,2018,5.356780052
Morocco,2019,5.980080128
Mozambique,1998,12.05375004
Mozambique,1999,16.92332077
Mozambique,2004,18.00153923
Mozambique,2005,22.7181797
Mozambique,2006,18.55003929
Mozambique,2010,19.92300034
Mozambique,2011,19.58639908
Mozambique,2012,19.70182037
Mozambique,2013,18.97809029
Mozambique,2014,17.8321991
Mozambique,2015,19.8523407
Mozambique,2016,19.94601059
Mozambique,2017,18.36519051
Mozambique,2018,16.72156906
Mozambique,2019,19.03367996
Mozambique,2020,17.9349308
Myanmar,2010,7.5
Myanmar,2011,5.928639889
Myanmar,2012,10.10000038
Myanmar,2013,13.80000019
Myanmar,2014,7.537509918
Myanmar,2015,8.734160423
Myanmar,2016,9.683899879
Myanmar,2017,9.927680016
Myanmar,2018,10.38910961
Myanmar,2019,10.56412983
Namibia,1999,23.04277039
Namibia,2000,21.92506027
Namibia,2001,22.77570915
Namibia,2002,21.83686066
Namibia,2003,20.32821083
Namibia,2006,21.6029892
Namibia,2008,24.86161041
Namibia,2010,26.12351036
Namibia,2011,23.95210075
Namibia,2012,22.74790001
Namibia,2013,24.05590057
Namibia,2014,22.09550095
Namibia,2015,22.57132912
Namibia,2016,23.93919945
Namibia,2017,24.6740303
Namibia,2018,23.32430077
Namibia,2019,26.39039993
Namibia,2020,24.94137955
Namibia,2021,24.80791092
Nauru,2014,11.87627983
Nauru,2015,10.22716999
Nauru,2016,8.883709908
Nauru,2017,12.74796963
Nauru,2018,9.609689713
Nauru,2019,4.32558012
Nauru,2020,3.529390097
Nauru,2021,3.631880045
Nepal,2000,19.15604019
Nepal,2001,21.65620041
Nepal,2002,20.44404984
Nepal,2003,21.31265068
Nepal,2004,21.61335945
Nepal,2005,22.29421997
Nepal,2006,25.50064087
Nepal,2007,21.14613914
Nepal,2008,22.23003006
Nepal,2009,19.87293053
Nepal,2010,16.03235054
Nepal,2011,17.98384094
Nepal,2012,17.43708038
Nepal,2013,17.56963921
Nepal,2014,18.28129005
Nepal,2015,16.98966026
Nepal,2016,19.12849998
Nepal,2017,17.09638977
Nepal,2018,14.10186958
Netherlands,1981,12.0678997
Netherlands,1982,11.40721989
Netherlands,1983,10.64282036
Netherlands,1984,9.871850014
Netherlands,1985,10.50205994
Netherlands,1986,10.83491993
Netherlands,1987,11.2973299
Netherlands,1988,10.55998039
Netherlands,1990,10.98548985
Netherlands,1991,11.07083988
Netherlands,1993,9.666669846
Netherlands,1994,9.561429977
Netherlands,1995,9.667949677
Netherlands,1996,8.887470245
Netherlands,1998,10.42018986
Netherlands,1999,10.56879044
Netherlands,2000,11.08148956
Netherlands,2001,11.15738964
Netherlands,2002,11.23149967
Netherlands,2003,11.53141022
Netherlands,2004,11.87693977
Netherlands,2005,12.33590984
Netherlands,2006,11.97107983
Netherlands,2007,11.76274967
Netherlands,2008,11.87849045
Netherlands,2009,11.6184597
Netherlands,2010,11.66905022
Netherlands,2011,11.88770962
Netherlands,2012,11.77606964
Netherlands,2013,12.09424019
Netherlands,2014,12.15079975
Netherlands,2015,12.20965004
Netherlands,2016,12.80685997
Netherlands,2017,12.42325974
Netherlands,2018,12.91154957
New Zealand,1985,8.192350388
New Zealand,1986,8.092690468
New Zealand,1987,8.877570152
New Zealand,1988,9.700209618
New Zealand,1989,10.13755035
New Zealand,1994,14.07855988
New Zealand,1995,13.99979973
New Zealand,1996,16.0999794
New Zealand,1997,15.78923035
New Zealand,1999,16.22986031
New Zealand,2001,16.71030045
New Zealand,2002,16.77153015
New Zealand,2003,16.75843048
New Zealand,2004,17.00461006
New Zealand,2005,16.25795937
New Zealand,2006,15.16337013
New Zealand,2007,14.98482037
New Zealand,2008,14.07769012
New Zealand,2009,15.34360027
New Zealand,2010,15.68109989
New Zealand,2011,15.76294041
New Zealand,2012,17.75274086
New Zealand,2013,16.54368019
New Zealand,2014,16.26573944
New Zealand,2015,16.37351036
New Zealand,2016,16.83169937
New Zealand,2017,16.64263916
New Zealand,2018,16.08296013
Nicaragua,1982,0
Nicaragua,1984,0
Nicaragua,1987,0
Nicaragua,1992,11.93350029
Nicaragua,1998,13.38181973
Nicaragua,1999,14.71679974
Nicaragua,2000,14.57369995
Nicaragua,2002,15.68778992
Nicaragua,2003,14.88700008
Nicaragua,2010,26.40800095
Nicaragua,2014,23.04759979
Nicaragua,2015,22.28290939
Nicaragua,2016,21.32547951
Nicaragua,2017,22.43330002
Niger,1996,18.44432068
Niger,1999,17.22141075
Niger,2000,19.05752945
Niger,2001,16.65031052
Niger,2002,16.66684914
Niger,2003,13.84549999
Niger,2006,16.88376999
Niger,2007,17.37597084
Niger,2008,16.17733002
Niger,2009,18.91250992
Niger,2010,19.0896492
Niger,2011,20.11651993
Niger,2012,19.19202042
Niger,2013,18.07670021
Niger,2014,21.66150093
Niger,2015,18.51218987
Niger,2016,15.34716034
Niger,2017,13.21516037
Niger,2018,16.33996964
Niger,2019,13.01280975
Niger,2020,13.33253956
Niger,2021,11.95261955
Nigeria,2015,11.04685974
Nigeria,2016,7.958079815
Nigeria,2017,6.120110035
Nigeria,2018,7.034130096
Nigeria,2019,7.02989006
Nigeria,2020,5.621039867
Nigeria,2021,5.677509785
North America,1981,15.57890034
North America,1982,15.53180981
North America,1983,14.77497005
North America,1984,14.09080029
North America,1985,13.2368803
North America,1986,12.68319988
North America,1987,13.45582962
North America,1988,13.53853989
North America,1989,13.56976986
North America,1990,13.19062042
North America,1991,14.26379967
North America,1992,13.11614037
North America,1993,14.62347984
North America,1994,12.93443012
North America,1995,12.86363029
North America,1998,12.63957977
North America,1999,12.74188042
North America,2000,12.98260021
North America,2001,12.21224022
North America,2002,12.14789963
North America,2005,12.17807007
North America,2007,12.32855988
North America,2008,12.00996017
North America,2009,12.48363972
North America,2010,12.33596039
North America,2011,12.21914005
North Macedonia,2002,8.640879631
Norway,1981,14.48762035
Norway,1982,14.52952003
Norway,1983,14.31285
Norway,1984,14.06793022
Norway,1985,14.06037045
Norway,1986,14.02931976
Norway,1987,14.25893974
Norway,1988,13.18505955
Norway,1989,13.88951969
Norway,1990,13.89447021
Norway,1991,13.72192955
Norway,1992,13.66609955
Norway,1993,15.7393198
Norway,1994,16.35090065
Norway,1995,16.73825073
Norway,1996,15.84255028
Norway,1997,16.05324936
Norway,1998,15.39109993
Norway,1999,14.99256992
Norway,2000,15.6301899
Norway,2001,15.78386021
Norway,2002,16.08358002
Norway,2003,15.53073025
Norway,2004,16.26292992
Norway,2005,16.37252998
Norway,2006,15.7071104
Norway,2007,15.87798977
Norway,2008,15.71776009
Norway,2009,15.50778008
Norway,2010,15.08848953
Norway,2011,14.82680988
Norway,2012,17.28206062
Norway,2013,17.11923981
Norway,2014,16.90208054
Norway,2015,15.60758018
Norway,2016,15.83950996
Norway,2017,15.93850994
Norway,2018,15.62637043
Oman,1991,6.93073988
Oman,1992,7.986430168
Oman,1993,7.649610043
Oman,1994,7.756030083
Oman,1995,8.004639626
Oman,1996,8.039019585
Oman,1997,9.125559807
Oman,1998,9.991800308
Oman,1999,10.32785988
Oman,2000,8.983440399
Oman,2001,10.5839901
Oman,2002,11.06247997
Oman,2003,10.03896046
Oman,2004,10.31647015
Oman,2005,10.05364037
Oman,2006,11.22463036
Oman,2009,10.94917965
Oman,2013,11.08018017
Oman,2017,13.55008984
Oman,2018,12.69789982
Oman,2019,12.42101955
Oman,2020,12.2049799
Pakistan,1993,7.80284977
Pakistan,1994,9.376429558
Pakistan,1995,10.31326962
Pakistan,1996,10.06898975
Pakistan,1997,11.75339985
Pakistan,1999,11.30733013
Pakistan,2000,8.489879608
Pakistan,2004,11.22935009
Pakistan,2005,13.77750969
Pakistan,2006,15.28909969
Pakistan,2007,15.4455204
Pakistan,2008,14.09696007
Pakistan,2009,12.08263016
Pakistan,2010,11.86466026
Pakistan,2011,10.92461014
Pakistan,2012,11.04063034
Pakistan,2013,11.51397991
Pakistan,2014,11.30066013
Pakistan,2015,13.1872797
Pakistan,2016,15.06348038
Pakistan,2017,14.54477978
Pakistan,2019,11.59167957
Palau,2000,13.96440983
Palau,2001,15.30784988
Palau,2002,15.53765965
Palestine,2010,17.80521011
Palestine,2011,16.00078011
Palestine,2012,15.36781979
Palestine,2013,17.05088997
Palestine,2015,15.49322033
Palestine,2016,16.92126083
Palestine,2017,16.07543945
Palestine,2018,17.78866005
Palestine,2019,17.71245003
Panama,1995,18.19721031
Panama,1996,18.15498924
Panama,1997,17.35391045
Panama,1999,18.97315025
Panama,2000,19.8319397
Panama,2001,16.63912964
Panama,2002,16.95750046
Panama,2003,16.34300995
Panama,2004,14.56826973
Panama,2008,14.88982964
Panama,2011,13.01972008
Panama,2015,7.864059925
Panama,2016,7.466390133
Panama,2017,8.681870461
Panama,2018,8.681099892
Panama,2019,10.09027004
Panama,2020,10.24318027
Panama,2021,11.97052956
Papua New Guinea,2017,10.69820023
Papua New Guinea,2018,9.227100372
Paraguay,1985,8.363329887
Paraguay,1990,7.858059883
Paraguay,1998,17.08778954
Paraguay,1999,21.87684059
Paraguay,2000,21.55938911
Paraguay,2001,19.87921906
Paraguay,2002,18.81539917
Paraguay,2003,20.89402962
Paraguay,2004,18.21824074
Paraguay,2007,19.42472076
Paraguay,2010,18.76240921
Paraguay,2013,9.598620415
Paraguay,2014,10.27560043
Paraguay,2015,12.28942013
Paraguay,2017,11.50658989
Paraguay,2018,11.96580029
Paraguay,2019,11.94795036
Paraguay,2020,9.843669891
Paraguay,2021,9.642350197
Peru,2000,15.25037003
Peru,2001,14.79623032
Peru,2002,14.57806015
Peru,2003,14.65830994
Peru,2004,15.27385044
Peru,2005,14.27851963
Peru,2006,14.03530025
Peru,2007,14.14177036
Peru,2008,14.53442001
Peru,2009,14.59630966
Peru,2010,13.55558014
Peru,2011,13.55255032
Peru,2012,14.36907005
Peru,2013,15.22387981
Peru,2014,16.21989059
Peru,2015,17.57485962
Peru,2016,17.87010002
Peru,2017,18.23591995
Peru,2018,17.1314106
Peru,2019,17.76287079
Peru,2020,15.95880032
Peru,2021,17.87413979
Philippines,1995,15.24298
Philippines,1996,17.56657028
Philippines,1997,15.17012978
Philippines,1998,18.18099022
Philippines,2000,15.20676041
Philippines,2001,13.91590977
Philippines,2002,14.06892967
Philippines,2003,14.38022041
Philippines,2004,12.75084972
Philippines,2005,12.42236042
Philippines,2006,13.26852989
Philippines,2007,13.66701984
Philippines,2008,14.4419899
Philippines,2009,13.21115971
Philippines,2015,16.01622009
Philippines,2016,16.98801041
Philippines,2017,17.17048073
Philippines,2018,15.39999962
Philippines,2019,17.48324013
Philippines,2020,14.23373985
Poland,1996,16.79590988
Poland,1998,11.27880955
Poland,1999,10.89190006
Poland,2000,11.86929989
Poland,2001,11.83148956
Poland,2002,11.88938046
Poland,2003,11.64437962
Poland,2004,12.28658962
Poland,2005,12.26731014
Poland,2006,12.71207047
Poland,2007,11.35066986
Poland,2008,11.45131016
Poland,2009,11.12903023
Poland,2010,11.06464005
Poland,2011,10.98486042
Poland,2012,11.22696972
Poland,2013,11.59794044
Poland,2014,11.57975006
Poland,2015,11.54648018
Poland,2016,11.28394985
Poland,2017,11.0591898
Poland,2018,11.12355042
Portugal,1987,7.213819981
Portugal,1988,9.003430367
Portugal,1989,9.871020317
Portugal,1990,10.27035046
Portugal,1991,11.01885033
Portugal,1992,10.58578968
Portugal,1993,10.5311203
Portugal,1994,10.91829014
Portugal,1995,11.6594696
Portugal,1996,12.60186958
Portugal,1999,11.86804962
Portugal,2000,12.05200005
Portugal,2001,12.0950098
Portugal,2002,11.90172005
Portugal,2003,11.65052032
Portugal,2004,10.96465015
Portugal,2005,10.85459995
Portugal,2006,10.86835003
Portugal,2007,11.04621029
Portugal,2008,10.35739994
Portugal,2009,11.07695007
Portugal,2010,10.42891026
Portugal,2011,10.24201965
Portugal,2012,10.12378025
Portugal,2013,10.55854034
Portugal,2014,9.913330078
Portugal,2015,10.13582993
Portugal,2017,11.05543041
Portugal,2018,10.81206036
Qatar,1998,7.843699932
Qatar,1999,9.526630402
Qatar,2000,9.676050186
Qatar,2001,10.55130959
Qatar,2002,12.00745964
Qatar,2003,10.70005989
Qatar,2004,12.05313015
Qatar,2005,13.74475956
Qatar,2008,15.05552006
Qatar,2009,14.83565044
Qatar,2010,13.81727028
Qatar,2011,13.10684967
Qatar,2012,12.30793953
Qatar,2013,13.14834023
Qatar,2014,12.74283981
Qatar,2017,8.560850143
Qatar,2019,8.636489868
Qatar,2020,9.319160461
Romania,1996,14.72865009
Romania,2000,8.187580109
Romania,2001,9.848819733
Romania,2002,10.92234993
Romania,2003,11.13906002
Romania,2004,9.843310356
Romania,2005,10.83668041
Romania,2006,12.71961975
Romania,2007,12.00496006
Romania,2008,11.61622047
Romania,2009,11.02128983
Romania,2010,9.129130363
Romania,2011,8.329779625
Romania,2012,8.435790062
Romania,2013,8.979000092
Romania,2014,9.256950378
Romania,2015,9.094510078
Romania,2016,9.5105896
Romania,2017,10.05265045
Romania,2018,10.46096039
Russia,2000,8.951849937
Russia,2001,9.213359833
Russia,2002,10.58384037
Russia,2003,10.53168964
Russia,2004,11.17591
Russia,2005,11.95057011
Russia,2006,12.42580032
Russia,2008,11.95923042
Russia,2012,11.14675999
Russia,2013,10.86184025
Russia,2014,11.48851967
Russia,2015,10.86946964
Russia,2016,10.98528004
Russia,2017,13.46508026
Russia,2018,14.34107971
Rwanda,1999,17.25066948
Rwanda,2000,18.83532906
Rwanda,2001,25.31314087
Rwanda,2007,17.78655052
Rwanda,2008,15.59150982
Rwanda,2010,17.54805946
Rwanda,2011,15.34337997
Rwanda,2012,15.81546974
Rwanda,2013,16.85963058
Rwanda,2014,13.73431969
Rwanda,2015,12.5390501
Rwanda,2016,12.27838993
Rwanda,2017,11.07960987
Rwanda,2018,10.80461025
Rwanda,2019,10.76183033
Rwanda,2020,10.78318977
Saint Kitts and Nevis,1985,19.16773987
Saint Kitts and Nevis,1987,13.00741005
Saint Kitts and Nevis,1989,9.140000343
Saint Kitts and Nevis,1991,11.2264204
Saint Kitts and Nevis,1992,15.21413994
Saint Kitts and Nevis,1995,13.37852955
Saint Kitts and Nevis,1998,14.53252029
Saint Kitts and Nevis,1999,10.32295036
Saint Kitts and Nevis,2000,13.68505001
Saint Kitts and Nevis,2001,14.20753002
Saint Kitts and Nevis,2002,11.05932999
Saint Kitts and Nevis,2003,12.28806019
Saint Kitts and Nevis,2004,11.79026031
Saint Kitts and Nevis,2005,11.05620956
Saint Kitts and Nevis,2006,12.47840977
Saint Kitts and Nevis,2007,13.05181026
Saint Kitts and Nevis,2015,8.635499954
Saint Lucia,1986,23.2560997
Saint Lucia,1994,31.31318092
Saint Lucia,1998,29.43382072
Saint Lucia,1999,26.03627014
Saint Lucia,2001,25.85462952
Saint Lucia,2003,15.42216015
Saint Lucia,2004,15.04104042
Saint Lucia,2005,16.3069706
Saint Lucia,2006,19.01137924
Saint Lucia,2008,19.94337082
Saint Lucia,2009,13.89531994
Saint Lucia,2010,14.20207977
Saint Lucia,2011,13.83675957
Saint Lucia,2012,12.19244957
Saint Lucia,2013,13.84786034
Saint Lucia,2014,15.30152035
Saint Lucia,2015,16.45298004
Saint Lucia,2016,21.97570038
Saint Lucia,2017,14.09974003
Saint Lucia,2018,14.30671978
Saint Lucia,2019,14.08432007
Saint Lucia,2020,14.32271957
Saint Lucia,2021,14.46759033
Saint Vincent and the Grenadines,1986,22.89880943
Saint Vincent and the Grenadines,1989,18.24648094
Saint Vincent and the Grenadines,1991,20.69968987
Saint Vincent and the Grenadines,1998,14.84941959
Saint Vincent and the Grenadines,1999,21.14543915
Saint Vincent and the Grenadines,2000,30.78919983
Saint Vincent and the Grenadines,2002,28.7013092
Saint Vincent and the Grenadines,2003,31.47550964
Saint Vincent and the Grenadines,2005,22.59198952
Saint Vincent and the Grenadines,2007,20.03841019
Saint Vincent and the Grenadines,2009,17.33849907
Saint Vincent and the Grenadines,2010,15.48563004
Saint Vincent and the Grenadines,2016,20.1484108
Saint Vincent and the Grenadines,2017,18.97827911
Saint Vincent and the Grenadines,2018,19.01264
Samoa,1999,13.41716957
Samoa,2000,10.4612999
Samoa,2001,12.77033043
Samoa,2002,12.79380035
Samoa,2008,16.06422997
Samoa,2015,14
Samoa,2016,13.03890038
Samoa,2017,13.21240044
Samoa,2018,14.84702969
Samoa,2019,15.59646988
Samoa,2020,16.21499062
San Marino,2010,10.78129005
San Marino,2011,10.64035988
San Marino,2017,13.10361004
San Marino,2018,14.48633003
San Marino,2019,15.05992031
Sao Tome and Principe,2002,6.420430183
Sao Tome and Principe,2003,6.692009926
Sao Tome and Principe,2004,5.853590012
Sao Tome and Principe,2005,12.1254797
Sao Tome and Principe,2006,14.08423042
Sao Tome and Principe,2007,16.65735054
Sao Tome and Principe,2008,18.24863052
Sao Tome and Principe,2009,20.56077957
Sao Tome and Principe,2010,19.32740974
Sao Tome and Principe,2011,16.95149994
Sao Tome and Principe,2012,13.72161961
Sao Tome and Principe,2013,18.82966995
Sao Tome and Principe,2014,12.32466984
Sao Tome and Principe,2015,11.29734039
Sao Tome and Principe,2016,15.96667957
Sao Tome and Principe,2017,18.39999962
Sao Tome and Principe,2018,20.11654091
Sao Tome and Principe,2019,17.59244919
Sao Tome and Principe,2020,16.12594032
Sao Tome and Principe,2021,16.58419037
Saudi Arabia,1991,14.71302032
Saudi Arabia,1992,14.72169018
Saudi Arabia,1993,14.57367039
Saudi Arabia,1994,16.81303024
Saudi Arabia,1995,16.84456062
Saudi Arabia,1996,15.25230026
Saudi Arabia,1997,12.29582024
Saudi Arabia,1998,23.9824295
Saudi Arabia,1999,23.32939911
Saudi Arabia,2000,17.83658981
Saudi Arabia,2001,20.89613914
Saudi Arabia,2002,21.29412079
Saudi Arabia,2003,21.45521927
Saudi Arabia,2004,20.18865967
Saudi Arabia,2005,19.29228973
Saudi Arabia,2006,21.60387039
Saudi Arabia,2008,19.25741959
Senegal,1998,18.73254013
Senegal,1999,16.82036018
Senegal,2000,17.61849022
Senegal,2001,15.72974014
Senegal,2002,16.72192001
Senegal,2003,16.11750984
Senegal,2004,16.96224976
Senegal,2005,21.77096939
Senegal,2006,17.95463943
Senegal,2008,19.22613907
Senegal,2009,23.30044937
Senegal,2010,24.04635048
Senegal,2011,21.08696938
Senegal,2012,20.79524994
Senegal,2013,25.74234962
Senegal,2014,24.76296043
Senegal,2015,23.77827072
Senegal,2016,21.33736992
Senegal,2017,20.5892601
Senegal,2018,21.5420208
Senegal,2019,18.31226921
Senegal,2020,22.06278038
Senegal,2021,21.08209038
Serbia,2007,9.976639748
Serbia,2008,10.39081955
Serbia,2009,10.48217964
Serbia,2010,10.09823036
Serbia,2011,10.1795702
Serbia,2012,9.227009773
Serbia,2014,8.763999939
Serbia,2015,8.87635994
Serbia,2016,8.692990303
Serbia,2017,9.25646019
Serbia,2018,8.804280281
Serbia,2019,8.604599953
Seychelles,1984,26.99180984
Seychelles,1985,22.83296013
Seychelles,1986,19.51612091
Seychelles,1988,18.25662994
Seychelles,1989,19.83613014
Seychelles,1994,14.97165966
Seychelles,1995,11.91291046
Seychelles,1996,15.13588047
Seychelles,1998,9.872570038
Seychelles,1999,9.373760223
Seychelles,2002,9.220159531
Seychelles,2003,12.04319954
Seychelles,2006,10.95452023
Seychelles,2010,10.86437988
Seychelles,2011,10.38640976
Seychelles,2012,6.77120018
Seychelles,2013,9.547659874
Seychelles,2014,12.08458042
Seychelles,2015,12.58697987
Seychelles,2016,11.72342968
Seychelles,2017,10.25983047
Seychelles,2018,11.82717991
Seychelles,2019,11.13055992
Seychelles,2020,9.168009758
Seychelles,2021,10.48375034
Sierra Leone,2000,20.73130035
Sierra Leone,2001,17.9708004
Sierra Leone,2002,17.70318985
Sierra Leone,2003,17.31936073
Sierra Leone,2004,17.1487999
Sierra Leone,2005,15.50660992
Sierra Leone,2007,19.75021935
Sierra Leone,2008,14.93089962
Sierra Leone,2009,15.89645958
Sierra Leone,2010,12.8019104
Sierra Leone,2011,12.41145992
Sierra Leone,2012,14.12596035
Sierra Leone,2013,15.20230961
Sierra Leone,2014,15.09173965
Sierra Leone,2016,12.47358036
Sierra Leone,2017,19.89410019
Sierra Leone,2018,32.72782898
Sierra Leone,2019,35.00582886
Sierra Leone,2020,34.32725143
Singapore,2000,20.30553055
Singapore,2001,21.5566597
Singapore,2002,21.41607094
Singapore,2003,24.75983047
Singapore,2004,22.74440956
Singapore,2005,22.27878952
Singapore,2006,22.5367794
Singapore,2007,23.23229027
Singapore,2008,30.0994091
Singapore,2009,21.85297012
Singapore,2010,18.57172966
Singapore,2011,28.86183929
Singapore,2012,31.37174988
Singapore,2013,28.83914948
Slovakia,1996,9.504480362
Slovakia,1997,8.462679863
Slovakia,1999,8.56319046
Slovakia,2000,7.323430061
Slovakia,2001,8.686719894
Slovakia,2002,9.341520309
Slovakia,2003,10.42514992
Slovakia,2004,10.81554031
Slovakia,2005,9.464699745
Slovakia,2006,9.550780296
Slovakia,2007,9.684390068
Slovakia,2008,9.51928997
Slovakia,2009,9.021980286
Slovakia,2010,9.598320007
Slovakia,2011,9.426580429
Slovakia,2012,9.387419701
Slovakia,2013,9.579870224
Slovakia,2014,9.746080399
Slovakia,2015,10.0485096
Slovakia,2016,9.168419838
Slovakia,2017,9.519089699
Slovakia,2018,9.513609886
Slovenia,2001,11.81863976
Slovenia,2002,12.00360012
Slovenia,2003,12.09480953
Slovenia,2004,12.10531998
Slovenia,2005,12.0792799
Slovenia,2006,12.27688026
Slovenia,2007,11.7869997
Slovenia,2008,11.34092045
Slovenia,2009,11.25362015
Slovenia,2010,11.05198956
Slovenia,2011,10.89570045
Slovenia,2012,11.38722038
Slovenia,2013,8.969599724
Slovenia,2014,10.40814972
Slovenia,2015,10.07917023
Slovenia,2016,10.38195992
Slovenia,2017,10.84708023
Slovenia,2018,11.33996964
Solomon Islands,1991,15.86093044
Solomon Islands,1998,13.11647987
Solomon Islands,2007,20.93128014
Solomon Islands,2008,18.12689018
Solomon Islands,2009,16.45326042
Solomon Islands,2010,16.67667961
Solomon Islands,2011,25.21640015
Solomon Islands,2012,22.20229912
Solomon Islands,2013,27.63220024
Solomon Islands,2014,26.73699951
Solomon Islands,2015,25.20870018
Somalia,2015,1.421129942
Somalia,2016,1.314839959
Somalia,2017,1.70468998
Somalia,2018,3.00248003
Somalia,2019,4.262450218
Somalia,2020,4.412380219
South Africa,2001,20.47204971
South Africa,2002,20.09569931
South Africa,2003,19.59230042
South Africa,2004,19.93462944
South Africa,2005,19.9249897
South Africa,2006,18.00498962
South Africa,2007,18.02706909
South Africa,2008,17.90630913
South Africa,2009,18.30625916
South Africa,2010,18.04437065
South Africa,2011,18.70155907
South Africa,2012,19.68271065
South Africa,2013,18.69659996
South Africa,2014,18.98916054
South Africa,2015,18.69935036
South Africa,2016,18.04874039
South Africa,2017,18.71928978
South Africa,2018,18.90159035
South Africa,2019,19.59622955
South Africa,2020,19.52728081
South Africa,2021,18.41724014
South Asia,1997,13.32223034
South Asia,1999,16.95982933
South Asia,2000,17.94327545
South Asia,2003,16.68162918
South Asia,2004,13.59123516
South Asia,2005,13.77750969
South Asia,2006,16.31281471
South Asia,2007,18.15340042
South Asia,2008,17.81619072
South Asia,2009,12.08263016
South Asia,2010,13.9485054
South Asia,2011,14.80667019
South Asia,2012,13.99211979
South Asia,2013,13.9364996
South Asia,2014,14.46592999
South Asia,2015,12.85922527
South Asia,2016,14.07723999
South Asia,2017,14.54477978
South Asia,2018,11.68877029
South Asia,2019,11.34377003
South Sudan,2011,3.950700045
South Sudan,2013,3.228019953
South Sudan,2014,4.131360054
South Sudan,2015,3.284600019
South Sudan,2016,0.833360016
South Sudan,2017,1.073699951
South Sudan,2018,0.867030025
Spain,1987,8.843440056
Spain,1988,9.639369965
Spain,1989,10.34298992
Spain,1990,10.14229012
Spain,1991,10.03194046
Spain,1992,9.730460167
Spain,1993,10.04699993
Spain,1994,10.26704979
Spain,1995,10.65826035
Spain,1996,10.73558044
Spain,1998,10.47189045
Spain,1999,10.6707201
Spain,2000,10.6530304
Spain,2001,10.70273972
Spain,2002,10.7009697
Spain,2003,10.87535
Spain,2004,10.71127033
Spain,2005,10.76976013
Spain,2006,10.88782978
Spain,2007,10.83693981
Spain,2008,10.92607975
Spain,2009,10.62497997
Spain,2010,10.54881001
Spain,2011,10.60980988
Spain,2012,9.185660362
Spain,2013,9.493339539
Spain,2014,9.538860321
Spain,2015,9.766460419
Spain,2016,9.961039543
Spain,2017,10.21348953
Spain,2018,10.0303297
Sri Lanka,1991,10.87623024
Sri Lanka,1994,12.70728016
Sri Lanka,1995,11.56567001
Sri Lanka,1996,12.69388962
Sri Lanka,1998,11.66882992
Sri Lanka,2009,8.2707901
Sri Lanka,2010,8.605660439
Sri Lanka,2011,9.110159874
Sri Lanka,2012,8.394029617
Sri Lanka,2013,9.419949532
Sri Lanka,2014,10.8239603
Sri Lanka,2015,10.95026016
Sri Lanka,2016,17.72875977
Sri Lanka,2017,14.49975967
Sri Lanka,2018,11.33090019
Sub-Saharan Africa,2000,15.60715961
Sub-Saharan Africa,2001,15.74110985
Sub-Saharan Africa,2002,16.4272995
Sub-Saharan Africa,2004,17.38710022
Sub-Saharan Africa,2005,18.03303909
Sub-Saharan Africa,2006,17.97981453
Sub-Saharan Africa,2008,17.90630913
Sub-Saharan Africa,2009,18.24093819
Sub-Saharan Africa,2010,17.54805946
Sub-Saharan Africa,2011,15.34337997
Sub-Saharan Africa,2012,17.20000076
Sub-Saharan Africa,2013,16.39172363
Sub-Saharan Africa,2014,17.61180496
Sub-Saharan Africa,2015,16.66482353
Sub-Saharan Africa,2016,15.34716034
Sub-Saharan Africa,2017,16.21059418
Sub-Saharan Africa,2018,16.80236435
Sub-Saharan Africa,2019,14.59023952
Sub-Saharan Africa,2020,14.05592918
Sudan,2000,9.116889954
Sudan,2002,11.0448904
Sudan,2004,7.949240208
Sudan,2005,5.966800213
Sudan,2006,8.253160477
Sudan,2008,9.392780304
Sudan,2009,10.7818203
Sudan,2021,12.47558022
Suriname,2015,11.37660027
Suriname,2016,16.07542038
Suriname,2017,17.32357979
Suriname,2018,14.72416973
Suriname,2019,15.27698994
Suriname,2020,13.94235039
Suriname,2021,10.10748959
Sweden,1980,9.816049576
Sweden,1981,10.15025997
Sweden,1990,8.30340004
Sweden,1991,8.396019936
Sweden,1992,7.979899883
Sweden,1993,8.120909691
Sweden,1995,10.18916035
Sweden,1996,11.31739998
Sweden,1998,12.70540047
Sweden,1999,12.40835953
Sweden,2000,12.91302013
Sweden,2001,12.80970001
Sweden,2002,13.14463997
Sweden,2003,12.85439014
Sweden,2004,12.98013973
Sweden,2005,12.68762016
Sweden,2006,12.73624992
Sweden,2007,12.76957035
Sweden,2008,12.94456005
Sweden,2009,13.18239021
Sweden,2010,13.22099972
Sweden,2011,13.09512043
Sweden,2012,15.1362896
Sweden,2013,15.05978966
Sweden,2014,15.24812031
Sweden,2015,15.38288021
Sweden,2016,15.61890984
Sweden,2017,15.68610001
Sweden,2018,15.66701984
Switzerland,1984,15.59389973
Switzerland,1985,15.52194977
Switzerland,1986,15.73204041
Switzerland,1987,15.45471954
Switzerland,1988,16.15731049
Switzerland,1989,15.81579018
Switzerland,1990,17.18164063
Switzerland,1991,17.17259026
Switzerland,1993,16.15929985
Switzerland,1994,15.51152039
Switzerland,1995,15.31004047
Switzerland,1996,15.27908993
Switzerland,1998,14.55200958
Switzerland,1999,14.33310032
Switzerland,2000,14.45215988
Switzerland,2001,15.25533962
Switzerland,2002,15.18126011
Switzerland,2003,16.19942093
Switzerland,2004,16.09639931
Switzerland,2005,15.70398998
Switzerland,2006,15.85387993
Switzerland,2007,15.56042004
Switzerland,2008,15.88504028
Switzerland,2009,15.52213955
Switzerland,2010,15.28763962
Switzerland,2011,15.4477396
Switzerland,2012,15.47541046
Switzerland,2013,15.09508991
Switzerland,2014,15.3224802
Switzerland,2015,15.38914013
Switzerland,2016,15.36124039
Switzerland,2017,15.46181965
Switzerland,2018,15.52665997
Syria,1996,15.04076004
Syria,2001,15.66205978
Syria,2002,16.82607079
Syria,2003,19.85540009
Syria,2004,17.14539909
Syria,2006,20.04847908
Syria,2007,18.92593002
Syria,2008,20.04079056
Syria,2009,19.18404961
Tajikistan,1998,15.07244968
Tajikistan,1999,11.83438969
Tajikistan,2000,12.02513981
Tajikistan,2001,13.18852997
Tajikistan,2002,14.59364033
Tajikistan,2003,12.69423962
Tajikistan,2004,13.67675972
Tajikistan,2005,15.29337978
Tajikistan,2006,15.63601017
Tajikistan,2007,12.21487999
Tajikistan,2008,12.80049992
Tajikistan,2009,14.31215954
Tajikistan,2010,15.33145046
Tajikistan,2011,14.56050968
Tajikistan,2012,16.37050056
Tajikistan,2015,16.39336014
Tajikistan,2016,17.0383606
Tajikistan,2017,18.14114952
Tajikistan,2018,15.88862038
Tajikistan,2019,18.65759087
Tajikistan,2020,17.77205086
Tajikistan,2021,19.91206932
Tanzania,1996,12.50030994
Tanzania,1997,12.62788963
Tanzania,1998,11.79397011
Tanzania,2004,19.49263954
Tanzania,2005,18.14314079
Tanzania,2006,15.0141201
Tanzania,2007,19.43173981
Tanzania,2008,18.77840996
Tanzania,2009,17.41091919
Tanzania,2010,19.64801025
Tanzania,2014,17.29710007
Tanzania,2017,24.39653969
Tanzania,2018,20.50494003
Thailand,1995,18.90245056
Thailand,1996,20.03906059
Thailand,1997,21.20360947
Thailand,1998,19.4810009
Thailand,1999,18.97901917
Thailand,2000,28.3885994
Thailand,2001,24.24134064
Thailand,2002,16.22293091
Thailand,2003,20.86635017
Thailand,2004,21.45767021
Thailand,2005,20.54681969
Thailand,2006,22.00279045
Thailand,2007,18.48467064
Thailand,2008,18.16284943
Thailand,2009,18.17830086
Thailand,2010,16.22262001
Thailand,2011,22.63023949
Thailand,2012,21.39679909
Thailand,2013,19.12593079
Thailand,2014,16.90019035
Thailand,2015,17.05779076
Thailand,2016,17.31904984
Thailand,2017,15.83858013
Thailand,2018,14.48729038
Thailand,2020,16.77131081
Timor,2008,7.090539932
Timor,2009,10.58611965
Timor,2010,9.154210091
Timor,2011,7.650899887
Timor,2012,5.537690163
Timor,2013,5.893179893
Timor,2014,6.772870064
Timor,2015,8.636969566
Timor,2016,7.246910095
Timor,2017,8.205820084
Timor,2018,7.881289959
Togo,1992,22.54920959
Togo,1996,23.29256058
Togo,1998,20.98232079
Togo,1999,23.4187603
Togo,2000,24.42370987
Togo,2001,25.73135948
Togo,2002,30.70002937
Togo,2003,27.75642967
Togo,2004,21.83069038
Togo,2005,17.67807961
Togo,2006,17.2866497
Togo,2007,18.15452003
Togo,2008,19.24566078
Togo,2009,19.37198067
Togo,2010,19.6157608
Togo,2011,16.90378952
Togo,2012,17.68042946
Togo,2013,16.59206963
Togo,2014,17.39141083
Togo,2015,16.66498947
Togo,2016,15.99131012
Togo,2017,23.14003944
Togo,2018,21.76909065
Tonga,1999,26.05698967
Tonga,2000,22.95586014
Tonga,2001,22.10918045
Tonga,2002,15.82658005
Tonga,2003,18.61911964
Tonga,2004,19.09716988
Tonga,2018,10.1711998
Tonga,2019,11.92780018
Tonga,2020,15.52814007
Tonga,2021,12.65264988
Trinidad and Tobago,1989,12.90589046
Trinidad and Tobago,1990,13.85188007
Trinidad and Tobago,1994,15.01152992
Trinidad and Tobago,1995,14.89840031
Trinidad and Tobago,1996,13.28493023
Trinidad and Tobago,1997,12.03244019
Trinidad and Tobago,1998,8.926670074
Trinidad and Tobago,1999,11.2300396
Trinidad and Tobago,2000,11.73112011
Trinidad and Tobago,2001,12.16543007
Trinidad and Tobago,2002,14.28520966
Trinidad and Tobago,2003,13.91007042
Trinidad and Tobago,2011,12.8451004
Trinidad and Tobago,2012,13.23789978
Trinidad and Tobago,2013,14.18910027
Trinidad and Tobago,2014,13.38510036
Trinidad and Tobago,2015,8.700969696
Trinidad and Tobago,2016,10.4340601
Trinidad and Tobago,2017,9.886910439
Trinidad and Tobago,2018,9.77173996
Trinidad and Tobago,2019,10.62077999
Trinidad and Tobago,2020,9.377129555
Trinidad and Tobago,2021,8.929389954
Tunisia,1992,20.72396088
Tunisia,1993,21.67490005
Tunisia,1994,21.81670952
Tunisia,1995,23.35724068
Tunisia,1996,23.13492966
Tunisia,1997,25.95521927
Tunisia,1999,24.90078926
Tunisia,2000,24.59177971
Tunisia,2001,24.64776039
Tunisia,2002,22.88013077
Tunisia,2003,27.68428993
Tunisia,2004,27.83381081
Tunisia,2005,26.69569016
Tunisia,2006,26.86130905
Tunisia,2007,26.42863083
Tunisia,2008,25.25867081
Tunisia,2009,25.26201057
Tunisia,2010,24.84683037
Tunisia,2012,20.99101067
Tunisia,2015,22.66534042
Turkey,2000,6.375830173
Turkey,2001,5.982659817
Turkey,2002,6.651649952
Turkey,2003,7.419879913
Turkey,2004,8.651720047
Turkey,2006,8.017009735
Turkey,2018,12.40666962
Turkmenistan,2012,20.79550934
Turkmenistan,2019,23.01025009
Turks and Caicos Islands,2015,14.19169998
Turks and Caicos Islands,2016,11.8375597
Turks and Caicos Islands,2017,12.04469013
Turks and Caicos Islands,2018,11.94102001
Turks and Caicos Islands,2019,12.1184597
Turks and Caicos Islands,2020,11.62213039
Turks and Caicos Islands,2021,13.00747013
Uganda,2000,10.35486984
Uganda,2004,20.30834007
Uganda,2010,10.10488987
Uganda,2011,13.61137009
Uganda,2012,11.45189953
Uganda,2013,11.74312019
Uganda,2014,11.70491028
Uganda,2015,13.22008038
Uganda,2016,11.74205017
Uganda,2017,12.84181976
Uganda,2018,11.24717999
Ukraine,1997,12.92467022
Ukraine,1998,11.59928036
Ukraine,1999,13.53417015
Ukraine,2000,11.35896969
Ukraine,2001,12.81095028
Ukraine,2002,14.36096001
Ukraine,2003,14.41952038
Ukraine,2004,12.78174973
Ukraine,2005,13.73865032
Ukraine,2006,13.92323017
Ukraine,2007,14.03619003
Ukraine,2008,13.55782986
Ukraine,2009,15.05482006
Ukraine,2010,15.23396015
Ukraine,2011,13.48431969
Ukraine,2012,13.66551971
Ukraine,2013,13.86763954
Ukraine,2014,13.12135029
Ukraine,2015,13.48009014
Ukraine,2016,12.35311985
Ukraine,2017,13.05142021
Ukraine,2018,12.7508297
Ukraine,2019,13.1361599
Ukraine,2020,15.81424999
United Arab Emirates,2019,10.26766014
United Kingdom,1981,12.64420986
United Kingdom,1982,11.60221958
United Kingdom,1983,11.40756035
United Kingdom,1984,11.20600986
United Kingdom,1985,10.4594202
United Kingdom,1986,10.21578979
United Kingdom,1987,10.50664997
United Kingdom,1988,10.74501038
United Kingdom,1989,11.08839989
United Kingdom,1990,11.09945965
United Kingdom,1991,10.83672047
United Kingdom,1992,11.11497974
United Kingdom,1994,11.77744007
United Kingdom,1995,11.85439014
United Kingdom,1996,11.63673973
United Kingdom,1998,12.09984016
United Kingdom,1999,11.60138988
United Kingdom,2000,11.84799957
United Kingdom,2001,12.08185959
United Kingdom,2002,13.32559013
United Kingdom,2003,13.4005003
United Kingdom,2004,12.7594099
United Kingdom,2005,13.00337982
United Kingdom,2006,12.96016979
United Kingdom,2007,12.84257984
United Kingdom,2008,12.73311043
United Kingdom,2009,12.38475037
United Kingdom,2010,12.78199005
United Kingdom,2011,12.46856976
United Kingdom,2013,12.66024017
United Kingdom,2014,13.35371971
United Kingdom,2015,13.49020958
United Kingdom,2016,13.44863987
United Kingdom,2017,13.76128006
United Kingdom,2018,13.34407997
Upper middle income,2000,16.22615051
Upper middle income,2001,15.57609558
Upper middle income,2002,14.66877079
Upper middle income,2003,15.35517025
Upper middle income,2004,14.80251503
Upper middle income,2005,13.64809036
Upper middle income,2006,13.67492008
Upper middle income,2007,14.16252518
Upper middle income,2008,14.1759243
Upper middle income,2009,14.59630966
Upper middle income,2010,14.57314968
Upper middle income,2011,13.79370975
Upper middle income,2012,14.51826
Upper middle income,2013,14.62347031
Upper middle income,2014,14.3041544
Upper middle income,2015,14.12802029
Upper middle income,2016,14.38564491
Upper middle income,2017,14.46691036
Upper middle income,2018,14.34107971
Upper middle income,2019,14.15939045
Uruguay,2000,8.35916996
Uruguay,2001,9.22963047
Uruguay,2002,7.712659836
Uruguay,2003,6.836269855
Uruguay,2004,8.609239578
Uruguay,2005,9.470970154
Uruguay,2006,9.841210365
Uruguay,2010,17.45240021
Uruguay,2011,15.16254997
Uruguay,2012,17.67790031
Uruguay,2013,17.59980011
Uruguay,2014,17.55730057
Uruguay,2015,17.00629044
Uruguay,2016,14.71417999
Uruguay,2017,14.92741966
Uruguay,2018,15.19254971
Uruguay,2019,15.08080006
Uruguay,2020,16.36347961
Uruguay,2021,15.39081955
Uzbekistan,2013,22.76096916
Uzbekistan,2014,22.97685051
Uzbekistan,2015,22.36525917
Uzbekistan,2016,23.09033012
Uzbekistan,2017,22.53945923
Uzbekistan,2020,20.53565025
Vanuatu,1994,17.5349102
Vanuatu,1998,27.40110016
Vanuatu,1999,25.82177925
Vanuatu,2000,27.5241909
Vanuatu,2001,40.07754898
Vanuatu,2002,36.40961838
Vanuatu,2003,44.80179977
Vanuatu,2008,21.40563011
Vanuatu,2009,18.72315025
Vanuatu,2014,18.20824051
Vanuatu,2015,12.57355022
Vanuatu,2017,12.20798016
Vanuatu,2019,4.6760602
Vanuatu,2020,4.428090096
Venezuela,2015,15.67998981
Venezuela,2016,16.18619919
Venezuela,2017,23.8731308
Vietnam,2008,18.00123978
Vietnam,2009,15.18871021
Vietnam,2010,17.05666924
Vietnam,2011,17.81126976
Vietnam,2012,18.78499031
Vietnam,2013,18.51551056
Vietnam,2015,17.11952019
Vietnam,2016,15.60490036
Vietnam,2017,15.09342003
Vietnam,2018,16.0908699
Vietnam,2019,14.02956963
Vietnam,2020,14.4071703
Vietnam,2021,14.81748962
World,2000,13.52858448
World,2001,14.47763538
World,2002,14.52521038
World,2003,15.09539032
World,2004,14.23503971
World,2005,14.12779045
World,2006,14.16247463
World,2007,14.10441017
World,2008,14.09696007
World,2009,14.02987003
World,2010,14.64214516
World,2011,13.79370975
World,2012,14.40720081
World,2013,14.18910027
World,2014,13.88379002
World,2015,13.92291451
World,2016,13.97148991
World,2017,14.49975967
World,2018,13.82756519
Yemen,2000,30.4892807
Yemen,2001,30.32127953
Yemen,2008,12.48923969
Zambia,2000,8.352620125
Zambia,2004,10.58498955
Zambia,2005,7.729730129
Zambia,2007,6.227910042
Zambia,2008,5.651800156
Zambia,2010,16.89999962
Zambia,2011,15.30000019
Zambia,2012,17.20000076
Zambia,2013,15.39999962
Zambia,2014,20.10000038
Zambia,2015,16.3355999
Zambia,2016,15.40297031
Zambia,2017,14.88183022
Zambia,2018,17.01243019
Zambia,2019,15.29187012
Zambia,2020,12.37802029
Zambia,2021,11.51414013
Zimbabwe,2010,8.536720276
Zimbabwe,2012,29.7510891
Zimbabwe,2013,28.66033936
Zimbabwe,2014,30.01515007
Zimbabwe,2015,29.47083092
Zimbabwe,2016,23.52708054
Zimbabwe,2017,20.87420082
Zimbabwe,2018,19.0398407
