,省,市,市（代码）,日期,现存确诊,新增确诊,本土新增确诊,无症状(只有本土),新增治愈,新增死亡,累计确诊,累计治愈,累计死亡
4,湖北,武汉,420100,2022.12.02,216,0,43,350,0,0,50674,46589,3869
1051,湖北,黄冈,421100,2022.12.02,0,0,0,12,0,0,2913,2788,125
2100,湖北,孝感,420900,2022.12.02,0,0,0,15,0,0,3518,3389,129
3149,湖北,荆门,420800,2022.12.02,0,0,0,17,0,0,971,930,41
4198,湖北,咸宁,421200,2022.12.02,0,0,0,18,0,0,836,821,15
5247,湖北,荆州,421000,2022.12.02,0,0,0,18,0,0,1582,1530,52
6296,湖北,襄阳,420600,2022.12.02,0,0,0,19,0,0,1190,1150,40
7345,湖北,随州,421300,2022.12.02,0,0,0,12,0,0,1307,1262,45
8394,湖北,十堰,420300,2022.12.02,0,0,0,20,0,0,674,666,8
9443,湖北,鄂州,420700,2022.12.02,0,0,0,15,0,0,1395,1336,59
10492,湖北,黄石,420200,2022.12.02,0,0,0,48,0,0,1016,977,39
11541,湖北,宜昌,420500,2022.12.02,0,0,0,24,0,0,932,895,37
12590,湖北,恩施州,,2022.12.02,0,0,0,6,0,0,255,248,7
13637,湖北,仙桃,429004,2022.12.02,0,0,0,9,0,0,575,553,22
14685,湖北,天门,429006,2022.12.02,0,0,0,4,0,0,498,483,15
15733,湖北,潜江,429005,2022.12.02,0,0,0,7,0,0,200,191,9
16781,湖北,神农架林区,429021,2022.12.02,1,0,0,0,0,0,12,11,
17825,广东,广州,440100,2022.12.02,14909,0,1201,4096,0,0,28819,13909,1
18871,广东,深圳,440300,2022.12.02,777,0,116,107,0,0,5347,4567,3
19917,广东,佛山,440600,2022.12.02,565,0,53,237,0,0,1037,472,
20962,广东,湛江,440800,2022.12.02,565,0,58,64,0,0,869,304,
22007,广东,东莞,441900,2022.12.02,331,0,0,149,0,0,827,495,1
23048,广东,中山,442000,2022.12.02,170,0,60,107,0,0,325,155,
24092,广东,惠州,441300,2022.12.02,183,0,13,33,0,0,339,156,
25137,广东,珠海,440400,2022.12.02,178,0,6,19,0,0,644,465,1
26181,广东,阳江,441700,2022.12.02,96,0,6,3,0,0,149,53,
27223,广东,汕头,440500,2022.12.02,374,0,38,10,0,0,412,38,
28267,广东,江门,440700,2022.12.02,128,0,10,14,0,0,291,163,
29311,广东,茂名,440900,2022.12.02,405,0,35,17,0,0,558,153,
30355,广东,肇庆,441200,2022.12.02,404,0,28,15,0,0,459,54,1
31399,广东,梅州,441400,2022.12.02,61,0,0,20,0,0,80,19,
32442,广东,清远,441800,2022.12.02,232,0,7,53,0,0,256,24,
33485,广东,韶关,440200,2022.12.02,132,0,8,4,0,0,145,12,1
34527,广东,揭阳,445200,2022.12.02,3,0,2,62,0,0,14,11,
35571,广东,汕尾,441500,2022.12.02,11,0,0,20,0,0,24,13,
36615,广东,潮州,445100,2022.12.02,29,0,7,9,0,0,36,7,
37659,广东,河源,441600,2022.12.02,47,0,7,13,0,0,56,9,
38702,广东,云浮,445300,2022.12.02,32,0,9,1,0,0,39,7,
39114,浙江,杭州,330100,2022.12.02,244,0,0,0,0,0,789,545,
40163,浙江,宁波,330200,2022.12.02,141,0,13,30,0,0,550,409,
41211,浙江,温州,330300,2022.12.02,147,0,7,27,0,0,724,576,1
42260,浙江,湖州,330500,2022.12.02,100,0,8,7,0,0,137,37,
43309,浙江,嘉兴,330400,2022.12.02,0,0,0,42,0,0,178,178,
44358,浙江,绍兴,330600,2022.12.02,136,0,18,17,0,0,590,454,
45407,浙江,金华,330700,2022.12.02,23,0,1,48,0,0,263,240,
46456,浙江,衢州,330800,2022.12.02,92,0,4,15,0,0,210,118,
47505,浙江,舟山,330900,2022.12.02,18,0,2,0,0,0,48,30,
48554,浙江,台州,331000,2022.12.02,118,0,7,37,0,0,270,152,
49603,浙江,丽水,331100,2022.12.02,11,0,0,5,0,0,34,23,
50652,河南,开封,410200,2022.12.02,0,0,0,2,0,0,58,58,
51695,河南,驻马店,411700,2022.12.02,0,0,0,0,0,0,163,163,
52738,河南,周口,411600,2022.12.02,0,0,0,0,0,0,184,183,1
53781,河南,郑州,410100,2022.12.02,3042,0,75,221,0,0,4706,1658,6
54824,河南,许昌,411000,2022.12.02,5,0,0,1,0,0,578,572,1
55867,河南,信阳,411500,2022.12.02,1,0,0,12,0,0,298,295,2
56910,河南,商丘,411400,2022.12.02,2,0,0,0,0,0,116,111,3
57953,河南,漯河,411100,2022.12.02,8,0,0,0,0,0,54,46,
58996,河南,安阳,410500,2022.12.02,2,0,0,5,0,0,581,579,
60039,河南,濮阳,410900,2022.12.02,3,0,0,0,0,0,45,42,
61078,河南,焦作,410800,2022.12.02,0,0,0,1,0,0,46,45,1
62121,河南,南阳,411300,2022.12.02,0,0,0,0,0,0,162,159,3
63161,河南,平顶山,410400,2022.12.02,0,0,0,0,0,0,72,71,1
64204,河南,新乡,410700,2022.12.02,0,0,0,0,0,0,57,54,3
65247,河南,洛阳,410300,2022.12.02,1,0,0,2,0,0,55,53,1
66290,河南,鹤壁,410600,2022.12.02,3,0,0,6,0,0,28,25,
67333,河南,三门峡,411200,2022.12.02,1,0,0,0,0,0,11,9,1
68375,河南,济源,419001,2022.12.02,32,0,0,6,0,0,39,7,
69412,湖南,娄底,431300,2022.12.02,40,0,0,26,0,0,126,86,
70458,湖南,邵阳,430500,2022.12.02,134,0,0,27,0,0,331,196,1
71505,湖南,长沙,430100,2022.12.02,109,0,15,146,0,0,384,273,2
72552,湖南,衡阳,430400,2022.12.02,30,0,0,14,0,0,83,53,
73599,湖南,株洲,430200,2022.12.02,61,0,0,22,0,0,171,110,
74646,湖南,湘潭,430300,2022.12.02,46,0,7,10,0,0,87,41,
75693,湖南,岳阳,430600,2022.12.02,37,0,0,2,0,0,201,163,1
76740,湖南,常德,430700,2022.12.02,17,0,2,13,0,0,99,82,
77787,湖南,张家界,430800,2022.12.02,43,0,4,8,0,0,120,77,
78834,湖南,益阳,430900,2022.12.02,19,0,0,14,0,0,88,69,
79881,湖南,郴州,431000,2022.12.02,73,0,3,20,0,0,113,40,
80928,湖南,永州,431100,2022.12.02,21,0,0,14,0,0,66,45,
81975,湖南,怀化,431200,2022.12.02,83,0,0,18,0,0,148,65,
83022,湖南,湘西州,,2022.12.02,18,0,0,18,0,0,31,13,
84064,安徽,安庆,340800,2022.12.02,0,0,0,12,0,0,87,87,
85109,安徽,宿州,341300,2022.12.02,0,0,0,10,0,0,423,423,
86154,安徽,蚌埠,340300,2022.12.02,4,0,0,34,0,0,221,212,5
87199,安徽,六安,341500,2022.12.02,0,0,0,16,0,0,85,85,
88244,安徽,淮南,340400,2022.12.02,0,0,0,8,0,0,37,37,
89289,安徽,阜阳,341200,2022.12.02,0,0,0,28,0,0,168,168,
90334,安徽,合肥,340100,2022.12.02,16,0,1,37,0,0,222,205,1
91381,安徽,马鞍山,340500,2022.12.02,0,0,0,7,0,0,41,41,
92426,安徽,芜湖,340200,2022.12.02,3,0,0,22,0,0,43,40,
93471,安徽,铜陵,340700,2022.12.02,9,0,1,9,0,0,42,33,
94516,安徽,亳州,341600,2022.12.02,0,0,0,20,0,0,108,108,
95561,安徽,黄山,341000,2022.12.02,0,0,0,8,0,0,9,9,
96606,安徽,滁州,341100,2022.12.02,0,0,0,4,0,0,15,15,
97651,安徽,宣城,341800,2022.12.02,28,0,6,16,0,0,37,9,
98696,安徽,淮北,340600,2022.12.02,1,0,0,6,0,0,49,48,
99741,安徽,池州,341700,2022.12.02,3,0,0,75,0,0,24,21,
100785,四川,成都,510100,2022.12.02,2479,0,136,320,0,0,6127,3644,4
101829,四川,内江,511000,2022.12.02,58,0,2,18,0,0,375,317,
102874,四川,宜宾,511500,2022.12.02,180,0,0,42,0,0,306,126,
103918,四川,绵阳,510700,2022.12.02,166,0,0,23,0,0,229,63,
104963,四川,自贡,510300,2022.12.02,9,0,0,15,0,0,28,19,
106008,四川,攀枝花,510400,2022.12.02,3,0,0,6,0,0,21,18,
107053,四川,泸州,510500,2022.12.02,64,0,7,6,0,0,127,63,
108098,四川,德阳,510600,2022.12.02,213,0,1,17,0,0,263,50,
109143,四川,广元,510800,2022.12.02,28,0,0,19,0,0,48,20,
110187,四川,遂宁,510900,2022.12.02,135,0,0,7,0,0,171,36,
111232,四川,乐山,511100,2022.12.02,66,0,2,7,0,0,81,15,
112277,四川,南充,511300,2022.12.02,5,0,2,15,0,0,81,76,
113322,四川,广安,511600,2022.12.02,32,0,5,6,0,0,290,258,
114367,四川,达州,511700,2022.12.02,0,0,0,5,0,0,49,49,
115412,四川,巴中,511900,2022.12.02,68,0,0,20,0,0,112,44,
116457,四川,雅安,511800,2022.12.02,10,0,0,8,0,0,18,8,
117502,四川,眉山,511400,2022.12.02,57,0,1,53,0,0,94,37,
118547,四川,资阳,512000,2022.12.02,5,0,0,9,0,0,48,43,
119591,四川,阿坝州,,2022.12.02,143,0,2,99,0,0,213,70,
120636,四川,甘孜州,,2022.12.02,8,0,4,15,0,0,102,94,
121681,四川,凉山州,,2022.12.02,88,0,1,4,0,0,118,30,
122726,山东,菏泽,371700,2022.12.02,1,0,0,42,0,0,42,41,
123773,山东,济南,370100,2022.12.02,375,0,15,158,0,0,577,202,
124820,山东,青岛,370200,2022.12.02,111,0,8,37,0,0,1344,1232,1
125867,山东,滨州,371600,2022.12.02,17,0,2,29,0,0,239,222,
126914,山东,德州,371400,2022.12.02,0,0,0,14,0,0,119,117,2
127961,山东,淄博,370300,2022.12.02,18,0,0,54,0,0,95,76,1
129007,山东,烟台,370600,2022.12.02,1,0,1,57,0,0,100,99,
130054,山东,威海,371000,2022.12.02,21,0,3,55,0,0,132,110,1
131101,山东,聊城,371500,2022.12.02,57,0,2,25,0,0,102,45,
132147,山东,枣庄,370400,2022.12.02,1,0,1,16,0,0,66,65,
133193,山东,潍坊,370700,2022.12.02,0,0,0,43,0,0,53,53,
134239,山东,济宁,370800,2022.12.02,4,0,0,51,0,0,305,301,
135286,山东,泰安,370900,2022.12.02,88,0,0,48,0,0,141,51,2
136332,山东,日照,371100,2022.12.02,3,0,2,45,0,0,40,37,
137379,山东,临沂,371300,2022.12.02,40,0,3,37,0,0,131,91,
138426,山东,东营,370500,2022.12.02,2,0,0,14,0,0,5,3,
138838,吉林,吉林,220200,2022.12.02,0,0,0,9,0,0,14097,14094,3
139886,吉林,长春,220100,2022.12.02,3,0,0,113,0,0,25191,25188,
140935,吉林,延边州,,2022.12.02,11,0,0,26,0,0,206,195,
141984,吉林,四平,220300,2022.12.02,20,0,0,32,0,0,264,243,1
143033,吉林,白城,220800,2022.12.02,2,0,0,35,0,0,147,145,
144069,吉林,辽源,220400,2022.12.02,0,0,0,39,0,0,9,9,
145107,吉林,松原,220700,2022.12.02,57,0,5,139,0,0,84,27,
146155,吉林,通化,220500,2022.12.02,0,0,0,8,0,0,314,313,1
147204,吉林,白山,220600,2022.12.02,1,0,1,12,0,0,25,24,
148253,福建,莆田,350300,2022.12.02,15,0,2,21,0,0,352,337,
149300,福建,厦门,350200,2022.12.02,229,0,29,6,0,0,688,459,
150348,福建,漳州,350600,2022.12.02,93,0,19,22,0,0,144,51,
151397,福建,泉州,350500,2022.12.02,92,0,5,32,0,0,1330,1238,
152446,福建,福州,350100,2022.12.02,33,0,1,47,0,0,446,412,1
153497,福建,三明,350400,2022.12.02,69,0,11,2,0,0,94,25,
154546,福建,南平,350700,2022.12.02,21,0,5,19,0,0,78,57,
155595,福建,龙岩,350800,2022.12.02,59,0,6,1,0,0,67,8,
156644,福建,宁德,350900,2022.12.02,5,0,0,35,0,0,98,93,
157693,江西,宜春,360900,2022.12.02,0,0,0,2,0,0,109,109,
158737,江西,鹰潭,360600,2022.12.02,0,0,0,0,0,0,48,48,
159782,江西,上饶,361100,2022.12.02,0,0,0,4,0,0,328,328,
160826,江西,南昌,360100,2022.12.02,0,0,0,43,0,0,485,485,
161871,江西,赣州,360700,2022.12.02,0,0,0,0,0,0,76,75,1
162916,江西,九江,360400,2022.12.02,9,0,0,6,0,0,139,130,
163961,江西,抚州,361000,2022.12.02,5,0,0,9,0,0,81,76,
165006,江西,新余,360500,2022.12.02,0,0,0,21,0,0,129,129,
166051,江西,吉安,360800,2022.12.02,0,0,0,10,0,0,44,44,
167096,江西,景德镇,360200,2022.12.02,3,0,0,8,0,0,9,6,
168141,江西,萍乡,360300,2022.12.02,0,0,0,3,0,0,39,39,
169186,江苏,扬州,321000,2022.12.02,2,0,0,60,0,0,596,594,
170225,江苏,南京,320100,2022.12.02,216,0,11,83,0,0,768,552,
171265,江苏,无锡,320200,2022.12.02,91,0,6,24,0,0,194,103,
172304,江苏,徐州,320300,2022.12.02,18,0,1,29,0,0,178,160,
173343,江苏,常州,320400,2022.12.02,3,0,0,35,0,0,87,84,
174382,江苏,苏州,320500,2022.12.02,26,0,5,70,0,0,254,228,
175423,江苏,南通,320600,2022.12.02,18,0,0,37,0,0,59,41,
176462,江苏,连云港,320700,2022.12.02,181,0,2,37,0,0,386,205,
177500,江苏,淮安,320800,2022.12.02,18,0,0,30,0,0,101,83,
178539,江苏,盐城,320900,2022.12.02,107,0,3,22,0,0,175,68,
179578,江苏,镇江,321100,2022.12.02,17,0,2,35,0,0,41,24,
180617,江苏,泰州,321200,2022.12.02,22,0,0,41,0,0,69,47,
181656,江苏,宿迁,321300,2022.12.02,38,0,10,50,0,0,68,30,
182695,广西,南宁,450100,2022.12.02,1,0,0,21,0,0,71,70,
183745,广西,北海,450500,2022.12.02,1,0,0,18,0,0,597,595,1
184794,广西,桂林,450300,2022.12.02,28,0,0,150,0,0,63,35,
185844,广西,百色,451000,2022.12.02,0,0,0,9,0,0,284,284,
186894,广西,崇左,451400,2022.12.02,0,0,0,11,0,0,33,33,
187306,广西,防城港,450600,2022.12.02,0,0,0,11,0,0,149,149,
188356,广西,钦州,450700,2022.12.02,0,0,0,9,0,0,27,27,
189406,广西,柳州,450200,2022.12.02,0,0,0,30,0,0,24,24,
190456,广西,梧州,450400,2022.12.02,0,0,0,17,0,0,21,21,
191505,广西,贵港,450800,2022.12.02,2,0,1,0,0,0,12,10,
192555,广西,玉林,450900,2022.12.02,0,0,0,18,0,0,15,15,
193604,广西,河池,451200,2022.12.02,1,0,0,158,0,0,32,30,1
194654,广西,贺州,451100,2022.12.02,1,0,0,11,0,0,5,4,
195704,广西,来宾,451300,2022.12.02,22,0,1,234,0,0,33,11,
196753,海南,海口,460100,2022.12.02,61,0,12,42,0,0,203,142,
197788,海南,三亚,460200,2022.12.02,54,0,9,19,0,0,6777,6722,1
198823,海南,儋州,460400,2022.12.02,4,0,1,4,0,0,476,471,1
199858,海南,万宁,469006,2022.12.02,3,0,1,6,0,0,271,268,
200893,海南,琼海,469002,2022.12.02,3,0,1,6,0,0,23,19,1
201928,海南,东方,469007,2022.12.02,9,0,1,5,0,0,416,406,1
202963,海南,临高县,469024,2022.12.02,3,0,1,2,0,0,199,196,
203998,海南,定安县,469021,2022.12.02,2,0,0,2,0,0,8,5,1
205033,海南,昌江,469026,2022.12.02,1,0,0,0,0,0,9,8,
206068,海南,澄迈县,469023,2022.12.02,14,0,2,3,0,0,54,39,1
207102,海南,陵水,469028,2022.12.02,19,0,3,3,0,0,228,209,
208136,海南,琼中,469030,2022.12.02,0,0,0,2,0,0,1,1,
209170,海南,乐东,469027,2022.12.02,12,0,1,5,0,0,458,446,
210205,海南,文昌,469005,2022.12.02,12,0,2,1,0,0,21,9,
211230,海南,保亭,469029,2022.12.02,0,0,0,0,0,0,3,3,
212254,海南,五指山,469001,2022.12.02,6,0,3,0,0,0,13,7,
212745,海南,屯昌县,469022,2022.12.02,1,0,0,1,0,0,1,,
213236,海南,白沙,469025,2022.12.02,0,0,0,0,0,0,,,
213727,陕西,西安,610100,2022.12.02,259,0,8,392,0,0,2823,2561,3
214771,陕西,安康,610900,2022.12.02,213,0,3,41,0,0,247,34,
215815,陕西,渭南,610500,2022.12.02,252,0,25,68,0,0,315,63,
216859,陕西,汉中,610700,2022.12.02,203,0,13,7,0,0,292,89,
217903,陕西,宝鸡,610300,2022.12.02,0,0,0,43,0,0,261,261,
218947,陕西,咸阳,610400,2022.12.02,28,0,0,49,0,0,64,36,
219991,陕西,延安,610600,2022.12.02,39,0,4,49,0,0,74,35,
221035,陕西,铜川,610200,2022.12.02,22,0,6,0,0,0,49,27,
222079,陕西,商洛,611000,2022.12.02,0,0,0,49,0,0,99,99,
223123,陕西,榆林,610800,2022.12.02,242,0,4,174,0,0,296,54,
224165,河北,邯郸,130400,2022.12.02,10,0,0,5,0,0,74,64,
225214,河北,石家庄,130100,2022.12.02,598,0,15,269,0,0,1719,1120,1
226263,河北,保定,130600,2022.12.02,7,0,0,0,0,0,65,58,
227312,河北,邢台,130500,2022.12.02,5,0,0,4,0,0,143,137,1
228361,河北,廊坊,131000,2022.12.02,16,0,0,9,0,0,335,319,
229410,河北,沧州,130900,2022.12.02,9,0,0,3,0,0,147,135,3
230458,河北,衡水,131100,2022.12.02,6,0,0,2,0,0,20,14,
231507,河北,承德,130800,2022.12.02,1,0,0,2,0,0,9,8,
232556,河北,唐山,130200,2022.12.02,0,0,0,0,0,0,96,95,1
233605,河北,张家口,130700,2022.12.02,0,0,0,5,0,0,43,43,
234654,河北,秦皇岛,130300,2022.12.02,2,0,0,45,0,0,24,21,1
235703,黑龙江,哈尔滨,230100,2022.12.02,699,0,87,89,0,0,2331,1628,4
236748,黑龙江,牡丹江,231000,2022.12.02,5,0,0,27,0,0,108,103,
237794,黑龙江,绥化,231200,2022.12.02,48,0,1,80,0,0,668,616,4
238840,黑龙江,黑河,231100,2022.12.02,30,0,0,127,0,0,344,314,
239885,黑龙江,鸡西,230300,2022.12.02,2,0,0,10,0,0,57,55,
240931,黑龙江,齐齐哈尔,230200,2022.12.02,138,0,15,84,0,0,186,47,1
241976,黑龙江,佳木斯,230800,2022.12.02,70,0,3,25,0,0,225,155,
243022,黑龙江,大庆,230600,2022.12.02,4,0,1,40,0,0,156,151,1
244068,黑龙江,双鸭山,230500,2022.12.02,14,0,3,7,0,0,67,50,3
245114,黑龙江,七台河,230900,2022.12.02,3,0,0,5,0,0,21,18,
246160,黑龙江,鹤岗,230400,2022.12.02,0,0,0,20,0,0,5,5,
247206,黑龙江,大兴安岭,232700,2022.12.02,7,0,1,0,0,0,11,4,
248252,黑龙江,伊春,230700,2022.12.02,0,0,0,12,0,0,1,1,
249297,辽宁,本溪,210500,2022.12.02,6,0,0,19,0,0,22,16,
250344,辽宁,锦州,210700,2022.12.02,9,0,0,26,0,0,29,20,
251391,辽宁,丹东,210600,2022.12.02,5,0,0,3,0,0,101,96,
252438,辽宁,沈阳,210100,2022.12.02,323,0,44,134,0,0,599,276,
253485,辽宁,营口,210800,2022.12.02,0,0,0,12,0,0,218,218,
254532,辽宁,鞍山,210300,2022.12.02,21,0,0,12,0,0,40,19,
255579,辽宁,葫芦岛,211400,2022.12.02,2,0,0,16,0,0,229,226,1
256623,辽宁,大连,210200,2022.12.02,19,0,2,134,0,0,684,665,
257670,辽宁,阜新,210900,2022.12.02,21,0,1,21,0,0,31,10,
258717,辽宁,辽阳,211000,2022.12.02,1,0,0,19,0,0,13,12,
259764,辽宁,铁岭,211200,2022.12.02,130,0,2,8,0,0,160,30,
260811,辽宁,朝阳,211300,2022.12.02,20,0,0,12,0,0,47,26,1
261857,辽宁,盘锦,211100,2022.12.02,34,0,8,10,0,0,48,14,
262903,云南,普洱,530800,2022.12.02,10,0,0,4,0,0,22,12,
263945,云南,德宏州,,2022.12.02,130,0,0,1,0,0,520,390,
264988,云南,临沧,530900,2022.12.02,12,0,0,3,0,0,25,13,
266028,云南,西双版纳,532800,2022.12.02,70,0,0,4,0,0,122,51,1
267071,云南,昆明,530100,2022.12.02,839,0,46,437,0,0,914,75,
268114,云南,昭通,530600,2022.12.02,414,0,18,66,0,0,440,26,
269157,云南,玉溪,530400,2022.12.02,15,0,0,90,0,0,29,13,1
270200,云南,曲靖,530300,2022.12.02,25,0,2,38,0,0,40,15,
271243,云南,大理州,,2022.12.02,120,0,14,160,0,0,133,13,
272281,云南,保山,530500,2022.12.02,39,0,1,14,0,0,50,11,
273324,云南,红河州,,2022.12.02,105,0,6,36,0,0,144,39,
274366,云南,丽江,530700,2022.12.02,37,0,0,0,0,0,44,7,
275409,云南,楚雄州,,2022.12.02,25,0,3,16,0,0,29,4,
276447,云南,文山州,,2022.12.02,10,0,2,20,0,0,23,13,
277483,云南,迪庆州,,2022.12.02,43,0,14,6,0,0,43,,
277895,山西,晋中,140700,2022.12.02,8,0,0,67,0,0,141,133,
278935,山西,太原,140100,2022.12.02,220,0,3,319,0,0,657,437,
279976,山西,运城,140800,2022.12.02,54,0,2,61,0,0,274,220,
281018,山西,朔州,140600,2022.12.02,255,0,10,212,0,0,492,237,
282060,山西,大同,140200,2022.12.02,777,0,20,530,0,0,1306,529,
283102,山西,忻州,140900,2022.12.02,23,0,0,207,0,0,135,112,
284140,山西,阳泉,140300,2022.12.02,362,0,21,221,0,0,497,135,
285182,山西,长治,140400,2022.12.02,80,0,11,207,0,0,90,10,
286224,山西,晋城,140500,2022.12.02,265,0,58,219,0,0,302,37,
287262,山西,临汾,141000,2022.12.02,227,0,59,371,0,0,254,27,
288302,山西,吕梁,141100,2022.12.02,214,0,3,777,0,0,378,164,
289343,甘肃,兰州,620100,2022.12.02,72,0,0,325,0,0,1049,975,2
290390,甘肃,临夏州,,2022.12.02,0,0,0,7,0,0,82,82,
291433,甘肃,甘南州,,2022.12.02,0,0,0,0,0,0,49,49,
292468,甘肃,天水,620500,2022.12.02,0,0,0,0,0,0,57,57,
293513,甘肃,白银,620400,2022.12.02,0,0,0,0,0,0,29,29,
294558,甘肃,酒泉,620900,2022.12.02,0,0,0,0,0,0,1,1,
294970,甘肃,张掖,620700,2022.12.02,0,0,0,0,0,0,19,19,
296014,甘肃,定西,621100,2022.12.02,0,0,0,0,0,0,15,15,
297059,甘肃,平凉,620800,2022.12.02,0,0,0,0,0,0,9,9,
298104,甘肃,陇南,621200,2022.12.02,17,0,0,0,0,0,33,16,
299149,甘肃,庆阳,621000,2022.12.02,0,0,0,0,0,0,8,8,
300182,甘肃,金昌,620300,2022.12.02,0,0,0,0,0,0,1,1,
301221,甘肃,嘉峪关,620200,2022.12.02,0,0,0,0,0,0,5,5,
301633,甘肃,武威,620600,2022.12.02,0,0,0,0,0,0,8,8,
302045,内蒙古,呼和浩特,150100,2022.12.02,466,0,66,96,0,0,4362,3896,
303090,内蒙古,乌兰察布,150900,2022.12.02,3,0,0,14,0,0,101,98,
304136,内蒙古,巴彦淖尔,150800,2022.12.02,0,0,0,21,0,0,46,45,1
305182,内蒙古,包头,150200,2022.12.02,0,0,0,14,0,0,213,213,
306228,内蒙古,呼伦贝尔,150700,2022.12.02,105,0,0,25,0,0,840,735,
307274,内蒙古,兴安盟,152200,2022.12.02,7,0,0,20,0,0,40,33,
308318,内蒙古,通辽,150500,2022.12.02,0,0,0,19,0,0,33,33,
309364,内蒙古,赤峰,150400,2022.12.02,65,0,6,9,0,0,529,464,
310410,内蒙古,阿拉善盟,152900,2022.12.02,0,0,0,1,0,0,177,177,
310825,内蒙古,锡林郭勒盟,152500,2022.12.02,1,0,1,39,0,0,444,443,
311870,内蒙古,鄂尔多斯,150600,2022.12.02,129,0,7,65,0,0,431,302,
312916,内蒙古,乌海,150300,2022.12.02,0,0,0,10,0,0,21,21,
313962,贵州,黔西南州,,2022.12.02,2,0,1,13,0,0,16,14,
315003,贵州,贵阳,520100,2022.12.02,68,0,6,40,0,0,398,329,1
316044,贵州,遵义,520300,2022.12.02,84,0,5,73,0,0,200,116,
317083,贵州,六盘水,520200,2022.12.02,10,0,1,5,0,0,25,14,1
318123,贵州,毕节,520500,2022.12.02,17,0,2,90,0,0,587,570,
319162,贵州,铜仁,520600,2022.12.02,10,0,0,8,0,0,39,29,
320202,贵州,黔东南州,,2022.12.02,8,0,0,6,0,0,27,19,
321240,贵州,黔南州,,2022.12.02,17,0,8,20,0,0,53,36,
322281,西藏,拉萨,540100,2022.12.02,10,0,0,8,0,0,778,768,
323328,西藏,日喀则,540200,2022.12.02,4,0,0,0,0,0,241,237,
324371,西藏,昌都,540300,2022.12.02,20,0,0,2,0,0,263,243,
325414,西藏,山南,540500,2022.12.02,0,0,0,0,0,0,14,14,
326457,西藏,那曲地区,,2022.12.02,4,0,0,6,0,0,91,87,
327500,西藏,阿里地区,542500,2022.12.02,2,0,0,4,0,0,19,17,
328543,青海,西宁,630100,2022.12.02,65,0,13,382,0,0,349,284,
329582,青海,海北州,,2022.12.02,2,0,0,36,0,0,9,7,
330616,青海,海东,630200,2022.12.02,6,0,0,104,0,0,16,10,
331028,青海,黄南州,,2022.12.02,0,0,0,33,0,0,5,5,
331440,青海,海南州,,2022.12.02,1,0,0,29,0,0,6,5,
331852,青海,果洛州,,2022.12.02,2,0,0,0,0,0,2,,
332264,青海,玉树州,,2022.12.02,2,0,0,16,0,0,7,5,
332676,青海,海西州,,2022.12.02,0,0,0,0,0,0,47,47,
333088,新疆,乌鲁木齐,650100,2022.12.02,448,0,2,56,0,0,1866,1418,
334135,新疆,巴州,,2022.12.02,0,0,0,3,0,0,44,44,
335168,新疆,昌吉州,,2022.12.02,0,0,0,0,0,0,11,11,
336204,新疆,伊犁州,,2022.12.02,73,0,0,0,0,0,188,115,
337249,新疆,吐鲁番,650400,2022.12.02,0,0,0,0,0,0,31,31,
338296,新疆,阿克苏地区,652900,2022.12.02,0,0,0,0,0,0,1,1,
339343,新疆,五家渠,659004,2022.12.02,0,0,0,0,0,0,2,2,
340379,新疆,石河子,659001,2022.12.02,0,0,0,1,0,0,4,3,1
341426,新疆,喀什地区,653100,2022.12.02,106,0,6,307,0,0,222,116,
342297,新疆,克州,,2022.12.02,4,0,0,2,0,0,4,,
343060,新疆,哈密,650500,2022.12.02,0,0,0,25,0,0,8,8,
343492,新疆,博州,,2022.12.02,0,0,0,0,0,0,1,1,
343971,新疆,和田地区,653200,2022.12.02,87,0,5,325,0,0,131,44,
344403,新疆,塔城地区,654200,2022.12.02,0,0,0,0,0,0,13,13,
344835,宁夏,银川,640100,2022.12.02,2,0,2,236,0,0,91,89,
345881,宁夏,吴忠,640300,2022.12.02,0,0,0,20,0,0,50,50,
346926,宁夏,石嘴山,640200,2022.12.02,0,0,0,13,0,0,2,2,
347960,宁夏,固原,640400,2022.12.02,0,0,0,132,0,0,9,9,
349005,宁夏,中卫,640500,2022.12.02,0,0,0,32,0,0,80,80,
3,湖北,武汉,420100,2022.12.03,230,0,15,288,0,0,50689,46590,3869
1050,湖北,黄冈,421100,2022.12.03,0,0,0,9,0,0,2913,2788,125
2099,湖北,孝感,420900,2022.12.03,0,0,0,21,0,0,3518,3389,129
3148,湖北,荆门,420800,2022.12.03,0,0,0,18,0,0,971,930,41
4197,湖北,咸宁,421200,2022.12.03,0,0,0,15,0,0,836,821,15
5246,湖北,荆州,421000,2022.12.03,0,0,0,15,0,0,1582,1530,52
6295,湖北,襄阳,420600,2022.12.03,0,0,0,29,0,0,1190,1150,40
7344,湖北,随州,421300,2022.12.03,0,0,0,10,0,0,1307,1262,45
8393,湖北,十堰,420300,2022.12.03,0,0,0,7,0,0,674,666,8
9442,湖北,鄂州,420700,2022.12.03,0,0,0,10,0,0,1395,1336,59
10491,湖北,黄石,420200,2022.12.03,0,0,0,7,0,0,1016,977,39
11540,湖北,宜昌,420500,2022.12.03,0,0,0,20,0,0,932,895,37
12589,湖北,恩施州,,2022.12.03,0,0,0,6,0,0,255,248,7
13636,湖北,仙桃,429004,2022.12.03,0,0,0,10,0,0,575,553,22
14684,湖北,天门,429006,2022.12.03,0,0,0,3,0,0,498,483,15
15732,湖北,潜江,429005,2022.12.03,0,0,0,4,0,0,200,191,9
16780,湖北,神农架林区,429021,2022.12.03,1,0,0,1,0,0,12,11,
17824,广东,广州,440100,2022.12.03,15427,0,1197,3771,0,0,30021,14593,1
18870,广东,深圳,440300,2022.12.03,839,0,119,107,0,0,5473,4631,3
19916,广东,佛山,440600,2022.12.03,657,0,91,296,0,0,1129,472,
20961,广东,湛江,440800,2022.12.03,633,0,68,54,0,0,937,304,
22006,广东,东莞,441900,2022.12.03,348,0,17,130,0,0,844,495,1
23047,广东,中山,442000,2022.12.03,268,0,97,52,0,0,423,155,
24091,广东,惠州,441300,2022.12.03,215,0,32,44,0,0,371,156,
25136,广东,珠海,440400,2022.12.03,180,0,2,25,0,0,646,465,1
26180,广东,阳江,441700,2022.12.03,119,0,23,1,0,0,172,53,
27222,广东,汕头,440500,2022.12.03,414,0,40,9,0,0,452,38,
28266,广东,江门,440700,2022.12.03,141,0,13,10,0,0,304,163,
29310,广东,茂名,440900,2022.12.03,459,0,54,8,0,0,612,153,
30354,广东,肇庆,441200,2022.12.03,430,0,26,17,0,0,485,54,1
31398,广东,梅州,441400,2022.12.03,61,0,0,29,0,0,80,19,
32441,广东,清远,441800,2022.12.03,252,0,20,50,0,0,276,24,
33484,广东,韶关,440200,2022.12.03,167,0,35,7,0,0,180,12,1
34526,广东,揭阳,445200,2022.12.03,5,0,2,85,0,0,16,11,
35570,广东,汕尾,441500,2022.12.03,11,0,0,12,0,0,24,13,
36614,广东,潮州,445100,2022.12.03,41,0,12,10,0,0,48,7,
37658,广东,河源,441600,2022.12.03,67,0,20,27,0,0,76,9,
38701,广东,云浮,445300,2022.12.03,32,0,0,41,0,0,39,7,
39113,浙江,杭州,330100,2022.12.03,292,0,48,143,0,0,837,545,
40162,浙江,宁波,330200,2022.12.03,164,0,23,37,0,0,573,409,
41210,浙江,温州,330300,2022.12.03,177,0,30,32,0,0,754,576,1
42259,浙江,湖州,330500,2022.12.03,116,0,16,1,0,0,153,37,
43308,浙江,嘉兴,330400,2022.12.03,0,0,0,49,0,0,178,178,
44357,浙江,绍兴,330600,2022.12.03,147,0,11,29,0,0,601,454,
45406,浙江,金华,330700,2022.12.03,26,0,3,90,0,0,266,240,
46455,浙江,衢州,330800,2022.12.03,99,0,7,5,0,0,217,118,
47504,浙江,舟山,330900,2022.12.03,21,0,3,0,0,0,51,30,
48553,浙江,台州,331000,2022.12.03,126,0,8,40,0,0,278,152,
49602,浙江,丽水,331100,2022.12.03,12,0,1,9,0,0,35,23,
50651,河南,开封,410200,2022.12.03,0,0,0,3,0,0,58,58,
51694,河南,驻马店,411700,2022.12.03,0,0,0,0,0,0,163,163,
52737,河南,周口,411600,2022.12.03,0,0,0,5,0,0,184,183,1
53780,河南,郑州,410100,2022.12.03,3076,0,84,233,0,0,4790,1708,6
54823,河南,许昌,411000,2022.12.03,5,0,0,0,0,0,578,572,1
55866,河南,信阳,411500,2022.12.03,1,0,0,3,0,0,298,295,2
56909,河南,商丘,411400,2022.12.03,2,0,0,0,0,0,116,111,3
57952,河南,漯河,411100,2022.12.03,9,0,1,0,0,0,55,46,
58995,河南,安阳,410500,2022.12.03,3,0,1,4,0,0,582,579,
60038,河南,濮阳,410900,2022.12.03,3,0,0,0,0,0,45,42,
61077,河南,焦作,410800,2022.12.03,0,0,0,3,0,0,46,45,1
62120,河南,南阳,411300,2022.12.03,0,0,0,0,0,0,162,159,3
63160,河南,平顶山,410400,2022.12.03,0,0,0,2,0,0,72,71,1
64203,河南,新乡,410700,2022.12.03,0,0,0,0,0,0,57,54,3
65246,河南,洛阳,410300,2022.12.03,1,0,0,0,0,0,55,53,1
66289,河南,鹤壁,410600,2022.12.03,3,0,0,5,0,0,28,25,
67332,河南,三门峡,411200,2022.12.03,1,0,0,0,0,0,11,9,1
68374,河南,济源,419001,2022.12.03,32,0,0,6,0,0,39,7,
69411,湖南,娄底,431300,2022.12.03,45,0,5,72,0,0,131,86,
70457,湖南,邵阳,430500,2022.12.03,134,0,0,42,0,0,331,196,1
71504,湖南,长沙,430100,2022.12.03,114,0,5,125,0,0,389,273,2
72551,湖南,衡阳,430400,2022.12.03,30,0,0,11,0,0,83,53,
73598,湖南,株洲,430200,2022.12.03,77,0,16,23,0,0,187,110,
74645,湖南,湘潭,430300,2022.12.03,56,0,10,9,0,0,97,41,
75692,湖南,岳阳,430600,2022.12.03,38,0,1,3,0,0,202,163,1
76739,湖南,常德,430700,2022.12.03,17,0,0,18,0,0,99,82,
77786,湖南,张家界,430800,2022.12.03,59,0,16,0,0,0,136,77,
78833,湖南,益阳,430900,2022.12.03,26,0,7,34,0,0,95,69,
79880,湖南,郴州,431000,2022.12.03,79,0,6,32,0,0,119,40,
80927,湖南,永州,431100,2022.12.03,21,0,0,24,0,0,66,45,
81974,湖南,怀化,431200,2022.12.03,83,0,0,8,0,0,148,65,
83021,湖南,湘西州,,2022.12.03,18,0,0,25,0,0,31,13,
84063,安徽,安庆,340800,2022.12.03,0,0,0,9,0,0,87,87,
85108,安徽,宿州,341300,2022.12.03,0,0,0,8,0,0,423,423,
86153,安徽,蚌埠,340300,2022.12.03,4,0,0,37,0,0,221,212,5
87198,安徽,六安,341500,2022.12.03,0,0,0,10,0,0,85,85,
88243,安徽,淮南,340400,2022.12.03,0,0,0,9,0,0,37,37,
89288,安徽,阜阳,341200,2022.12.03,0,0,0,35,0,0,168,168,
90333,安徽,合肥,340100,2022.12.03,17,0,1,28,0,0,223,205,1
91380,安徽,马鞍山,340500,2022.12.03,0,0,0,23,0,0,41,41,
92425,安徽,芜湖,340200,2022.12.03,3,0,0,38,0,0,43,40,
93470,安徽,铜陵,340700,2022.12.03,9,0,0,10,0,0,42,33,
94515,安徽,亳州,341600,2022.12.03,0,0,0,21,0,0,108,108,
95560,安徽,黄山,341000,2022.12.03,0,0,0,4,0,0,9,9,
96605,安徽,滁州,341100,2022.12.03,0,0,0,6,0,0,15,15,
97650,安徽,宣城,341800,2022.12.03,53,0,25,22,0,0,62,9,
98695,安徽,淮北,340600,2022.12.03,1,0,0,6,0,0,49,48,
99740,安徽,池州,341700,2022.12.03,3,0,0,40,0,0,24,21,
100784,四川,成都,510100,2022.12.03,2465,0,149,292,0,0,6277,3808,4
101828,四川,内江,511000,2022.12.03,60,0,2,12,0,0,377,317,
102873,四川,宜宾,511500,2022.12.03,180,0,0,27,0,0,306,126,
103917,四川,绵阳,510700,2022.12.03,166,0,0,36,0,0,229,63,
104962,四川,自贡,510300,2022.12.03,10,0,1,26,0,0,29,19,
106007,四川,攀枝花,510400,2022.12.03,3,0,0,0,0,0,21,18,
107052,四川,泸州,510500,2022.12.03,68,0,4,9,0,0,131,63,
108097,四川,德阳,510600,2022.12.03,213,0,0,13,0,0,263,50,
109142,四川,广元,510800,2022.12.03,28,0,0,19,0,0,48,20,
110186,四川,遂宁,510900,2022.12.03,135,0,0,8,0,0,171,36,
111231,四川,乐山,511100,2022.12.03,68,0,2,8,0,0,83,15,
112276,四川,南充,511300,2022.12.03,6,0,1,11,0,0,82,76,
113321,四川,广安,511600,2022.12.03,34,0,2,3,0,0,292,258,
114366,四川,达州,511700,2022.12.03,0,0,0,6,0,0,49,49,
115411,四川,巴中,511900,2022.12.03,68,0,0,7,0,0,112,44,
116456,四川,雅安,511800,2022.12.03,11,0,1,7,0,0,19,8,
117501,四川,眉山,511400,2022.12.03,60,0,3,76,0,0,97,37,
118546,四川,资阳,512000,2022.12.03,5,0,0,3,0,0,48,43,
119590,四川,阿坝州,,2022.12.03,144,0,1,55,0,0,214,70,
120635,四川,甘孜州,,2022.12.03,8,0,0,2,0,0,102,94,
121680,四川,凉山州,,2022.12.03,90,0,2,2,0,0,120,30,
122725,山东,菏泽,371700,2022.12.03,1,0,0,44,0,0,42,41,
123772,山东,济南,370100,2022.12.03,368,0,13,150,0,0,590,221,1
124819,山东,青岛,370200,2022.12.03,107,0,8,31,0,0,1352,1244,1
125866,山东,滨州,371600,2022.12.03,17,0,0,33,0,0,239,222,
126913,山东,德州,371400,2022.12.03,0,0,0,20,0,0,119,117,2
127960,山东,淄博,370300,2022.12.03,19,0,3,35,0,0,98,78,1
129006,山东,烟台,370600,2022.12.03,4,0,3,47,0,0,103,99,
130053,山东,威海,371000,2022.12.03,26,0,6,42,0,0,138,111,1
131100,山东,聊城,371500,2022.12.03,57,0,2,20,0,0,104,47,
132146,山东,枣庄,370400,2022.12.03,3,0,2,16,0,0,68,65,
133192,山东,潍坊,370700,2022.12.03,1,0,1,39,0,0,54,53,
134238,山东,济宁,370800,2022.12.03,4,0,0,49,0,0,305,301,
135285,山东,泰安,370900,2022.12.03,88,0,2,39,0,0,143,53,2
136331,山东,日照,371100,2022.12.03,3,0,0,45,0,0,40,37,
137378,山东,临沂,371300,2022.12.03,40,0,3,40,0,0,134,94,
138425,山东,东营,370500,2022.12.03,2,0,0,16,0,0,5,3,
138837,吉林,吉林,220200,2022.12.03,0,0,0,22,0,0,14097,14094,3
139885,吉林,长春,220100,2022.12.03,3,0,0,99,0,0,25191,25188,
140934,吉林,延边州,,2022.12.03,9,0,0,8,0,0,206,197,
141983,吉林,四平,220300,2022.12.03,19,0,0,30,0,0,264,244,1
143032,吉林,白城,220800,2022.12.03,2,0,0,21,0,0,147,145,
144068,吉林,辽源,220400,2022.12.03,0,0,0,12,0,0,9,9,
145106,吉林,松原,220700,2022.12.03,61,0,5,143,0,0,89,28,
146154,吉林,通化,220500,2022.12.03,0,0,0,16,0,0,314,313,1
147203,吉林,白山,220600,2022.12.03,1,0,0,9,0,0,25,24,
148252,福建,莆田,350300,2022.12.03,17,0,2,36,0,0,354,337,
149299,福建,厦门,350200,2022.12.03,250,0,21,6,0,0,709,459,
150347,福建,漳州,350600,2022.12.03,120,0,27,44,0,0,171,51,
151396,福建,泉州,350500,2022.12.03,98,0,6,30,0,0,1336,1238,
152445,福建,福州,350100,2022.12.03,33,0,0,73,0,0,446,412,1
153496,福建,三明,350400,2022.12.03,85,0,16,8,0,0,110,25,
154545,福建,南平,350700,2022.12.03,30,0,9,31,0,0,87,57,
155594,福建,龙岩,350800,2022.12.03,64,0,5,7,0,0,72,8,
156643,福建,宁德,350900,2022.12.03,5,0,0,48,0,0,98,93,
157692,江西,宜春,360900,2022.12.03,0,0,0,4,0,0,109,109,
158736,江西,鹰潭,360600,2022.12.03,0,0,0,0,0,0,48,48,
159781,江西,上饶,361100,2022.12.03,0,0,0,1,0,0,328,328,
160825,江西,南昌,360100,2022.12.03,0,0,0,81,0,0,485,485,
161870,江西,赣州,360700,2022.12.03,0,0,0,1,0,0,76,75,1
162915,江西,九江,360400,2022.12.03,9,0,0,30,0,0,139,130,
163960,江西,抚州,361000,2022.12.03,4,0,0,20,0,0,81,77,
165005,江西,新余,360500,2022.12.03,0,0,0,36,0,0,129,129,
166050,江西,吉安,360800,2022.12.03,0,0,0,9,0,0,44,44,
167095,江西,景德镇,360200,2022.12.03,3,0,0,9,0,0,9,6,
168140,江西,萍乡,360300,2022.12.03,0,0,0,0,0,0,39,39,
169185,江苏,扬州,321000,2022.12.03,2,0,0,37,0,0,596,594,
170224,江苏,南京,320100,2022.12.03,227,0,11,73,0,0,779,552,
171264,江苏,无锡,320200,2022.12.03,97,0,6,43,0,0,200,103,
172303,江苏,徐州,320300,2022.12.03,18,0,0,54,0,0,178,160,
173342,江苏,常州,320400,2022.12.03,3,0,0,17,0,0,87,84,
174381,江苏,苏州,320500,2022.12.03,30,0,4,66,0,0,258,228,
175422,江苏,南通,320600,2022.12.03,20,0,2,35,0,0,61,41,
176461,江苏,连云港,320700,2022.12.03,184,0,3,43,0,0,389,205,
177499,江苏,淮安,320800,2022.12.03,20,0,2,30,0,0,103,83,
178538,江苏,盐城,320900,2022.12.03,109,0,2,23,0,0,177,68,
179577,江苏,镇江,321100,2022.12.03,17,0,0,40,0,0,41,24,
180616,江苏,泰州,321200,2022.12.03,22,0,0,38,0,0,69,47,
181655,江苏,宿迁,321300,2022.12.03,48,0,10,50,0,0,78,30,
182694,广西,南宁,450100,2022.12.03,1,0,0,17,0,0,71,70,
183744,广西,北海,450500,2022.12.03,1,0,0,28,0,0,597,595,1
184793,广西,桂林,450300,2022.12.03,30,0,2,48,0,0,65,35,
185843,广西,百色,451000,2022.12.03,0,0,0,16,0,0,284,284,
186893,广西,崇左,451400,2022.12.03,0,0,0,15,0,0,33,33,
187305,广西,防城港,450600,2022.12.03,0,0,0,13,0,0,149,149,
188355,广西,钦州,450700,2022.12.03,0,0,0,18,0,0,27,27,
189405,广西,柳州,450200,2022.12.03,0,0,0,12,0,0,24,24,
190455,广西,梧州,450400,2022.12.03,0,0,0,27,0,0,21,21,
191504,广西,贵港,450800,2022.12.03,2,0,0,8,0,0,12,10,
192554,广西,玉林,450900,2022.12.03,0,0,0,25,0,0,15,15,
193603,广西,河池,451200,2022.12.03,1,0,0,62,0,0,32,30,1
194653,广西,贺州,451100,2022.12.03,1,0,0,11,0,0,5,4,
195703,广西,来宾,451300,2022.12.03,28,0,6,94,0,0,39,11,
196752,海南,海口,460100,2022.12.03,78,0,17,39,0,0,220,142,
197787,海南,三亚,460200,2022.12.03,62,0,8,16,0,0,6785,6722,1
198822,海南,儋州,460400,2022.12.03,4,0,0,7,0,0,476,471,1
199857,海南,万宁,469006,2022.12.03,9,0,6,7,0,0,277,268,
200892,海南,琼海,469002,2022.12.03,5,0,2,12,0,0,25,19,1
201927,海南,东方,469007,2022.12.03,9,0,0,0,0,0,416,406,1
202962,海南,临高县,469024,2022.12.03,4,0,1,2,0,0,200,196,
203997,海南,定安县,469021,2022.12.03,6,0,4,0,0,0,12,5,1
205032,海南,昌江,469026,2022.12.03,1,0,0,2,0,0,9,8,
206067,海南,澄迈县,469023,2022.12.03,15,0,1,3,0,0,55,39,1
207101,海南,陵水,469028,2022.12.03,25,0,6,6,0,0,234,209,
208135,海南,琼中,469030,2022.12.03,1,0,1,0,0,0,2,1,
209169,海南,乐东,469027,2022.12.03,12,0,0,3,0,0,458,446,
210204,海南,文昌,469005,2022.12.03,17,0,5,3,0,0,26,9,
211229,海南,保亭,469029,2022.12.03,0,0,0,1,0,0,3,3,
212253,海南,五指山,469001,2022.12.03,9,0,3,0,0,0,16,7,
212744,海南,屯昌县,469022,2022.12.03,1,0,0,0,0,0,1,,
213235,海南,白沙,469025,2022.12.03,1,0,1,0,0,0,1,,
213726,陕西,西安,610100,2022.12.03,263,0,4,318,0,0,2827,2561,3
214770,陕西,安康,610900,2022.12.03,216,0,3,64,0,0,250,34,
215814,陕西,渭南,610500,2022.12.03,258,0,6,82,0,0,321,63,
216858,陕西,汉中,610700,2022.12.03,213,0,10,23,0,0,302,89,
217902,陕西,宝鸡,610300,2022.12.03,0,0,0,41,0,0,261,261,
218946,陕西,咸阳,610400,2022.12.03,28,0,0,64,0,0,64,36,
219990,陕西,延安,610600,2022.12.03,39,0,0,42,0,0,74,35,
221034,陕西,铜川,610200,2022.12.03,25,0,3,19,0,0,52,27,
222078,陕西,商洛,611000,2022.12.03,0,0,0,49,0,0,99,99,
223122,陕西,榆林,610800,2022.12.03,246,0,4,204,0,0,300,54,
224164,河北,邯郸,130400,2022.12.03,10,0,0,3,0,0,74,64,
225213,河北,石家庄,130100,2022.12.03,600,0,2,148,0,0,1721,1120,1
226262,河北,保定,130600,2022.12.03,7,0,0,1,0,0,65,58,
227311,河北,邢台,130500,2022.12.03,5,0,0,0,0,0,143,137,1
228360,河北,廊坊,131000,2022.12.03,16,0,0,8,0,0,335,319,
229409,河北,沧州,130900,2022.12.03,9,0,0,2,0,0,147,135,3
230457,河北,衡水,131100,2022.12.03,6,0,0,2,0,0,20,14,
231506,河北,承德,130800,2022.12.03,1,0,0,1,0,0,9,8,
232555,河北,唐山,130200,2022.12.03,0,0,0,0,0,0,96,95,1
233604,河北,张家口,130700,2022.12.03,0,0,0,2,0,0,43,43,
234653,河北,秦皇岛,130300,2022.12.03,2,0,0,41,0,0,24,21,1
235702,黑龙江,哈尔滨,230100,2022.12.03,712,0,60,455,0,0,2391,1675,4
236747,黑龙江,牡丹江,231000,2022.12.03,14,0,10,33,0,0,118,104,
237793,黑龙江,绥化,231200,2022.12.03,46,0,0,88,0,0,668,618,4
238839,黑龙江,黑河,231100,2022.12.03,30,0,1,125,0,0,345,315,
239884,黑龙江,鸡西,230300,2022.12.03,2,0,0,27,0,0,57,55,
240930,黑龙江,齐齐哈尔,230200,2022.12.03,149,0,14,141,0,0,200,50,1
241975,黑龙江,佳木斯,230800,2022.12.03,75,0,5,40,0,0,230,155,
243021,黑龙江,大庆,230600,2022.12.03,4,0,0,63,0,0,156,151,1
244067,黑龙江,双鸭山,230500,2022.12.03,15,0,1,11,0,0,68,50,3
245113,黑龙江,七台河,230900,2022.12.03,4,0,1,12,0,0,22,18,
246159,黑龙江,鹤岗,230400,2022.12.03,0,0,0,19,0,0,5,5,
247205,黑龙江,大兴安岭,232700,2022.12.03,7,0,0,2,0,0,11,4,
248251,黑龙江,伊春,230700,2022.12.03,0,0,0,15,0,0,1,1,
249296,辽宁,本溪,210500,2022.12.03,6,0,0,14,0,0,22,16,
250343,辽宁,锦州,210700,2022.12.03,9,0,0,23,0,0,29,20,
251390,辽宁,丹东,210600,2022.12.03,5,0,0,7,0,0,101,96,
252437,辽宁,沈阳,210100,2022.12.03,328,0,5,132,0,0,604,276,
253484,辽宁,营口,210800,2022.12.03,0,0,0,9,0,0,218,218,
254531,辽宁,鞍山,210300,2022.12.03,21,0,0,10,0,0,40,19,
255578,辽宁,葫芦岛,211400,2022.12.03,2,0,0,11,0,0,229,226,1
256622,辽宁,大连,210200,2022.12.03,21,0,2,131,0,0,686,665,
257669,辽宁,阜新,210900,2022.12.03,24,0,3,12,0,0,34,10,
258716,辽宁,辽阳,211000,2022.12.03,2,0,1,20,0,0,14,12,
259763,辽宁,铁岭,211200,2022.12.03,132,0,2,7,0,0,162,30,
260810,辽宁,朝阳,211300,2022.12.03,20,0,0,17,0,0,47,26,1
261856,辽宁,盘锦,211100,2022.12.03,41,0,7,8,0,0,55,14,
262902,云南,普洱,530800,2022.12.03,11,0,1,2,0,0,23,12,
263944,云南,德宏州,,2022.12.03,130,0,0,2,0,0,520,390,
264987,云南,临沧,530900,2022.12.03,12,0,0,5,0,0,25,13,
266027,云南,西双版纳,532800,2022.12.03,70,0,0,7,0,0,122,51,1
267070,云南,昆明,530100,2022.12.03,887,0,48,296,0,0,962,75,
268113,云南,昭通,530600,2022.12.03,449,0,35,189,0,0,475,26,
269156,云南,玉溪,530400,2022.12.03,15,0,0,39,0,0,29,13,1
270199,云南,曲靖,530300,2022.12.03,28,0,3,23,0,0,43,15,
271242,云南,大理州,,2022.12.03,121,0,1,94,0,0,134,13,
272280,云南,保山,530500,2022.12.03,41,0,2,10,0,0,52,11,
273323,云南,红河州,,2022.12.03,110,0,5,38,0,0,149,39,
274365,云南,丽江,530700,2022.12.03,39,0,2,0,0,0,46,7,
275408,云南,楚雄州,,2022.12.03,25,0,0,26,0,0,29,4,
276446,云南,文山州,,2022.12.03,10,0,0,4,0,0,23,13,
277482,云南,迪庆州,,2022.12.03,57,0,14,1,0,0,57,,
277894,山西,晋中,140700,2022.12.03,8,0,0,50,0,0,141,133,
278934,山西,太原,140100,2022.12.03,239,0,79,270,0,0,736,497,
279975,山西,运城,140800,2022.12.03,55,0,3,88,0,0,277,222,
281017,山西,朔州,140600,2022.12.03,231,0,3,296,0,0,495,264,
282059,山西,大同,140200,2022.12.03,754,0,4,760,0,0,1310,556,
283101,山西,忻州,140900,2022.12.03,23,0,2,200,0,0,137,114,
284139,山西,阳泉,140300,2022.12.03,339,0,18,507,0,0,515,176,
285181,山西,长治,140400,2022.12.03,93,0,13,92,0,0,103,10,
286223,山西,晋城,140500,2022.12.03,268,0,3,48,0,0,305,37,
287261,山西,临汾,141000,2022.12.03,248,0,21,123,0,0,275,27,
288301,山西,吕梁,141100,2022.12.03,201,0,3,194,0,0,381,180,
289342,甘肃,兰州,620100,2022.12.03,67,0,0,276,0,0,1049,980,2
290389,甘肃,临夏州,,2022.12.03,0,0,0,3,0,0,82,82,
291432,甘肃,甘南州,,2022.12.03,0,0,0,0,0,0,49,49,
292467,甘肃,天水,620500,2022.12.03,0,0,0,0,0,0,57,57,
293512,甘肃,白银,620400,2022.12.03,0,0,0,3,0,0,29,29,
294557,甘肃,酒泉,620900,2022.12.03,0,0,0,0,0,0,1,1,
294969,甘肃,张掖,620700,2022.12.03,0,0,0,0,0,0,19,19,
296013,甘肃,定西,621100,2022.12.03,0,0,0,0,0,0,15,15,
297058,甘肃,平凉,620800,2022.12.03,0,0,0,0,0,0,9,9,
298103,甘肃,陇南,621200,2022.12.03,17,0,0,0,0,0,33,16,
299148,甘肃,庆阳,621000,2022.12.03,0,0,0,0,0,0,8,8,
300181,甘肃,金昌,620300,2022.12.03,0,0,0,0,0,0,1,1,
301220,甘肃,嘉峪关,620200,2022.12.03,0,0,0,0,0,0,5,5,
301632,甘肃,武威,620600,2022.12.03,0,0,0,0,0,0,8,8,
302044,内蒙古,呼和浩特,150100,2022.12.03,460,0,40,107,0,0,4402,3942,
303089,内蒙古,乌兰察布,150900,2022.12.03,3,0,0,13,0,0,101,98,
304135,内蒙古,巴彦淖尔,150800,2022.12.03,0,0,0,18,0,0,46,45,1
305181,内蒙古,包头,150200,2022.12.03,0,0,0,13,0,0,213,213,
306227,内蒙古,呼伦贝尔,150700,2022.12.03,103,0,0,38,0,0,840,737,
307273,内蒙古,兴安盟,152200,2022.12.03,7,0,0,16,0,0,40,33,
308317,内蒙古,通辽,150500,2022.12.03,0,0,0,15,0,0,33,33,
309363,内蒙古,赤峰,150400,2022.12.03,67,0,6,10,0,0,535,468,
310409,内蒙古,阿拉善盟,152900,2022.12.03,0,0,0,1,0,0,177,177,
310824,内蒙古,锡林郭勒盟,152500,2022.12.03,1,0,0,53,0,0,444,443,
311869,内蒙古,鄂尔多斯,150600,2022.12.03,113,0,8,61,0,0,439,326,
312915,内蒙古,乌海,150300,2022.12.03,0,0,0,11,0,0,21,21,
313961,贵州,黔西南州,,2022.12.03,2,0,0,6,0,0,16,14,
315002,贵州,贵阳,520100,2022.12.03,65,0,9,62,0,0,407,341,1
316043,贵州,遵义,520300,2022.12.03,80,0,2,23,0,0,202,122,
317082,贵州,六盘水,520200,2022.12.03,10,0,1,22,0,0,26,15,1
318122,贵州,毕节,520500,2022.12.03,16,0,3,81,0,0,590,574,
319161,贵州,铜仁,520600,2022.12.03,11,0,2,18,0,0,41,30,
320201,贵州,黔东南州,,2022.12.03,8,0,1,3,0,0,28,20,
321239,贵州,黔南州,,2022.12.03,18,0,2,12,0,0,55,37,
322280,西藏,拉萨,540100,2022.12.03,10,0,0,0,0,0,778,768,
323327,西藏,日喀则,540200,2022.12.03,4,0,0,0,0,0,241,237,
324370,西藏,昌都,540300,2022.12.03,20,0,0,0,0,0,263,243,
325413,西藏,山南,540500,2022.12.03,0,0,0,0,0,0,14,14,
326456,西藏,那曲地区,,2022.12.03,4,0,0,1,0,0,91,87,
327499,西藏,阿里地区,542500,2022.12.03,2,0,0,0,0,0,19,17,
328542,青海,西宁,630100,2022.12.03,65,0,13,382,0,0,349,284,
329581,青海,海北州,,2022.12.03,2,0,0,36,0,0,9,7,
330615,青海,海东,630200,2022.12.03,6,0,0,104,0,0,16,10,
331027,青海,黄南州,,2022.12.03,0,0,0,33,0,0,5,5,
331439,青海,海南州,,2022.12.03,1,0,0,29,0,0,6,5,
331851,青海,果洛州,,2022.12.03,2,0,0,0,0,0,2,,
332263,青海,玉树州,,2022.12.03,2,0,0,16,0,0,7,5,
332675,青海,海西州,,2022.12.03,0,0,0,0,0,0,47,47,
333087,新疆,乌鲁木齐,650100,2022.12.03,446,0,1,45,0,0,1867,1421,
334134,新疆,巴州,,2022.12.03,0,0,0,5,0,0,44,44,
335167,新疆,昌吉州,,2022.12.03,0,0,0,0,0,0,11,11,
336203,新疆,伊犁州,,2022.12.03,73,0,0,0,0,0,188,115,
337248,新疆,吐鲁番,650400,2022.12.03,0,0,0,0,0,0,31,31,
338295,新疆,阿克苏地区,652900,2022.12.03,0,0,0,0,0,0,1,1,
339342,新疆,五家渠,659004,2022.12.03,0,0,0,0,0,0,2,2,
340378,新疆,石河子,659001,2022.12.03,0,0,0,1,0,0,4,3,1
341425,新疆,喀什地区,653100,2022.12.03,104,0,5,277,0,0,227,123,
342296,新疆,克州,,2022.12.03,4,0,0,0,0,0,4,,
343059,新疆,哈密,650500,2022.12.03,0,0,0,28,0,0,8,8,
343491,新疆,博州,,2022.12.03,0,0,0,0,0,0,1,1,
343970,新疆,和田地区,653200,2022.12.03,84,0,5,306,0,0,136,52,
344402,新疆,塔城地区,654200,2022.12.03,0,0,0,0,0,0,13,13,
344834,宁夏,银川,640100,2022.12.03,3,0,1,174,0,0,92,89,
345880,宁夏,吴忠,640300,2022.12.03,0,0,0,42,0,0,50,50,
346925,宁夏,石嘴山,640200,2022.12.03,0,0,0,13,0,0,2,2,
347959,宁夏,固原,640400,2022.12.03,0,0,0,63,0,0,9,9,
349004,宁夏,中卫,640500,2022.12.03,0,0,0,56,0,0,80,80,
2,湖北,武汉,420100,2022.12.04,232,0,11,247,0,0,50700,46599,3869
1049,湖北,黄冈,421100,2022.12.04,0,0,0,9,0,0,2913,2788,125
2098,湖北,孝感,420900,2022.12.04,0,0,0,1,0,0,3518,3389,129
3147,湖北,荆门,420800,2022.12.04,0,0,0,15,0,0,971,930,41
4196,湖北,咸宁,421200,2022.12.04,0,0,0,7,0,0,836,821,15
5245,湖北,荆州,421000,2022.12.04,0,0,0,15,0,0,1582,1530,52
6294,湖北,襄阳,420600,2022.12.04,0,0,0,18,0,0,1190,1150,40
7343,湖北,随州,421300,2022.12.04,0,0,0,9,0,0,1307,1262,45
8392,湖北,十堰,420300,2022.12.04,0,0,0,7,0,0,674,666,8
9441,湖北,鄂州,420700,2022.12.04,0,0,0,12,0,0,1395,1336,59
10490,湖北,黄石,420200,2022.12.04,0,0,0,12,0,0,1016,977,39
11539,湖北,宜昌,420500,2022.12.04,0,0,0,14,0,0,932,895,37
12588,湖北,恩施州,,2022.12.04,0,0,0,5,0,0,255,248,7
13635,湖北,仙桃,429004,2022.12.04,0,0,0,7,0,0,575,553,22
14683,湖北,天门,429006,2022.12.04,0,0,0,4,0,0,498,483,15
15731,湖北,潜江,429005,2022.12.04,0,0,0,5,0,0,200,191,9
16779,湖北,神农架林区,429021,2022.12.04,1,0,0,0,0,0,12,11,
17823,广东,广州,440100,2022.12.04,16478,0,1044,3663,0,0,31072,14593,1
18869,广东,深圳,440300,2022.12.04,995,0,146,101,0,0,5629,4631,3
19915,广东,佛山,440600,2022.12.04,747,0,90,186,0,0,1219,472,
20960,广东,湛江,440800,2022.12.04,712,0,79,51,0,0,1016,304,
22005,广东,东莞,441900,2022.12.04,363,0,15,190,0,0,859,495,1
23046,广东,中山,442000,2022.12.04,281,0,13,125,0,0,436,155,
24090,广东,惠州,441300,2022.12.04,249,0,34,60,0,0,405,156,
25135,广东,珠海,440400,2022.12.04,187,0,7,32,0,0,653,465,1
26179,广东,阳江,441700,2022.12.04,145,0,26,8,0,0,198,53,
27221,广东,汕头,440500,2022.12.04,465,0,51,19,0,0,503,38,
28265,广东,江门,440700,2022.12.04,158,0,17,18,0,0,321,163,
29309,广东,茂名,440900,2022.12.04,509,0,50,18,0,0,662,153,
30353,广东,肇庆,441200,2022.12.04,470,0,40,34,0,0,525,54,1
31397,广东,梅州,441400,2022.12.04,61,0,0,27,0,0,80,19,
32440,广东,清远,441800,2022.12.04,269,0,17,51,0,0,293,24,
33483,广东,韶关,440200,2022.12.04,207,0,40,16,0,0,220,12,1
34525,广东,揭阳,445200,2022.12.04,6,0,1,105,0,0,17,11,
35569,广东,汕尾,441500,2022.12.04,11,0,0,58,0,0,24,13,
36613,广东,潮州,445100,2022.12.04,45,0,4,1,0,0,52,7,
37657,广东,河源,441600,2022.12.04,73,0,6,38,0,0,82,9,
38700,广东,云浮,445300,2022.12.04,38,0,6,15,0,0,45,7,
39112,浙江,杭州,330100,2022.12.04,336,0,44,69,0,0,881,545,
40161,浙江,宁波,330200,2022.12.04,195,0,31,41,0,0,604,409,
41209,浙江,温州,330300,2022.12.04,201,0,24,30,0,0,778,576,1
42258,浙江,湖州,330500,2022.12.04,139,0,23,32,0,0,176,37,
43307,浙江,嘉兴,330400,2022.12.04,0,0,0,64,0,0,178,178,
44356,浙江,绍兴,330600,2022.12.04,180,0,33,40,0,0,634,454,
45405,浙江,金华,330700,2022.12.04,27,0,1,70,0,0,267,240,
46454,浙江,衢州,330800,2022.12.04,113,0,14,9,0,0,231,118,
47503,浙江,舟山,330900,2022.12.04,26,0,5,1,0,0,56,30,
48552,浙江,台州,331000,2022.12.04,128,0,2,43,0,0,280,152,
49601,浙江,丽水,331100,2022.12.04,15,0,3,9,0,0,38,23,
50650,河南,开封,410200,2022.12.04,0,0,0,3,0,0,58,58,
51693,河南,驻马店,411700,2022.12.04,0,0,0,0,0,0,163,163,
52736,河南,周口,411600,2022.12.04,0,0,0,6,0,0,184,183,1
53779,河南,郑州,410100,2022.12.04,2960,0,119,196,0,0,4909,1943,6
54822,河南,许昌,411000,2022.12.04,4,0,0,0,0,0,578,573,1
55865,河南,信阳,411500,2022.12.04,1,0,0,5,0,0,298,295,2
56908,河南,商丘,411400,2022.12.04,2,0,0,0,0,0,116,111,3
57951,河南,漯河,411100,2022.12.04,9,0,0,0,0,0,55,46,
58994,河南,安阳,410500,2022.12.04,3,0,0,4,0,0,582,579,
60037,河南,濮阳,410900,2022.12.04,3,0,0,0,0,0,45,42,
61076,河南,焦作,410800,2022.12.04,0,0,0,0,0,0,46,45,1
62119,河南,南阳,411300,2022.12.04,0,0,0,0,0,0,162,159,3
63159,河南,平顶山,410400,2022.12.04,0,0,0,0,0,0,72,71,1
64202,河南,新乡,410700,2022.12.04,0,0,0,0,0,0,57,54,3
65245,河南,洛阳,410300,2022.12.04,1,0,0,2,0,0,55,53,1
66288,河南,鹤壁,410600,2022.12.04,4,0,1,2,0,0,29,25,
67331,河南,三门峡,411200,2022.12.04,1,0,0,0,0,0,11,9,1
68373,河南,济源,419001,2022.12.04,32,0,0,4,0,0,39,7,
69410,湖南,娄底,431300,2022.12.04,54,0,9,42,0,0,140,86,
70456,湖南,邵阳,430500,2022.12.04,135,0,1,69,0,0,332,196,1
71503,湖南,长沙,430100,2022.12.04,136,0,22,128,0,0,411,273,2
72550,湖南,衡阳,430400,2022.12.04,30,0,0,9,0,0,83,53,
73597,湖南,株洲,430200,2022.12.04,81,0,4,28,0,0,191,110,
74644,湖南,湘潭,430300,2022.12.04,68,0,12,26,0,0,109,41,
75691,湖南,岳阳,430600,2022.12.04,40,0,2,2,0,0,204,163,1
76738,湖南,常德,430700,2022.12.04,17,0,0,19,0,0,99,82,
77785,湖南,张家界,430800,2022.12.04,71,0,12,9,0,0,148,77,
78832,湖南,益阳,430900,2022.12.04,30,0,4,29,0,0,99,69,
79879,湖南,郴州,431000,2022.12.04,96,0,17,34,0,0,136,40,
80926,湖南,永州,431100,2022.12.04,21,0,0,19,0,0,66,45,
81973,湖南,怀化,431200,2022.12.04,83,0,0,10,0,0,148,65,
83020,湖南,湘西州,,2022.12.04,18,0,0,28,0,0,31,13,
84062,安徽,安庆,340800,2022.12.04,0,0,0,9,0,0,87,87,
85107,安徽,宿州,341300,2022.12.04,0,0,0,15,0,0,423,423,
86152,安徽,蚌埠,340300,2022.12.04,4,0,0,39,0,0,221,212,5
87197,安徽,六安,341500,2022.12.04,0,0,0,34,0,0,85,85,
88242,安徽,淮南,340400,2022.12.04,0,0,0,8,0,0,37,37,
89287,安徽,阜阳,341200,2022.12.04,0,0,0,30,0,0,168,168,
90332,安徽,合肥,340100,2022.12.04,19,0,2,27,0,0,225,205,1
91379,安徽,马鞍山,340500,2022.12.04,0,0,0,34,0,0,41,41,
92424,安徽,芜湖,340200,2022.12.04,3,0,0,23,0,0,43,40,
93469,安徽,铜陵,340700,2022.12.04,10,0,1,14,0,0,43,33,
94514,安徽,亳州,341600,2022.12.04,0,0,0,17,0,0,108,108,
95559,安徽,黄山,341000,2022.12.04,0,0,0,0,0,0,9,9,
96604,安徽,滁州,341100,2022.12.04,0,0,0,12,0,0,15,15,
97649,安徽,宣城,341800,2022.12.04,63,0,10,24,0,0,72,9,
98694,安徽,淮北,340600,2022.12.04,2,0,1,6,0,0,50,48,
99739,安徽,池州,341700,2022.12.04,3,0,0,25,0,0,24,21,
100783,四川,成都,510100,2022.12.04,2613,0,146,261,0,0,6425,3808,4
101827,四川,内江,511000,2022.12.04,59,0,0,17,0,0,377,317,1
102872,四川,宜宾,511500,2022.12.04,183,0,3,26,0,0,309,126,
103916,四川,绵阳,510700,2022.12.04,166,0,0,20,0,0,229,63,
104961,四川,自贡,510300,2022.12.04,13,0,3,35,0,0,32,19,
106006,四川,攀枝花,510400,2022.12.04,3,0,0,5,0,0,21,18,
107051,四川,泸州,510500,2022.12.04,70,0,2,9,0,0,133,63,
108096,四川,德阳,510600,2022.12.04,213,0,0,13,0,0,263,50,
109141,四川,广元,510800,2022.12.04,28,0,0,23,0,0,48,20,
110185,四川,遂宁,510900,2022.12.04,135,0,0,7,0,0,171,36,
111230,四川,乐山,511100,2022.12.04,73,0,5,5,0,0,88,15,
112275,四川,南充,511300,2022.12.04,6,0,0,17,0,0,82,76,
113320,四川,广安,511600,2022.12.04,36,0,2,6,0,0,294,258,
114365,四川,达州,511700,2022.12.04,0,0,0,6,0,0,49,49,
115410,四川,巴中,511900,2022.12.04,69,0,1,15,0,0,113,44,
116455,四川,雅安,511800,2022.12.04,12,0,1,10,0,0,20,8,
117500,四川,眉山,511400,2022.12.04,62,0,2,41,0,0,99,37,
118545,四川,资阳,512000,2022.12.04,5,0,0,1,0,0,48,43,
119589,四川,阿坝州,,2022.12.04,145,0,1,39,0,0,215,70,
120634,四川,甘孜州,,2022.12.04,8,0,0,1,0,0,102,94,
121679,四川,凉山州,,2022.12.04,92,0,2,6,0,0,122,30,
122724,山东,菏泽,371700,2022.12.04,1,0,0,37,0,0,42,41,
123771,山东,济南,370100,2022.12.04,374,0,17,158,0,0,607,232,1
124818,山东,青岛,370200,2022.12.04,88,0,0,41,0,0,1352,1263,1
125865,山东,滨州,371600,2022.12.04,17,0,0,31,0,0,239,222,
126912,山东,德州,371400,2022.12.04,0,0,0,21,0,0,119,117,2
127959,山东,淄博,370300,2022.12.04,18,0,0,37,0,0,98,79,1
129005,山东,烟台,370600,2022.12.04,4,0,0,24,0,0,103,99,
130052,山东,威海,371000,2022.12.04,28,0,2,25,0,0,140,111,1
131099,山东,聊城,371500,2022.12.04,54,0,1,20,0,0,105,51,
132145,山东,枣庄,370400,2022.12.04,3,0,0,15,0,0,68,65,
133191,山东,潍坊,370700,2022.12.04,1,0,0,31,0,0,54,53,
134237,山东,济宁,370800,2022.12.04,3,0,0,45,0,0,305,302,
135284,山东,泰安,370900,2022.12.04,74,0,1,34,0,0,144,68,2
136330,山东,日照,371100,2022.12.04,3,0,0,46,0,0,40,37,
137377,山东,临沂,371300,2022.12.04,38,0,1,40,0,0,135,97,
138424,山东,东营,370500,2022.12.04,3,0,1,18,0,0,6,3,
138836,吉林,吉林,220200,2022.12.04,0,0,0,20,0,0,14097,14094,3
139884,吉林,长春,220100,2022.12.04,4,0,1,89,0,0,25192,25188,
140933,吉林,延边州,,2022.12.04,7,0,0,6,0,0,206,199,
141982,吉林,四平,220300,2022.12.04,19,0,0,28,0,0,264,244,1
143031,吉林,白城,220800,2022.12.04,3,0,1,31,0,0,148,145,
144067,吉林,辽源,220400,2022.12.04,0,0,0,15,0,0,9,9,
145105,吉林,松原,220700,2022.12.04,63,0,7,145,0,0,96,33,
146153,吉林,通化,220500,2022.12.04,0,0,0,6,0,0,314,313,1
147202,吉林,白山,220600,2022.12.04,1,0,0,6,0,0,25,24,
148251,福建,莆田,350300,2022.12.04,19,0,5,30,0,0,359,340,
149298,福建,厦门,350200,2022.12.04,267,0,26,15,0,0,735,468,
150346,福建,漳州,350600,2022.12.04,141,0,25,57,0,0,196,55,
151395,福建,泉州,350500,2022.12.04,100,0,6,56,0,0,1342,1242,
152444,福建,福州,350100,2022.12.04,33,0,3,70,0,0,449,415,1
153495,福建,三明,350400,2022.12.04,93,0,13,3,0,0,123,30,
154544,福建,南平,350700,2022.12.04,41,0,11,23,0,0,98,57,
155593,福建,龙岩,350800,2022.12.04,57,0,2,11,0,0,74,17,
156642,福建,宁德,350900,2022.12.04,8,0,3,46,0,0,101,93,
157691,江西,宜春,360900,2022.12.04,0,0,0,15,0,0,109,109,
158735,江西,鹰潭,360600,2022.12.04,0,0,0,0,0,0,48,48,
159780,江西,上饶,361100,2022.12.04,0,0,0,4,0,0,328,328,
160824,江西,南昌,360100,2022.12.04,0,0,0,51,0,0,485,485,
161869,江西,赣州,360700,2022.12.04,0,0,0,0,0,0,76,75,1
162914,江西,九江,360400,2022.12.04,9,0,0,29,0,0,139,130,
163959,江西,抚州,361000,2022.12.04,5,0,1,23,0,0,82,77,
165004,江西,新余,360500,2022.12.04,0,0,0,29,0,0,129,129,
166049,江西,吉安,360800,2022.12.04,0,0,0,8,0,0,44,44,
167094,江西,景德镇,360200,2022.12.04,3,0,0,9,0,0,9,6,
168139,江西,萍乡,360300,2022.12.04,0,0,0,2,0,0,39,39,
169184,江苏,扬州,321000,2022.12.04,2,0,0,31,0,0,596,594,
170223,江苏,南京,320100,2022.12.04,227,0,0,78,0,0,779,552,
171263,江苏,无锡,320200,2022.12.04,99,0,2,29,0,0,202,103,
172302,江苏,徐州,320300,2022.12.04,20,0,2,54,0,0,180,160,
173341,江苏,常州,320400,2022.12.04,3,0,0,42,0,0,87,84,
174380,江苏,苏州,320500,2022.12.04,42,0,12,69,0,0,270,228,
175421,江苏,南通,320600,2022.12.04,26,0,6,31,0,0,67,41,
176460,江苏,连云港,320700,2022.12.04,186,0,2,28,0,0,391,205,
177498,江苏,淮安,320800,2022.12.04,21,0,1,24,0,0,104,83,
178537,江苏,盐城,320900,2022.12.04,110,0,1,24,0,0,178,68,
179576,江苏,镇江,321100,2022.12.04,17,0,0,41,0,0,41,24,
180615,江苏,泰州,321200,2022.12.04,24,0,2,30,0,0,71,47,
181654,江苏,宿迁,321300,2022.12.04,49,0,1,65,0,0,79,30,
182693,广西,南宁,450100,2022.12.04,1,0,0,18,0,0,71,70,
183743,广西,北海,450500,2022.12.04,1,0,0,20,0,0,597,595,1
184792,广西,桂林,450300,2022.12.04,34,0,4,40,0,0,69,35,
185842,广西,百色,451000,2022.12.04,0,0,0,22,0,0,284,284,
186892,广西,崇左,451400,2022.12.04,1,0,1,10,0,0,34,33,
187304,广西,防城港,450600,2022.12.04,0,0,0,6,0,0,149,149,
188354,广西,钦州,450700,2022.12.04,0,0,0,30,0,0,27,27,
189404,广西,柳州,450200,2022.12.04,0,0,0,15,0,0,24,24,
190454,广西,梧州,450400,2022.12.04,0,0,0,23,0,0,21,21,
191503,广西,贵港,450800,2022.12.04,2,0,0,13,0,0,12,10,
192553,广西,玉林,450900,2022.12.04,0,0,0,27,0,0,15,15,
193602,广西,河池,451200,2022.12.04,1,0,0,70,0,0,32,30,1
194652,广西,贺州,451100,2022.12.04,1,0,0,35,0,0,5,4,
195702,广西,来宾,451300,2022.12.04,28,0,0,49,0,0,39,11,
196751,海南,海口,460100,2022.12.04,102,0,24,42,0,0,244,142,
197786,海南,三亚,460200,2022.12.04,72,0,10,42,0,0,6795,6722,1
198821,海南,儋州,460400,2022.12.04,5,0,1,10,0,0,477,471,1
199856,海南,万宁,469006,2022.12.04,11,0,2,15,0,0,279,268,
200891,海南,琼海,469002,2022.12.04,5,0,0,18,0,0,25,19,1
201926,海南,东方,469007,2022.12.04,10,0,1,0,0,0,417,406,1
202961,海南,临高县,469024,2022.12.04,4,0,0,4,0,0,200,196,
203996,海南,定安县,469021,2022.12.04,6,0,0,2,0,0,12,5,1
205031,海南,昌江,469026,2022.12.04,1,0,0,3,0,0,9,8,
206066,海南,澄迈县,469023,2022.12.04,25,0,10,5,0,0,65,39,1
207100,海南,陵水,469028,2022.12.04,31,0,6,11,0,0,240,209,
208134,海南,琼中,469030,2022.12.04,1,0,0,1,0,0,2,1,
209168,海南,乐东,469027,2022.12.04,15,0,3,6,0,0,461,446,
210203,海南,文昌,469005,2022.12.04,19,0,2,5,0,0,28,9,
211228,海南,保亭,469029,2022.12.04,0,0,0,5,0,0,3,3,
212252,海南,五指山,469001,2022.12.04,9,0,0,1,0,0,16,7,
212743,海南,屯昌县,469022,2022.12.04,1,0,0,2,0,0,1,,
213234,海南,白沙,469025,2022.12.04,1,0,0,0,0,0,1,,
213725,陕西,西安,610100,2022.12.04,265,0,2,379,0,0,2829,2561,3
214769,陕西,安康,610900,2022.12.04,220,0,4,73,0,0,254,34,
215813,陕西,渭南,610500,2022.12.04,269,0,11,103,0,0,332,63,
216857,陕西,汉中,610700,2022.12.04,225,0,12,19,0,0,314,89,
217901,陕西,宝鸡,610300,2022.12.04,0,0,0,39,0,0,261,261,
218945,陕西,咸阳,610400,2022.12.04,28,0,0,98,0,0,64,36,
219989,陕西,延安,610600,2022.12.04,39,0,0,59,0,0,74,35,
221033,陕西,铜川,610200,2022.12.04,28,0,3,8,0,0,55,27,
222077,陕西,商洛,611000,2022.12.04,0,0,0,58,0,0,99,99,
223121,陕西,榆林,610800,2022.12.04,248,0,2,165,0,0,302,54,
224163,河北,邯郸,130400,2022.12.04,10,0,0,2,0,0,74,64,
225212,河北,石家庄,130100,2022.12.04,601,0,1,146,0,0,1722,1120,1
226261,河北,保定,130600,2022.12.04,7,0,0,0,0,0,65,58,
227310,河北,邢台,130500,2022.12.04,5,0,0,2,0,0,143,137,1
228359,河北,廊坊,131000,2022.12.04,16,0,0,5,0,0,335,319,
229408,河北,沧州,130900,2022.12.04,9,0,0,1,0,0,147,135,3
230456,河北,衡水,131100,2022.12.04,6,0,0,1,0,0,20,14,
231505,河北,承德,130800,2022.12.04,1,0,0,2,0,0,9,8,
232554,河北,唐山,130200,2022.12.04,0,0,0,0,0,0,96,95,1
233603,河北,张家口,130700,2022.12.04,0,0,0,0,0,0,43,43,
234652,河北,秦皇岛,130300,2022.12.04,2,0,0,36,0,0,24,21,1
235701,黑龙江,哈尔滨,230100,2022.12.04,705,0,63,526,0,0,2454,1745,4
236746,黑龙江,牡丹江,231000,2022.12.04,32,0,18,29,0,0,136,104,
237792,黑龙江,绥化,231200,2022.12.04,47,0,2,99,0,0,670,619,4
238838,黑龙江,黑河,231100,2022.12.04,29,0,0,64,0,0,345,316,
239883,黑龙江,鸡西,230300,2022.12.04,3,0,1,29,0,0,58,55,
240929,黑龙江,齐齐哈尔,230200,2022.12.04,171,0,28,189,0,0,228,56,1
241974,黑龙江,佳木斯,230800,2022.12.04,78,0,3,74,0,0,233,155,
243020,黑龙江,大庆,230600,2022.12.04,4,0,0,63,0,0,156,151,1
244066,黑龙江,双鸭山,230500,2022.12.04,14,0,0,18,0,0,68,51,3
245112,黑龙江,七台河,230900,2022.12.04,3,0,0,13,0,0,22,19,
246158,黑龙江,鹤岗,230400,2022.12.04,0,0,0,24,0,0,5,5,
247204,黑龙江,大兴安岭,232700,2022.12.04,9,0,2,8,0,0,13,4,
248250,黑龙江,伊春,230700,2022.12.04,0,0,0,31,0,0,1,1,
249295,辽宁,本溪,210500,2022.12.04,6,0,0,6,0,0,22,16,
250342,辽宁,锦州,210700,2022.12.04,9,0,0,28,0,0,29,20,
251389,辽宁,丹东,210600,2022.12.04,5,0,0,6,0,0,101,96,
252436,辽宁,沈阳,210100,2022.12.04,362,0,34,74,0,0,638,276,
253483,辽宁,营口,210800,2022.12.04,0,0,0,0,0,0,218,218,
254530,辽宁,鞍山,210300,2022.12.04,21,0,0,12,0,0,40,19,
255577,辽宁,葫芦岛,211400,2022.12.04,2,0,0,9,0,0,229,226,1
256621,辽宁,大连,210200,2022.12.04,21,0,0,110,0,0,686,665,
257668,辽宁,阜新,210900,2022.12.04,25,0,1,8,0,0,35,10,
258715,辽宁,辽阳,211000,2022.12.04,2,0,0,17,0,0,14,12,
259762,辽宁,铁岭,211200,2022.12.04,140,0,8,3,0,0,170,30,
260809,辽宁,朝阳,211300,2022.12.04,20,0,0,13,0,0,47,26,1
261855,辽宁,盘锦,211100,2022.12.04,53,0,12,25,0,0,67,14,
262901,云南,普洱,530800,2022.12.04,15,0,4,3,0,0,27,12,
263943,云南,德宏州,,2022.12.04,130,0,0,6,0,0,520,390,
264986,云南,临沧,530900,2022.12.04,12,0,0,3,0,0,25,13,
266026,云南,西双版纳,532800,2022.12.04,70,0,0,19,0,0,122,51,1
267069,云南,昆明,530100,2022.12.04,914,0,27,282,0,0,989,75,
268112,云南,昭通,530600,2022.12.04,461,0,12,62,0,0,487,26,
269155,云南,玉溪,530400,2022.12.04,16,0,1,36,0,0,30,13,1
270198,云南,曲靖,530300,2022.12.04,29,0,1,65,0,0,44,15,
271241,云南,大理州,,2022.12.04,121,0,0,36,0,0,134,13,
272279,云南,保山,530500,2022.12.04,44,0,3,12,0,0,55,11,
273322,云南,红河州,,2022.12.04,120,0,10,19,0,0,159,39,
274364,云南,丽江,530700,2022.12.04,40,0,1,20,0,0,47,7,
275407,云南,楚雄州,,2022.12.04,25,0,0,18,0,0,29,4,
276445,云南,文山州,,2022.12.04,12,0,2,28,0,0,25,13,
277481,云南,迪庆州,,2022.12.04,67,0,10,4,0,0,67,,
277893,山西,晋中,140700,2022.12.04,8,0,2,147,0,0,143,135,
278933,山西,太原,140100,2022.12.04,209,0,12,283,0,0,748,539,
279974,山西,运城,140800,2022.12.04,59,0,6,83,0,0,283,224,
281016,山西,朔州,140600,2022.12.04,199,0,1,124,0,0,496,297,
282058,山西,大同,140200,2022.12.04,737,0,11,181,0,0,1321,584,
283100,山西,忻州,140900,2022.12.04,21,0,0,197,0,0,137,116,
284138,山西,阳泉,140300,2022.12.04,304,0,0,6,0,0,515,211,
285180,山西,长治,140400,2022.12.04,102,0,11,39,0,0,114,12,
286222,山西,晋城,140500,2022.12.04,273,0,5,55,0,0,310,37,
287260,山西,临汾,141000,2022.12.04,199,0,9,40,0,0,284,85,
288300,山西,吕梁,141100,2022.12.04,137,0,1,206,0,0,382,245,
289341,甘肃,兰州,620100,2022.12.04,67,0,0,231,0,0,1049,980,2
290388,甘肃,临夏州,,2022.12.04,0,0,0,1,0,0,82,82,
291431,甘肃,甘南州,,2022.12.04,0,0,0,0,0,0,49,49,
292466,甘肃,天水,620500,2022.12.04,0,0,0,0,0,0,57,57,
293511,甘肃,白银,620400,2022.12.04,0,0,0,0,0,0,29,29,
294556,甘肃,酒泉,620900,2022.12.04,0,0,0,0,0,0,1,1,
294968,甘肃,张掖,620700,2022.12.04,0,0,0,0,0,0,19,19,
296012,甘肃,定西,621100,2022.12.04,0,0,0,0,0,0,15,15,
297057,甘肃,平凉,620800,2022.12.04,0,0,0,0,0,0,9,9,
298102,甘肃,陇南,621200,2022.12.04,17,0,0,0,0,0,33,16,
299147,甘肃,庆阳,621000,2022.12.04,0,0,0,0,0,0,8,8,
300180,甘肃,金昌,620300,2022.12.04,0,0,0,0,0,0,1,1,
301219,甘肃,嘉峪关,620200,2022.12.04,0,0,0,0,0,0,5,5,
301631,甘肃,武威,620600,2022.12.04,0,0,0,0,0,0,8,8,
302043,内蒙古,呼和浩特,150100,2022.12.04,439,0,54,79,0,0,4456,4017,
303088,内蒙古,乌兰察布,150900,2022.12.04,3,0,0,21,0,0,101,98,
304134,内蒙古,巴彦淖尔,150800,2022.12.04,0,0,0,17,0,0,46,45,1
305180,内蒙古,包头,150200,2022.12.04,0,0,0,15,0,0,213,213,
306226,内蒙古,呼伦贝尔,150700,2022.12.04,100,0,0,39,0,0,840,740,
307272,内蒙古,兴安盟,152200,2022.12.04,4,0,0,26,0,0,40,36,
308316,内蒙古,通辽,150500,2022.12.04,0,0,0,13,0,0,33,33,
309362,内蒙古,赤峰,150400,2022.12.04,67,0,2,16,0,0,537,470,
310408,内蒙古,阿拉善盟,152900,2022.12.04,0,0,0,6,0,0,177,177,
310823,内蒙古,锡林郭勒盟,152500,2022.12.04,1,0,0,63,0,0,444,443,
311868,内蒙古,鄂尔多斯,150600,2022.12.04,110,0,9,73,0,0,448,338,
312914,内蒙古,乌海,150300,2022.12.04,0,0,0,12,0,0,21,21,
313960,贵州,黔西南州,,2022.12.04,2,0,0,6,0,0,16,14,
315001,贵州,贵阳,520100,2022.12.04,65,0,9,62,0,0,407,341,1
316042,贵州,遵义,520300,2022.12.04,80,0,2,23,0,0,202,122,
317081,贵州,六盘水,520200,2022.12.04,10,0,1,22,0,0,26,15,1
318121,贵州,毕节,520500,2022.12.04,16,0,3,81,0,0,590,574,
319160,贵州,铜仁,520600,2022.12.04,11,0,2,18,0,0,41,30,
320200,贵州,黔东南州,,2022.12.04,8,0,1,3,0,0,28,20,
321238,贵州,黔南州,,2022.12.04,18,0,2,12,0,0,55,37,
322279,西藏,拉萨,540100,2022.12.04,10,0,0,9,0,0,778,768,
323326,西藏,日喀则,540200,2022.12.04,4,0,0,0,0,0,241,237,
324369,西藏,昌都,540300,2022.12.04,20,0,0,0,0,0,263,243,
325412,西藏,山南,540500,2022.12.04,0,0,0,0,0,0,14,14,
326455,西藏,那曲地区,,2022.12.04,4,0,0,6,0,0,91,87,
327498,西藏,阿里地区,542500,2022.12.04,2,0,0,0,0,0,19,17,
328541,青海,西宁,630100,2022.12.04,65,0,0,330,0,0,359,294,
329580,青海,海北州,,2022.12.04,2,0,0,63,0,0,9,7,
330614,青海,海东,630200,2022.12.04,6,0,0,26,0,0,16,10,
331026,青海,黄南州,,2022.12.04,0,0,0,17,0,0,5,5,
331438,青海,海南州,,2022.12.04,1,0,0,33,0,0,6,5,
331850,青海,果洛州,,2022.12.04,2,0,0,2,0,0,2,,
332262,青海,玉树州,,2022.12.04,3,0,0,10,0,0,8,5,
332674,青海,海西州,,2022.12.04,1,0,0,0,0,0,48,47,
333086,新疆,乌鲁木齐,650100,2022.12.04,447,0,1,41,0,0,1868,1421,
334133,新疆,巴州,,2022.12.04,0,0,0,3,0,0,44,44,
335166,新疆,昌吉州,,2022.12.04,0,0,0,0,0,0,11,11,
336202,新疆,伊犁州,,2022.12.04,73,0,0,0,0,0,188,115,
337247,新疆,吐鲁番,650400,2022.12.04,0,0,0,0,0,0,31,31,
338294,新疆,阿克苏地区,652900,2022.12.04,0,0,0,0,0,0,1,1,
339341,新疆,五家渠,659004,2022.12.04,0,0,0,0,0,0,2,2,
340377,新疆,石河子,659001,2022.12.04,0,0,0,0,0,0,4,3,1
341424,新疆,喀什地区,653100,2022.12.04,101,0,4,268,0,0,231,130,
342295,新疆,克州,,2022.12.04,4,0,0,0,0,0,4,,
343058,新疆,哈密,650500,2022.12.04,0,0,0,21,0,0,8,8,
343490,新疆,博州,,2022.12.04,0,0,0,0,0,0,1,1,
343969,新疆,和田地区,653200,2022.12.04,83,0,5,288,0,0,141,58,
344401,新疆,塔城地区,654200,2022.12.04,0,0,0,0,0,0,13,13,
344833,宁夏,银川,640100,2022.12.04,4,0,1,205,0,0,93,89,
345879,宁夏,吴忠,640300,2022.12.04,0,0,0,49,0,0,50,50,
346924,宁夏,石嘴山,640200,2022.12.04,0,0,0,12,0,0,2,2,
347958,宁夏,固原,640400,2022.12.04,0,0,0,46,0,0,9,9,
349003,宁夏,中卫,640500,2022.12.04,0,0,0,16,0,0,80,80,
1,湖北,武汉,420100,2022.12.05,255,0,23,280,0,0,50723,46599,3869
1048,湖北,黄冈,421100,2022.12.05,0,0,0,11,0,0,2913,2788,125
2097,湖北,孝感,420900,2022.12.05,0,0,0,2,0,0,3518,3389,129
3146,湖北,荆门,420800,2022.12.05,0,0,0,11,0,0,971,930,41
4195,湖北,咸宁,421200,2022.12.05,0,0,0,6,0,0,836,821,15
5244,湖北,荆州,421000,2022.12.05,0,0,0,9,0,0,1582,1530,52
6293,湖北,襄阳,420600,2022.12.05,0,0,0,26,0,0,1190,1150,40
7342,湖北,随州,421300,2022.12.05,0,0,0,7,0,0,1307,1262,45
8391,湖北,十堰,420300,2022.12.05,0,0,0,5,0,0,674,666,8
9440,湖北,鄂州,420700,2022.12.05,0,0,0,14,0,0,1395,1336,59
10489,湖北,黄石,420200,2022.12.05,0,0,0,11,0,0,1016,977,39
11538,湖北,宜昌,420500,2022.12.05,0,0,0,12,0,0,932,895,37
12587,湖北,恩施州,,2022.12.05,0,0,0,5,0,0,255,248,7
13634,湖北,仙桃,429004,2022.12.05,0,0,0,5,0,0,575,553,22
14682,湖北,天门,429006,2022.12.05,0,0,0,4,0,0,498,483,15
15730,湖北,潜江,429005,2022.12.05,0,0,0,6,0,0,200,191,9
16778,湖北,神农架林区,429021,2022.12.05,1,0,0,1,0,0,12,11,
17822,广东,广州,440100,2022.12.05,16462,0,1505,2262,0,0,32583,16120,1
18868,广东,深圳,440300,2022.12.05,1070,0,131,92,0,0,5767,4694,3
19914,广东,佛山,440600,2022.12.05,767,0,18,165,0,0,1239,472,
20959,广东,湛江,440800,2022.12.05,805,0,93,54,0,0,1109,304,
22004,广东,东莞,441900,2022.12.05,363,0,0,90,0,0,859,495,1
23045,广东,中山,442000,2022.12.05,285,0,4,123,0,0,440,155,
24089,广东,惠州,441300,2022.12.05,291,0,42,70,0,0,447,156,
25134,广东,珠海,440400,2022.12.05,205,0,18,25,0,0,671,465,1
26178,广东,阳江,441700,2022.12.05,171,0,26,13,0,0,224,53,
27220,广东,汕头,440500,2022.12.05,499,0,34,59,0,0,537,38,
28264,广东,江门,440700,2022.12.05,194,0,36,34,0,0,357,163,
29308,广东,茂名,440900,2022.12.05,592,0,83,15,0,0,745,153,
30352,广东,肇庆,441200,2022.12.05,495,0,25,39,0,0,550,54,1
31396,广东,梅州,441400,2022.12.05,61,0,0,46,0,0,80,19,
32439,广东,清远,441800,2022.12.05,290,0,21,69,0,0,314,24,
33482,广东,韶关,440200,2022.12.05,241,0,34,33,0,0,254,12,1
34524,广东,揭阳,445200,2022.12.05,7,0,1,112,0,0,18,11,
35568,广东,汕尾,441500,2022.12.05,11,0,0,43,0,0,24,13,
36612,广东,潮州,445100,2022.12.05,79,0,34,11,0,0,86,7,
37656,广东,河源,441600,2022.12.05,82,0,9,39,0,0,91,9,
38699,广东,云浮,445300,2022.12.05,44,0,6,27,0,0,51,7,
39111,浙江,杭州,330100,2022.12.05,362,0,26,74,0,0,907,545,
40160,浙江,宁波,330200,2022.12.05,207,0,12,28,0,0,616,409,
41208,浙江,温州,330300,2022.12.05,206,0,5,4,0,0,783,576,1
42257,浙江,湖州,330500,2022.12.05,140,0,1,20,0,0,177,37,
43306,浙江,嘉兴,330400,2022.12.05,0,0,0,22,0,0,178,178,
44355,浙江,绍兴,330600,2022.12.05,203,0,23,28,0,0,657,454,
45404,浙江,金华,330700,2022.12.05,28,0,1,37,0,0,268,240,
46453,浙江,衢州,330800,2022.12.05,119,0,6,12,0,0,237,118,
47502,浙江,舟山,330900,2022.12.05,30,0,4,5,0,0,60,30,
48551,浙江,台州,331000,2022.12.05,131,0,3,16,0,0,283,152,
49600,浙江,丽水,331100,2022.12.05,18,0,3,17,0,0,41,23,
50649,河南,开封,410200,2022.12.05,0,0,0,2,0,0,58,58,
51692,河南,驻马店,411700,2022.12.05,0,0,0,0,0,0,163,163,
52735,河南,周口,411600,2022.12.05,0,0,0,0,0,0,184,183,1
53778,河南,郑州,410100,2022.12.05,2849,0,163,185,0,0,5072,2217,6
54821,河南,许昌,411000,2022.12.05,4,0,0,0,0,0,578,573,1
55864,河南,信阳,411500,2022.12.05,1,0,0,3,0,0,298,295,2
56907,河南,商丘,411400,2022.12.05,2,0,0,0,0,0,116,111,3
57950,河南,漯河,411100,2022.12.05,9,0,0,0,0,0,55,46,
58993,河南,安阳,410500,2022.12.05,3,0,0,4,0,0,582,579,
60036,河南,濮阳,410900,2022.12.05,3,0,0,0,0,0,45,42,
61075,河南,焦作,410800,2022.12.05,0,0,0,0,0,0,46,45,1
62118,河南,南阳,411300,2022.12.05,0,0,0,0,0,0,162,159,3
63158,河南,平顶山,410400,2022.12.05,0,0,0,0,0,0,72,71,1
64201,河南,新乡,410700,2022.12.05,0,0,0,0,0,0,57,54,3
65244,河南,洛阳,410300,2022.12.05,1,0,0,0,0,0,55,53,1
66287,河南,鹤壁,410600,2022.12.05,4,0,0,0,0,0,29,25,
67330,河南,三门峡,411200,2022.12.05,1,0,0,0,0,0,11,9,1
68372,河南,济源,419001,2022.12.05,32,0,0,0,0,0,39,7,
69409,湖南,娄底,431300,2022.12.05,54,0,0,23,0,0,140,86,
70455,湖南,邵阳,430500,2022.12.05,135,0,0,21,0,0,332,196,1
71502,湖南,长沙,430100,2022.12.05,140,0,4,83,0,0,415,273,2
72549,湖南,衡阳,430400,2022.12.05,30,0,0,16,0,0,83,53,
73596,湖南,株洲,430200,2022.12.05,84,0,3,21,0,0,194,110,
74643,湖南,湘潭,430300,2022.12.05,68,0,0,9,0,0,109,41,
75690,湖南,岳阳,430600,2022.12.05,40,0,0,8,0,0,204,163,1
76737,湖南,常德,430700,2022.12.05,17,0,0,9,0,0,99,82,
77784,湖南,张家界,430800,2022.12.05,71,0,0,0,0,0,148,77,
78831,湖南,益阳,430900,2022.12.05,31,0,1,24,0,0,100,69,
79878,湖南,郴州,431000,2022.12.05,99,0,3,23,0,0,139,40,
80925,湖南,永州,431100,2022.12.05,21,0,0,8,0,0,66,45,
81972,湖南,怀化,431200,2022.12.05,83,0,0,8,0,0,148,65,
83019,湖南,湘西州,,2022.12.05,18,0,0,26,0,0,31,13,
84061,安徽,安庆,340800,2022.12.05,1,0,1,9,0,0,88,87,
85106,安徽,宿州,341300,2022.12.05,0,0,0,11,0,0,423,423,
86151,安徽,蚌埠,340300,2022.12.05,4,0,0,7,0,0,221,212,5
87196,安徽,六安,341500,2022.12.05,0,0,0,6,0,0,85,85,
88241,安徽,淮南,340400,2022.12.05,0,0,0,8,0,0,37,37,
89286,安徽,阜阳,341200,2022.12.05,0,0,0,32,0,0,168,168,
90331,安徽,合肥,340100,2022.12.05,20,0,1,26,0,0,226,205,1
91378,安徽,马鞍山,340500,2022.12.05,3,0,3,8,0,0,44,41,
92423,安徽,芜湖,340200,2022.12.05,3,0,0,19,0,0,43,40,
93468,安徽,铜陵,340700,2022.12.05,10,0,0,14,0,0,43,33,
94513,安徽,亳州,341600,2022.12.05,0,0,0,16,0,0,108,108,
95558,安徽,黄山,341000,2022.12.05,0,0,0,12,0,0,9,9,
96603,安徽,滁州,341100,2022.12.05,0,0,0,20,0,0,15,15,
97648,安徽,宣城,341800,2022.12.05,65,0,2,30,0,0,74,9,
98693,安徽,淮北,340600,2022.12.05,2,0,0,12,0,0,50,48,
99738,安徽,池州,341700,2022.12.05,3,0,0,24,0,0,24,21,
100782,四川,成都,510100,2022.12.05,2825,0,210,134,0,0,6637,3808,4
101826,四川,内江,511000,2022.12.05,61,0,2,26,0,0,379,317,1
102871,四川,宜宾,511500,2022.12.05,183,0,0,55,0,0,309,126,
103915,四川,绵阳,510700,2022.12.05,166,0,0,18,0,0,229,63,
104960,四川,自贡,510300,2022.12.05,14,0,1,59,0,0,33,19,
106005,四川,攀枝花,510400,2022.12.05,3,0,0,13,0,0,21,18,
107050,四川,泸州,510500,2022.12.05,78,0,8,11,0,0,141,63,
108095,四川,德阳,510600,2022.12.05,214,0,1,11,0,0,264,50,
109140,四川,广元,510800,2022.12.05,29,0,1,18,0,0,49,20,
110184,四川,遂宁,510900,2022.12.05,135,0,0,17,0,0,171,36,
111229,四川,乐山,511100,2022.12.05,75,0,2,9,0,0,90,15,
112274,四川,南充,511300,2022.12.05,6,0,0,17,0,0,82,76,
113319,四川,广安,511600,2022.12.05,37,0,1,4,0,0,295,258,
114364,四川,达州,511700,2022.12.05,0,0,0,5,0,0,49,49,
115409,四川,巴中,511900,2022.12.05,69,0,0,25,0,0,113,44,
116454,四川,雅安,511800,2022.12.05,13,0,1,2,0,0,21,8,
117499,四川,眉山,511400,2022.12.05,65,0,3,70,0,0,102,37,
118544,四川,资阳,512000,2022.12.05,5,0,0,2,0,0,48,43,
119588,四川,阿坝州,,2022.12.05,147,0,2,21,0,0,217,70,
120633,四川,甘孜州,,2022.12.05,8,0,0,0,0,0,102,94,
121678,四川,凉山州,,2022.12.05,94,0,2,4,0,0,124,30,
122723,山东,菏泽,371700,2022.12.05,0,0,0,31,0,0,42,42,
123770,山东,济南,370100,2022.12.05,361,0,14,156,0,0,621,259,1
124817,山东,青岛,370200,2022.12.05,79,0,8,35,0,0,1360,1280,1
125864,山东,滨州,371600,2022.12.05,17,0,1,25,0,0,240,223,
126911,山东,德州,371400,2022.12.05,0,0,0,16,0,0,119,117,2
127958,山东,淄博,370300,2022.12.05,15,0,0,32,0,0,98,82,1
129004,山东,烟台,370600,2022.12.05,4,0,0,26,0,0,103,99,
130051,山东,威海,371000,2022.12.05,28,0,0,19,0,0,140,111,1
131098,山东,聊城,371500,2022.12.05,50,0,1,18,0,0,106,56,
132144,山东,枣庄,370400,2022.12.05,3,0,0,21,0,0,68,65,
133190,山东,潍坊,370700,2022.12.05,1,0,0,11,0,0,54,53,
134236,山东,济宁,370800,2022.12.05,3,0,0,41,0,0,305,302,
135283,山东,泰安,370900,2022.12.05,62,0,0,37,0,0,144,80,2
136329,山东,日照,371100,2022.12.05,5,0,2,28,0,0,42,37,
137376,山东,临沂,371300,2022.12.05,34,0,0,29,0,0,135,101,
138423,山东,东营,370500,2022.12.05,3,0,0,17,0,0,6,3,
138835,吉林,吉林,220200,2022.12.05,0,0,0,17,0,0,14097,14094,3
139883,吉林,长春,220100,2022.12.05,4,0,0,85,0,0,25192,25188,
140932,吉林,延边州,,2022.12.05,7,0,0,4,0,0,206,199,
141981,吉林,四平,220300,2022.12.05,19,0,0,18,0,0,264,244,1
143030,吉林,白城,220800,2022.12.05,3,0,0,32,0,0,148,145,
144066,吉林,辽源,220400,2022.12.05,0,0,0,16,0,0,9,9,
145104,吉林,松原,220700,2022.12.05,55,0,5,70,0,0,101,46,
146152,吉林,通化,220500,2022.12.05,0,0,0,6,0,0,314,313,1
147201,吉林,白山,220600,2022.12.05,1,0,0,3,0,0,25,24,
148250,福建,莆田,350300,2022.12.05,21,0,2,33,0,0,361,340,
149297,福建,厦门,350200,2022.12.05,291,0,33,18,0,0,768,477,
150345,福建,漳州,350600,2022.12.05,165,0,33,73,0,0,229,64,
151394,福建,泉州,350500,2022.12.05,107,0,11,65,0,0,1353,1246,
152443,福建,福州,350100,2022.12.05,46,0,13,60,0,0,462,415,1
153494,福建,三明,350400,2022.12.05,112,0,22,14,0,0,145,33,
154543,福建,南平,350700,2022.12.05,45,0,4,20,0,0,102,57,
155592,福建,龙岩,350800,2022.12.05,61,0,4,13,0,0,78,17,
156641,福建,宁德,350900,2022.12.05,8,0,0,55,0,0,101,93,
157690,江西,宜春,360900,2022.12.05,0,0,0,6,0,0,109,109,
158734,江西,鹰潭,360600,2022.12.05,0,0,0,0,0,0,48,48,
159779,江西,上饶,361100,2022.12.05,0,0,0,3,0,0,328,328,
160823,江西,南昌,360100,2022.12.05,0,0,0,34,0,0,485,485,
161868,江西,赣州,360700,2022.12.05,0,0,0,1,0,0,76,75,1
162913,江西,九江,360400,2022.12.05,11,0,3,26,0,0,142,131,
163958,江西,抚州,361000,2022.12.05,5,0,0,11,0,0,82,77,
165003,江西,新余,360500,2022.12.05,0,0,0,9,0,0,129,129,
166048,江西,吉安,360800,2022.12.05,0,0,0,0,0,0,44,44,
167093,江西,景德镇,360200,2022.12.05,3,0,0,7,0,0,9,6,
168138,江西,萍乡,360300,2022.12.05,0,0,0,1,0,0,39,39,
169183,江苏,扬州,321000,2022.12.05,2,0,0,32,0,0,596,594,
170222,江苏,南京,320100,2022.12.05,230,0,3,57,0,0,782,552,
171262,江苏,无锡,320200,2022.12.05,100,0,1,20,0,0,203,103,
172301,江苏,徐州,320300,2022.12.05,20,0,0,49,0,0,180,160,
173340,江苏,常州,320400,2022.12.05,3,0,0,20,0,0,87,84,
174379,江苏,苏州,320500,2022.12.05,49,0,7,47,0,0,277,228,
175420,江苏,南通,320600,2022.12.05,31,0,5,31,0,0,72,41,
176459,江苏,连云港,320700,2022.12.05,190,0,4,39,0,0,395,205,
177497,江苏,淮安,320800,2022.12.05,22,0,1,30,0,0,105,83,
178536,江苏,盐城,320900,2022.12.05,111,0,1,29,0,0,179,68,
179575,江苏,镇江,321100,2022.12.05,17,0,0,27,0,0,41,24,
180614,江苏,泰州,321200,2022.12.05,25,0,1,33,0,0,72,47,
181653,江苏,宿迁,321300,2022.12.05,53,0,4,59,0,0,83,30,
182692,广西,南宁,450100,2022.12.05,1,0,0,17,0,0,71,70,
183742,广西,北海,450500,2022.12.05,1,0,0,18,0,0,597,595,1
184791,广西,桂林,450300,2022.12.05,34,0,0,28,0,0,69,35,
185841,广西,百色,451000,2022.12.05,0,0,0,26,0,0,284,284,
186891,广西,崇左,451400,2022.12.05,1,0,0,10,0,0,34,33,
187303,广西,防城港,450600,2022.12.05,0,0,0,10,0,0,149,149,
188353,广西,钦州,450700,2022.12.05,0,0,0,34,0,0,27,27,
189403,广西,柳州,450200,2022.12.05,0,0,0,18,0,0,24,24,
190453,广西,梧州,450400,2022.12.05,0,0,0,41,0,0,21,21,
191502,广西,贵港,450800,2022.12.05,2,0,0,20,0,0,12,10,
192552,广西,玉林,450900,2022.12.05,0,0,0,12,0,0,15,15,
193601,广西,河池,451200,2022.12.05,1,0,0,25,0,0,32,30,1
194651,广西,贺州,451100,2022.12.05,1,0,0,27,0,0,5,4,
195701,广西,来宾,451300,2022.12.05,28,0,0,18,0,0,39,11,
196750,海南,海口,460100,2022.12.05,116,0,14,32,0,0,258,142,
197785,海南,三亚,460200,2022.12.05,86,0,14,27,0,0,6809,6722,1
198820,海南,儋州,460400,2022.12.05,12,0,7,5,0,0,484,471,1
199855,海南,万宁,469006,2022.12.05,14,0,3,12,0,0,282,268,
200890,海南,琼海,469002,2022.12.05,8,0,3,17,0,0,28,19,1
201925,海南,东方,469007,2022.12.05,10,0,0,8,0,0,417,406,1
202960,海南,临高县,469024,2022.12.05,8,0,4,1,0,0,204,196,
203995,海南,定安县,469021,2022.12.05,6,0,0,2,0,0,12,5,1
205030,海南,昌江,469026,2022.12.05,1,0,0,0,0,0,9,8,
206065,海南,澄迈县,469023,2022.12.05,33,0,8,9,0,0,73,39,1
207099,海南,陵水,469028,2022.12.05,40,0,9,17,0,0,249,209,
208133,海南,琼中,469030,2022.12.05,1,0,0,1,0,0,2,1,
209167,海南,乐东,469027,2022.12.05,17,0,2,2,0,0,463,446,
210202,海南,文昌,469005,2022.12.05,22,0,3,4,0,0,31,9,
211227,海南,保亭,469029,2022.12.05,1,0,1,1,0,0,4,3,
212251,海南,五指山,469001,2022.12.05,11,0,2,1,0,0,18,7,
212742,海南,屯昌县,469022,2022.12.05,1,0,0,5,0,0,1,,
213233,海南,白沙,469025,2022.12.05,1,0,0,0,0,0,1,,
213724,陕西,西安,610100,2022.12.05,274,0,9,392,0,0,2838,2561,3
214768,陕西,安康,610900,2022.12.05,222,0,2,60,0,0,256,34,
215812,陕西,渭南,610500,2022.12.05,278,0,9,108,0,0,341,63,
216856,陕西,汉中,610700,2022.12.05,239,0,14,21,0,0,328,89,
217900,陕西,宝鸡,610300,2022.12.05,0,0,0,58,0,0,261,261,
218944,陕西,咸阳,610400,2022.12.05,28,0,0,98,0,0,64,36,
219988,陕西,延安,610600,2022.12.05,39,0,0,43,0,0,74,35,
221032,陕西,铜川,610200,2022.12.05,30,0,2,1,0,0,57,27,
222076,陕西,商洛,611000,2022.12.05,0,0,0,57,0,0,99,99,
223120,陕西,榆林,610800,2022.12.05,255,0,7,153,0,0,309,54,
224162,河北,邯郸,130400,2022.12.05,10,0,0,2,0,0,74,64,
225211,河北,石家庄,130100,2022.12.05,601,0,0,149,0,0,1722,1120,1
226260,河北,保定,130600,2022.12.05,7,0,0,0,0,0,65,58,
227309,河北,邢台,130500,2022.12.05,9,0,4,2,0,0,147,137,1
228358,河北,廊坊,131000,2022.12.05,16,0,0,5,0,0,335,319,
229407,河北,沧州,130900,2022.12.05,9,0,0,1,0,0,147,135,3
230455,河北,衡水,131100,2022.12.05,6,0,0,2,0,0,20,14,
231504,河北,承德,130800,2022.12.05,1,0,0,2,0,0,9,8,
232553,河北,唐山,130200,2022.12.05,0,0,0,0,0,0,96,95,1
233602,河北,张家口,130700,2022.12.05,0,0,0,2,0,0,43,43,
234651,河北,秦皇岛,130300,2022.12.05,2,0,0,12,0,0,24,21,1
235700,黑龙江,哈尔滨,230100,2022.12.05,700,0,44,505,0,0,2498,1794,4
236745,黑龙江,牡丹江,231000,2022.12.05,43,0,11,82,0,0,147,104,
237791,黑龙江,绥化,231200,2022.12.05,46,0,0,34,0,0,670,620,4
238837,黑龙江,黑河,231100,2022.12.05,33,0,4,90,0,0,349,316,
239882,黑龙江,鸡西,230300,2022.12.05,4,0,1,43,0,0,59,55,
240928,黑龙江,齐齐哈尔,230200,2022.12.05,184,0,33,244,0,0,261,76,1
241973,黑龙江,佳木斯,230800,2022.12.05,81,0,3,49,0,0,236,155,
243019,黑龙江,大庆,230600,2022.12.05,6,0,2,76,0,0,158,151,1
244065,黑龙江,双鸭山,230500,2022.12.05,14,0,0,10,0,0,68,51,3
245111,黑龙江,七台河,230900,2022.12.05,3,0,0,12,0,0,22,19,
246157,黑龙江,鹤岗,230400,2022.12.05,0,0,0,50,0,0,5,5,
247203,黑龙江,大兴安岭,232700,2022.12.05,16,0,7,5,0,0,20,4,
248249,黑龙江,伊春,230700,2022.12.05,1,0,1,41,0,0,2,1,
249294,辽宁,本溪,210500,2022.12.05,8,0,2,5,0,0,24,16,
250341,辽宁,锦州,210700,2022.12.05,9,0,0,20,0,0,29,20,
251388,辽宁,丹东,210600,2022.12.05,5,0,0,12,0,0,101,96,
252435,辽宁,沈阳,210100,2022.12.05,375,0,13,89,0,0,651,276,
253482,辽宁,营口,210800,2022.12.05,0,0,0,6,0,0,218,218,
254529,辽宁,鞍山,210300,2022.12.05,21,0,0,12,0,0,40,19,
255576,辽宁,葫芦岛,211400,2022.12.05,2,0,0,8,0,0,229,226,1
256620,辽宁,大连,210200,2022.12.05,23,0,2,90,0,0,688,665,
257667,辽宁,阜新,210900,2022.12.05,25,0,0,1,0,0,35,10,
258714,辽宁,辽阳,211000,2022.12.05,2,0,0,15,0,0,14,12,
259761,辽宁,铁岭,211200,2022.12.05,145,0,5,0,0,0,175,30,
260808,辽宁,朝阳,211300,2022.12.05,20,0,0,14,0,0,47,26,1
261854,辽宁,盘锦,211100,2022.12.05,66,0,13,2,0,0,80,14,
262900,云南,普洱,530800,2022.12.05,15,0,0,9,0,0,27,12,
263942,云南,德宏州,,2022.12.05,130,0,0,4,0,0,520,390,
264985,云南,临沧,530900,2022.12.05,12,0,0,2,0,0,25,13,
266025,云南,西双版纳,532800,2022.12.05,70,0,0,7,0,0,122,51,1
267068,云南,昆明,530100,2022.12.05,928,0,14,191,0,0,1003,75,
268111,云南,昭通,530600,2022.12.05,465,0,4,27,0,0,491,26,
269154,云南,玉溪,530400,2022.12.05,16,0,0,17,0,0,30,13,1
270197,云南,曲靖,530300,2022.12.05,30,0,1,46,0,0,45,15,
271240,云南,大理州,,2022.12.05,123,0,2,16,0,0,136,13,
272278,云南,保山,530500,2022.12.05,50,0,6,17,0,0,61,11,
273321,云南,红河州,,2022.12.05,126,0,6,13,0,0,165,39,
274363,云南,丽江,530700,2022.12.05,44,0,4,6,0,0,51,7,
275406,云南,楚雄州,,2022.12.05,26,0,1,17,0,0,30,4,
276444,云南,文山州,,2022.12.05,13,0,1,12,0,0,26,13,
277480,云南,迪庆州,,2022.12.05,75,0,8,0,0,0,75,,
277892,山西,晋中,140700,2022.12.05,6,0,1,60,0,0,144,138,
278932,山西,太原,140100,2022.12.05,184,0,0,300,0,0,748,564,
279973,山西,运城,140800,2022.12.05,56,0,0,100,0,0,283,227,
281015,山西,朔州,140600,2022.12.05,168,0,2,161,0,0,498,330,
282057,山西,大同,140200,2022.12.05,733,0,26,71,0,0,1347,614,
283099,山西,忻州,140900,2022.12.05,21,0,0,201,0,0,137,116,
284137,山西,阳泉,140300,2022.12.05,254,0,4,252,0,0,519,265,
285179,山西,长治,140400,2022.12.05,102,0,0,36,0,0,114,12,
286221,山西,晋城,140500,2022.12.05,270,0,1,22,0,0,311,41,
287259,山西,临汾,141000,2022.12.05,167,0,6,250,0,0,290,123,
288299,山西,吕梁,141100,2022.12.05,105,0,15,116,0,0,397,292,
289340,甘肃,兰州,620100,2022.12.05,59,0,0,231,0,0,1049,988,2
290387,甘肃,临夏州,,2022.12.05,0,0,0,1,0,0,82,82,
291430,甘肃,甘南州,,2022.12.05,0,0,0,0,0,0,49,49,
292465,甘肃,天水,620500,2022.12.05,0,0,0,0,0,0,57,57,
293510,甘肃,白银,620400,2022.12.05,0,0,0,0,0,0,29,29,
294555,甘肃,酒泉,620900,2022.12.05,0,0,0,0,0,0,1,1,
294967,甘肃,张掖,620700,2022.12.05,0,0,0,0,0,0,19,19,
296011,甘肃,定西,621100,2022.12.05,0,0,0,0,0,0,15,15,
297056,甘肃,平凉,620800,2022.12.05,0,0,0,0,0,0,9,9,
298101,甘肃,陇南,621200,2022.12.05,17,0,0,0,0,0,33,16,
299146,甘肃,庆阳,621000,2022.12.05,0,0,0,0,0,0,8,8,
300179,甘肃,金昌,620300,2022.12.05,0,0,0,0,0,0,1,1,
301218,甘肃,嘉峪关,620200,2022.12.05,0,0,0,0,0,0,5,5,
301630,甘肃,武威,620600,2022.12.05,0,0,0,0,0,0,8,8,
302042,内蒙古,呼和浩特,150100,2022.12.05,417,0,37,56,0,0,4493,4076,
303087,内蒙古,乌兰察布,150900,2022.12.05,3,0,0,23,0,0,101,98,
304133,内蒙古,巴彦淖尔,150800,2022.12.05,0,0,0,20,0,0,46,45,1
305179,内蒙古,包头,150200,2022.12.05,0,0,0,14,0,0,213,213,
306225,内蒙古,呼伦贝尔,150700,2022.12.05,93,0,0,37,0,0,840,747,
307271,内蒙古,兴安盟,152200,2022.12.05,4,0,0,19,0,0,40,36,
308315,内蒙古,通辽,150500,2022.12.05,0,0,0,13,0,0,33,33,
309361,内蒙古,赤峰,150400,2022.12.05,70,0,4,15,0,0,541,471,
310407,内蒙古,阿拉善盟,152900,2022.12.05,0,0,0,4,0,0,177,177,
310822,内蒙古,锡林郭勒盟,152500,2022.12.05,1,0,0,36,0,0,444,443,
311867,内蒙古,鄂尔多斯,150600,2022.12.05,102,0,2,53,0,0,450,348,
312913,内蒙古,乌海,150300,2022.12.05,0,0,0,12,0,0,21,21,
313959,贵州,黔西南州,,2022.12.05,5,0,2,21,0,0,19,14,
315000,贵州,贵阳,520100,2022.12.05,67,0,8,107,0,0,419,351,1
316041,贵州,遵义,520300,2022.12.05,80,0,7,22,0,0,211,131,
317080,贵州,六盘水,520200,2022.12.05,12,0,3,30,0,0,29,16,1
318120,贵州,毕节,520500,2022.12.05,17,0,3,63,0,0,593,576,
319159,贵州,铜仁,520600,2022.12.05,17,0,5,42,0,0,47,30,
320199,贵州,黔东南州,,2022.12.05,9,0,2,9,0,0,30,21,
321237,贵州,黔南州,,2022.12.05,15,0,0,50,0,0,56,41,
322278,西藏,拉萨,540100,2022.12.05,10,0,0,5,0,0,778,768,
323325,西藏,日喀则,540200,2022.12.05,4,0,0,0,0,0,241,237,
324368,西藏,昌都,540300,2022.12.05,15,0,0,0,0,0,263,248,
325411,西藏,山南,540500,2022.12.05,0,0,0,0,0,0,14,14,
326454,西藏,那曲地区,,2022.12.05,4,0,0,10,0,0,91,87,
327497,西藏,阿里地区,542500,2022.12.05,2,0,0,0,0,0,19,17,
328540,青海,西宁,630100,2022.12.05,81,0,23,267,0,0,382,301,
329579,青海,海北州,,2022.12.05,2,0,0,33,0,0,9,7,
330613,青海,海东,630200,2022.12.05,6,0,0,2,0,0,16,10,
331025,青海,黄南州,,2022.12.05,0,0,0,12,0,0,5,5,
331437,青海,海南州,,2022.12.05,1,0,0,25,0,0,6,5,
331849,青海,果洛州,,2022.12.05,2,0,0,3,0,0,2,,
332261,青海,玉树州,,2022.12.05,3,0,0,6,0,0,8,5,
332673,青海,海西州,,2022.12.05,1,0,0,0,0,0,48,47,
333085,新疆,乌鲁木齐,650100,2022.12.05,446,0,0,14,0,0,1868,1422,
334132,新疆,巴州,,2022.12.05,0,0,0,0,0,0,44,44,
335165,新疆,昌吉州,,2022.12.05,0,0,0,0,0,0,11,11,
336201,新疆,伊犁州,,2022.12.05,73,0,0,0,0,0,188,115,
337246,新疆,吐鲁番,650400,2022.12.05,0,0,0,0,0,0,31,31,
338293,新疆,阿克苏地区,652900,2022.12.05,0,0,0,0,0,0,1,1,
339340,新疆,五家渠,659004,2022.12.05,0,0,0,0,0,0,2,2,
340376,新疆,石河子,659001,2022.12.05,0,0,0,0,0,0,4,3,1
341423,新疆,喀什地区,653100,2022.12.05,96,0,3,233,0,0,234,138,
342294,新疆,克州,,2022.12.05,4,0,0,3,0,0,4,,
343057,新疆,哈密,650500,2022.12.05,0,0,0,27,0,0,8,8,
343489,新疆,博州,,2022.12.05,0,0,0,0,0,0,1,1,
343968,新疆,和田地区,653200,2022.12.05,81,0,4,250,0,0,145,64,
344400,新疆,塔城地区,654200,2022.12.05,0,0,0,0,0,0,13,13,
344832,宁夏,银川,640100,2022.12.05,2,0,0,133,0,0,93,91,
345878,宁夏,吴忠,640300,2022.12.05,0,0,0,32,0,0,50,50,
346923,宁夏,石嘴山,640200,2022.12.05,0,0,0,16,0,0,2,2,
347957,宁夏,固原,640400,2022.12.05,0,0,0,43,0,0,9,9,
349002,宁夏,中卫,640500,2022.12.05,0,0,0,46,0,0,80,80,
0,湖北,武汉,420100,2022.12.06,261,0,18,317,0,0,50741,46611,3869
1047,湖北,黄冈,421100,2022.12.06,0,0,0,9,0,0,2913,2788,125
2096,湖北,孝感,420900,2022.12.06,0,0,0,4,0,0,3518,3389,129
3145,湖北,荆门,420800,2022.12.06,0,0,0,9,0,0,971,930,41
4194,湖北,咸宁,421200,2022.12.06,0,0,0,6,0,0,836,821,15
5243,湖北,荆州,421000,2022.12.06,0,0,0,10,0,0,1582,1530,52
6292,湖北,襄阳,420600,2022.12.06,0,0,0,22,0,0,1190,1150,40
7341,湖北,随州,421300,2022.12.06,0,0,0,8,0,0,1307,1262,45
8390,湖北,十堰,420300,2022.12.06,0,0,0,5,0,0,674,666,8
9439,湖北,鄂州,420700,2022.12.06,0,0,0,5,0,0,1395,1336,59
10488,湖北,黄石,420200,2022.12.06,0,0,0,12,0,0,1016,977,39
11537,湖北,宜昌,420500,2022.12.06,0,0,0,8,0,0,932,895,37
12586,湖北,恩施州,,2022.12.06,0,0,0,2,0,0,255,248,7
13633,湖北,仙桃,429004,2022.12.06,0,0,0,4,0,0,575,553,22
14681,湖北,天门,429006,2022.12.06,0,0,0,6,0,0,498,483,15
15729,湖北,潜江,429005,2022.12.06,0,0,0,4,0,0,200,191,9
16777,湖北,神农架林区,429021,2022.12.06,1,0,0,0,0,0,12,11,
17821,广东,广州,440100,2022.12.06,17700,0,1233,2090,0,0,33821,16120,1
18867,广东,深圳,440300,2022.12.06,1188,0,116,68,0,0,5885,4694,3
19913,广东,佛山,440600,2022.12.06,797,0,26,70,0,0,1269,472,
20958,广东,湛江,440800,2022.12.06,852,0,47,9,0,0,1156,304,
22003,广东,东莞,441900,2022.12.06,381,0,13,122,0,0,877,495,1
23044,广东,中山,442000,2022.12.06,353,0,67,109,0,0,508,155,
24088,广东,惠州,441300,2022.12.06,304,0,13,51,0,0,460,156,
25133,广东,珠海,440400,2022.12.06,224,0,19,66,0,0,690,465,1
26177,广东,阳江,441700,2022.12.06,196,0,25,15,0,0,249,53,
27219,广东,汕头,440500,2022.12.06,506,0,7,61,0,0,544,38,
28263,广东,江门,440700,2022.12.06,224,0,29,24,0,0,387,163,
29307,广东,茂名,440900,2022.12.06,617,0,25,49,0,0,770,153,
30351,广东,肇庆,441200,2022.12.06,503,0,8,51,0,0,558,54,1
31395,广东,梅州,441400,2022.12.06,61,0,0,69,0,0,80,19,
32438,广东,清远,441800,2022.12.06,312,0,22,91,0,0,336,24,
33481,广东,韶关,440200,2022.12.06,254,0,13,40,0,0,267,12,1
34523,广东,揭阳,445200,2022.12.06,7,0,0,105,0,0,18,11,
35567,广东,汕尾,441500,2022.12.06,11,0,0,54,0,0,24,13,
36611,广东,潮州,445100,2022.12.06,118,0,39,0,0,0,125,7,
37655,广东,河源,441600,2022.12.06,87,0,5,36,0,0,96,9,
38698,广东,云浮,445300,2022.12.06,56,0,12,20,0,0,63,7,
39110,浙江,杭州,330100,2022.12.06,393,0,31,67,0,0,938,545,
40159,浙江,宁波,330200,2022.12.06,236,0,29,34,0,0,645,409,
41207,浙江,温州,330300,2022.12.06,206,0,0,0,0,0,783,576,1
42256,浙江,湖州,330500,2022.12.06,140,0,0,0,0,0,177,37,
43305,浙江,嘉兴,330400,2022.12.06,0,0,0,8,0,0,178,178,
44354,浙江,绍兴,330600,2022.12.06,217,0,14,44,0,0,671,454,
45403,浙江,金华,330700,2022.12.06,29,0,1,22,0,0,269,240,
46452,浙江,衢州,330800,2022.12.06,133,0,14,12,0,0,251,118,
47501,浙江,舟山,330900,2022.12.06,35,0,5,6,0,0,65,30,
48550,浙江,台州,331000,2022.12.06,131,0,0,17,0,0,283,152,
49599,浙江,丽水,331100,2022.12.06,18,0,0,19,0,0,41,23,
50648,河南,开封,410200,2022.12.06,0,0,0,0,0,0,58,58,
51691,河南,驻马店,411700,2022.12.06,0,0,0,0,0,0,163,163,
52734,河南,周口,411600,2022.12.06,0,0,0,0,0,0,184,183,1
53777,河南,郑州,410100,2022.12.06,2518,0,149,215,0,0,5221,2697,6
54820,河南,许昌,411000,2022.12.06,3,0,0,0,0,0,578,574,1
55863,河南,信阳,411500,2022.12.06,1,0,0,0,0,0,298,295,2
56906,河南,商丘,411400,2022.12.06,2,0,0,0,0,0,116,111,3
57949,河南,漯河,411100,2022.12.06,13,0,4,0,0,0,59,46,
58992,河南,安阳,410500,2022.12.06,2,0,0,0,0,0,582,580,
60035,河南,濮阳,410900,2022.12.06,3,0,0,0,0,0,45,42,
61074,河南,焦作,410800,2022.12.06,0,0,0,0,0,0,46,45,1
62117,河南,南阳,411300,2022.12.06,0,0,0,0,0,0,162,159,3
63157,河南,平顶山,410400,2022.12.06,0,0,0,0,0,0,72,71,1
64200,河南,新乡,410700,2022.12.06,0,0,0,0,0,0,57,54,3
65243,河南,洛阳,410300,2022.12.06,1,0,0,0,0,0,55,53,1
66286,河南,鹤壁,410600,2022.12.06,5,0,1,1,0,0,30,25,
67329,河南,三门峡,411200,2022.12.06,1,0,0,0,0,0,11,9,1
68371,河南,济源,419001,2022.12.06,32,0,0,0,0,0,39,7,
69408,湖南,娄底,431300,2022.12.06,54,0,0,23,0,0,140,86,
70454,湖南,邵阳,430500,2022.12.06,135,0,0,21,0,0,332,196,1
71501,湖南,长沙,430100,2022.12.06,140,0,4,83,0,0,415,273,2
72548,湖南,衡阳,430400,2022.12.06,30,0,0,16,0,0,83,53,
73595,湖南,株洲,430200,2022.12.06,84,0,3,21,0,0,194,110,
74642,湖南,湘潭,430300,2022.12.06,68,0,0,9,0,0,109,41,
75689,湖南,岳阳,430600,2022.12.06,40,0,0,8,0,0,204,163,1
76736,湖南,常德,430700,2022.12.06,17,0,0,9,0,0,99,82,
77783,湖南,张家界,430800,2022.12.06,71,0,0,0,0,0,148,77,
78830,湖南,益阳,430900,2022.12.06,31,0,1,24,0,0,100,69,
79877,湖南,郴州,431000,2022.12.06,99,0,3,23,0,0,139,40,
80924,湖南,永州,431100,2022.12.06,21,0,0,8,0,0,66,45,
81971,湖南,怀化,431200,2022.12.06,83,0,0,8,0,0,148,65,
83018,湖南,湘西州,,2022.12.06,18,0,0,26,0,0,31,13,
84060,安徽,安庆,340800,2022.12.06,1,0,0,8,0,0,88,87,
85105,安徽,宿州,341300,2022.12.06,0,0,0,3,0,0,423,423,
86150,安徽,蚌埠,340300,2022.12.06,4,0,0,5,0,0,221,212,5
87195,安徽,六安,341500,2022.12.06,0,0,0,8,0,0,85,85,
88240,安徽,淮南,340400,2022.12.06,0,0,0,15,0,0,37,37,
89285,安徽,阜阳,341200,2022.12.06,0,0,0,35,0,0,168,168,
90330,安徽,合肥,340100,2022.12.06,21,0,1,19,0,0,227,205,1
91377,安徽,马鞍山,340500,2022.12.06,3,0,0,9,0,0,44,41,
92422,安徽,芜湖,340200,2022.12.06,3,0,0,14,0,0,43,40,
93467,安徽,铜陵,340700,2022.12.06,12,0,2,17,0,0,45,33,
94512,安徽,亳州,341600,2022.12.06,0,0,0,19,0,0,108,108,
95557,安徽,黄山,341000,2022.12.06,0,0,0,16,0,0,9,9,
96602,安徽,滁州,341100,2022.12.06,0,0,0,10,0,0,15,15,
97647,安徽,宣城,341800,2022.12.06,67,0,2,32,0,0,76,9,
98692,安徽,淮北,340600,2022.12.06,2,0,0,7,0,0,50,48,
99737,安徽,池州,341700,2022.12.06,3,0,0,23,0,0,24,21,
100781,四川,成都,510100,2022.12.06,2567,0,179,104,0,0,6817,4246,4
101825,四川,内江,511000,2022.12.06,66,0,5,54,0,0,384,317,1
102870,四川,宜宾,511500,2022.12.06,187,0,4,59,0,0,313,126,
103914,四川,绵阳,510700,2022.12.06,166,0,0,16,0,0,229,63,
104959,四川,自贡,510300,2022.12.06,14,0,0,31,0,0,33,19,
106004,四川,攀枝花,510400,2022.12.06,3,0,0,22,0,0,21,18,
107049,四川,泸州,510500,2022.12.06,82,0,4,8,0,0,145,63,
108094,四川,德阳,510600,2022.12.06,215,0,1,14,0,0,265,50,
109139,四川,广元,510800,2022.12.06,29,0,0,17,0,0,49,20,
110183,四川,遂宁,510900,2022.12.06,135,0,0,11,0,0,171,36,
111228,四川,乐山,511100,2022.12.06,77,0,2,1,0,0,92,15,
112273,四川,南充,511300,2022.12.06,6,0,0,25,0,0,82,76,
113318,四川,广安,511600,2022.12.06,40,0,3,5,0,0,298,258,
114363,四川,达州,511700,2022.12.06,0,0,0,6,0,0,49,49,
115408,四川,巴中,511900,2022.12.06,69,0,0,19,0,0,113,44,
116453,四川,雅安,511800,2022.12.06,13,0,0,5,0,0,21,8,
117498,四川,眉山,511400,2022.12.06,69,0,4,59,0,0,106,37,
118543,四川,资阳,512000,2022.12.06,5,0,0,11,0,0,48,43,
119587,四川,阿坝州,,2022.12.06,148,0,1,14,0,0,218,70,
120632,四川,甘孜州,,2022.12.06,8,0,0,1,0,0,102,94,
121677,四川,凉山州,,2022.12.06,95,0,1,12,0,0,125,30,
122722,山东,菏泽,371700,2022.12.06,0,0,0,19,0,0,42,42,
123769,山东,济南,370100,2022.12.06,351,0,21,150,0,0,642,290,1
124816,山东,青岛,370200,2022.12.06,64,0,0,46,0,0,1360,1295,1
125863,山东,滨州,371600,2022.12.06,17,0,1,22,0,0,241,224,
126910,山东,德州,371400,2022.12.06,0,0,0,19,0,0,119,117,2
127957,山东,淄博,370300,2022.12.06,14,0,3,10,0,0,101,86,1
129003,山东,烟台,370600,2022.12.06,4,0,0,22,0,0,103,99,
130050,山东,威海,371000,2022.12.06,33,0,5,13,0,0,145,111,1
131097,山东,聊城,371500,2022.12.06,49,0,1,18,0,0,107,58,
132143,山东,枣庄,370400,2022.12.06,3,0,0,19,0,0,68,65,
133189,山东,潍坊,370700,2022.12.06,1,0,0,18,0,0,54,53,
134235,山东,济宁,370800,2022.12.06,1,0,0,21,0,0,305,304,
135282,山东,泰安,370900,2022.12.06,50,0,0,24,0,0,144,92,2
136328,山东,日照,371100,2022.12.06,4,0,0,26,0,0,42,38,
137375,山东,临沂,371300,2022.12.06,26,0,0,23,0,0,135,109,
138422,山东,东营,370500,2022.12.06,3,0,0,18,0,0,6,3,
138834,吉林,吉林,220200,2022.12.06,0,0,0,11,0,0,14097,14094,3
139882,吉林,长春,220100,2022.12.06,4,0,0,80,0,0,25192,25188,
140931,吉林,延边州,,2022.12.06,5,0,0,5,0,0,206,201,
141980,吉林,四平,220300,2022.12.06,13,0,0,14,0,0,264,250,1
143029,吉林,白城,220800,2022.12.06,3,0,0,23,0,0,148,145,
144065,吉林,辽源,220400,2022.12.06,0,0,0,15,0,0,9,9,
145103,吉林,松原,220700,2022.12.06,53,0,0,57,0,0,101,48,
146151,吉林,通化,220500,2022.12.06,0,0,0,6,0,0,314,313,1
147200,吉林,白山,220600,2022.12.06,1,0,0,0,0,0,25,24,
148249,福建,莆田,350300,2022.12.06,26,0,5,43,0,0,366,340,
149296,福建,厦门,350200,2022.12.06,321,0,38,53,0,0,806,485,
150344,福建,漳州,350600,2022.12.06,195,0,31,108,0,0,260,65,
151393,福建,泉州,350500,2022.12.06,144,0,39,41,0,0,1392,1248,
152442,福建,福州,350100,2022.12.06,51,0,6,105,0,0,468,416,1
153493,福建,三明,350400,2022.12.06,137,0,25,14,0,0,170,33,
154542,福建,南平,350700,2022.12.06,46,0,2,17,0,0,104,58,
155591,福建,龙岩,350800,2022.12.06,65,0,4,10,0,0,82,17,
156640,福建,宁德,350900,2022.12.06,12,0,4,55,0,0,105,93,
157689,江西,宜春,360900,2022.12.06,0,0,0,2,0,0,109,109,
158733,江西,鹰潭,360600,2022.12.06,0,0,0,0,0,0,48,48,
159778,江西,上饶,361100,2022.12.06,0,0,0,3,0,0,328,328,
160822,江西,南昌,360100,2022.12.06,0,0,0,25,0,0,485,485,
161867,江西,赣州,360700,2022.12.06,0,0,0,0,0,0,76,75,1
162912,江西,九江,360400,2022.12.06,9,0,0,36,0,0,142,133,
163957,江西,抚州,361000,2022.12.06,4,0,0,6,0,0,82,78,
165002,江西,新余,360500,2022.12.06,0,0,0,5,0,0,129,129,
166047,江西,吉安,360800,2022.12.06,0,0,0,0,0,0,44,44,
167092,江西,景德镇,360200,2022.12.06,3,0,0,1,0,0,9,6,
168137,江西,萍乡,360300,2022.12.06,0,0,0,0,0,0,39,39,
169182,江苏,扬州,321000,2022.12.06,2,0,0,32,0,0,596,594,
170221,江苏,南京,320100,2022.12.06,244,0,14,46,0,0,796,552,
171261,江苏,无锡,320200,2022.12.06,103,0,3,15,0,0,206,103,
172300,江苏,徐州,320300,2022.12.06,21,0,1,29,0,0,181,160,
173339,江苏,常州,320400,2022.12.06,3,0,0,20,0,0,87,84,
174378,江苏,苏州,320500,2022.12.06,55,0,6,44,0,0,283,228,
175419,江苏,南通,320600,2022.12.06,39,0,8,25,0,0,80,41,
176458,江苏,连云港,320700,2022.12.06,195,0,5,38,0,0,400,205,
177496,江苏,淮安,320800,2022.12.06,22,0,0,29,0,0,105,83,
178535,江苏,盐城,320900,2022.12.06,112,0,1,29,0,0,180,68,
179574,江苏,镇江,321100,2022.12.06,17,0,0,27,0,0,41,24,
180613,江苏,泰州,321200,2022.12.06,25,0,0,38,0,0,72,47,
181652,江苏,宿迁,321300,2022.12.06,55,0,2,28,0,0,85,30,
182691,广西,南宁,450100,2022.12.06,1,0,0,16,0,0,71,70,
183741,广西,北海,450500,2022.12.06,1,0,0,19,0,0,597,595,1
184790,广西,桂林,450300,2022.12.06,34,0,0,26,0,0,69,35,
185840,广西,百色,451000,2022.12.06,0,0,0,39,0,0,284,284,
186890,广西,崇左,451400,2022.12.06,1,0,0,27,0,0,34,33,
187302,广西,防城港,450600,2022.12.06,0,0,0,13,0,0,149,149,
188352,广西,钦州,450700,2022.12.06,0,0,0,37,0,0,27,27,
189402,广西,柳州,450200,2022.12.06,0,0,0,16,0,0,24,24,
190452,广西,梧州,450400,2022.12.06,0,0,0,41,0,0,21,21,
191501,广西,贵港,450800,2022.12.06,2,0,0,23,0,0,12,10,
192551,广西,玉林,450900,2022.12.06,0,0,0,14,0,0,15,15,
193600,广西,河池,451200,2022.12.06,1,0,0,22,0,0,32,30,1
194650,广西,贺州,451100,2022.12.06,1,0,0,8,0,0,5,4,
195700,广西,来宾,451300,2022.12.06,29,0,1,16,0,0,40,11,
196749,海南,海口,460100,2022.12.06,137,0,21,55,0,0,279,142,
197784,海南,三亚,460200,2022.12.06,90,0,4,21,0,0,6813,6722,1
198819,海南,儋州,460400,2022.12.06,19,0,7,10,0,0,491,471,1
199854,海南,万宁,469006,2022.12.06,17,0,3,8,0,0,285,268,
200889,海南,琼海,469002,2022.12.06,8,0,0,1,0,0,28,19,1
201924,海南,东方,469007,2022.12.06,11,0,1,18,0,0,418,406,1
202959,海南,临高县,469024,2022.12.06,15,0,7,2,0,0,211,196,
203994,海南,定安县,469021,2022.12.06,6,0,0,6,0,0,12,5,1
205029,海南,昌江,469026,2022.12.06,3,0,2,2,0,0,11,8,
206064,海南,澄迈县,469023,2022.12.06,44,0,11,9,0,0,84,39,1
207098,海南,陵水,469028,2022.12.06,46,0,6,15,0,0,255,209,
208132,海南,琼中,469030,2022.12.06,1,0,0,0,0,0,2,1,
209166,海南,乐东,469027,2022.12.06,26,0,9,1,0,0,472,446,
210201,海南,文昌,469005,2022.12.06,32,0,10,9,0,0,41,9,
211226,海南,保亭,469029,2022.12.06,1,0,0,5,0,0,4,3,
212250,海南,五指山,469001,2022.12.06,14,0,3,2,0,0,21,7,
212741,海南,屯昌县,469022,2022.12.06,2,0,1,0,0,0,2,,
213232,海南,白沙,469025,2022.12.06,1,0,0,4,0,0,1,,
213723,陕西,西安,610100,2022.12.06,275,0,1,438,0,0,2839,2561,3
214767,陕西,安康,610900,2022.12.06,226,0,4,68,0,0,260,34,
215811,陕西,渭南,610500,2022.12.06,290,0,12,88,0,0,353,63,
216855,陕西,汉中,610700,2022.12.06,249,0,10,24,0,0,338,89,
217899,陕西,宝鸡,610300,2022.12.06,0,0,0,58,0,0,261,261,
218943,陕西,咸阳,610400,2022.12.06,28,0,0,97,0,0,64,36,
219987,陕西,延安,610600,2022.12.06,40,0,1,38,0,0,75,35,
221031,陕西,铜川,610200,2022.12.06,37,0,7,8,0,0,64,27,
222075,陕西,商洛,611000,2022.12.06,0,0,0,43,0,0,99,99,
223119,陕西,榆林,610800,2022.12.06,257,0,2,157,0,0,311,54,
224161,河北,邯郸,130400,2022.12.06,10,0,0,2,0,0,74,64,
225210,河北,石家庄,130100,2022.12.06,170,0,0,115,0,0,1722,1551,1
226259,河北,保定,130600,2022.12.06,7,0,0,9,0,0,65,58,
227308,河北,邢台,130500,2022.12.06,9,0,0,1,0,0,147,137,1
228357,河北,廊坊,131000,2022.12.06,16,0,0,5,0,0,335,319,
229406,河北,沧州,130900,2022.12.06,9,0,0,2,0,0,147,135,3
230454,河北,衡水,131100,2022.12.06,6,0,0,1,0,0,20,14,
231503,河北,承德,130800,2022.12.06,1,0,0,3,0,0,9,8,
232552,河北,唐山,130200,2022.12.06,0,0,0,1,0,0,96,95,1
233601,河北,张家口,130700,2022.12.06,0,0,0,0,0,0,43,43,
234650,河北,秦皇岛,130300,2022.12.06,2,0,0,8,0,0,24,21,1
235699,黑龙江,哈尔滨,230100,2022.12.06,699,0,44,295,0,0,2542,1839,4
236744,黑龙江,牡丹江,231000,2022.12.06,59,0,16,55,0,0,163,104,
237790,黑龙江,绥化,231200,2022.12.06,44,0,1,51,0,0,671,623,4
238836,黑龙江,黑河,231100,2022.12.06,34,0,3,108,0,0,352,318,
239881,黑龙江,鸡西,230300,2022.12.06,2,0,0,39,0,0,59,57,
240927,黑龙江,齐齐哈尔,230200,2022.12.06,215,0,40,236,0,0,301,85,1
241972,黑龙江,佳木斯,230800,2022.12.06,83,0,5,68,0,0,241,158,
243018,黑龙江,大庆,230600,2022.12.06,6,0,0,125,0,0,158,151,1
244064,黑龙江,双鸭山,230500,2022.12.06,14,0,0,18,0,0,68,51,3
245110,黑龙江,七台河,230900,2022.12.06,3,0,0,4,0,0,22,19,
246156,黑龙江,鹤岗,230400,2022.12.06,5,0,5,27,0,0,10,5,
247202,黑龙江,大兴安岭,232700,2022.12.06,20,0,4,9,0,0,24,4,
248248,黑龙江,伊春,230700,2022.12.06,1,0,0,33,0,0,2,1,
249293,辽宁,本溪,210500,2022.12.06,10,0,2,2,0,0,26,16,
250340,辽宁,锦州,210700,2022.12.06,9,0,0,14,0,0,29,20,
251387,辽宁,丹东,210600,2022.12.06,5,0,0,8,0,0,101,96,
252434,辽宁,沈阳,210100,2022.12.06,416,0,41,57,0,0,692,276,
253481,辽宁,营口,210800,2022.12.06,0,0,0,5,0,0,218,218,
254528,辽宁,鞍山,210300,2022.12.06,21,0,0,8,0,0,40,19,
255575,辽宁,葫芦岛,211400,2022.12.06,2,0,0,13,0,0,229,226,1
256619,辽宁,大连,210200,2022.12.06,23,0,0,86,0,0,688,665,
257666,辽宁,阜新,210900,2022.12.06,25,0,0,4,0,0,35,10,
258713,辽宁,辽阳,211000,2022.12.06,2,0,0,12,0,0,14,12,
259760,辽宁,铁岭,211200,2022.12.06,151,0,6,0,0,0,181,30,
260807,辽宁,朝阳,211300,2022.12.06,22,0,2,11,0,0,49,26,1
261853,辽宁,盘锦,211100,2022.12.06,66,0,0,13,0,0,80,14,
262899,云南,普洱,530800,2022.12.06,17,0,2,6,0,0,29,12,
263941,云南,德宏州,,2022.12.06,130,0,0,4,0,0,520,390,
264984,云南,临沧,530900,2022.12.06,14,0,2,0,0,0,27,13,
266024,云南,西双版纳,532800,2022.12.06,70,0,0,3,0,0,122,51,1
267067,云南,昆明,530100,2022.12.06,938,0,10,187,0,0,1013,75,
268110,云南,昭通,530600,2022.12.06,467,0,2,23,0,0,493,26,
269153,云南,玉溪,530400,2022.12.06,16,0,0,18,0,0,30,13,1
270196,云南,曲靖,530300,2022.12.06,31,0,1,33,0,0,46,15,
271239,云南,大理州,,2022.12.06,123,0,0,18,0,0,136,13,
272277,云南,保山,530500,2022.12.06,51,0,1,6,0,0,62,11,
273320,云南,红河州,,2022.12.06,135,0,9,13,0,0,174,39,
274362,云南,丽江,530700,2022.12.06,45,0,1,9,0,0,52,7,
275405,云南,楚雄州,,2022.12.06,26,0,0,18,0,0,30,4,
276443,云南,文山州,,2022.12.06,15,0,2,9,0,0,28,13,
277479,云南,迪庆州,,2022.12.06,82,0,7,0,0,0,82,,
277891,山西,晋中,140700,2022.12.06,6,0,2,82,0,0,146,140,
278931,山西,太原,140100,2022.12.06,155,0,0,506,0,0,748,593,
279972,山西,运城,140800,2022.12.06,51,0,0,161,0,0,283,232,
281014,山西,朔州,140600,2022.12.06,138,0,0,23,0,0,498,360,
282056,山西,大同,140200,2022.12.06,711,0,5,64,0,0,1352,641,
283098,山西,忻州,140900,2022.12.06,19,0,1,232,0,0,138,119,
284136,山西,阳泉,140300,2022.12.06,222,0,3,64,0,0,522,300,
285178,山西,长治,140400,2022.12.06,103,0,1,24,0,0,115,12,
286220,山西,晋城,140500,2022.12.06,265,0,3,0,0,0,314,49,
287258,山西,临汾,141000,2022.12.06,152,0,2,115,0,0,292,140,
288298,山西,吕梁,141100,2022.12.06,93,0,0,115,0,0,397,304,
289339,甘肃,兰州,620100,2022.12.06,59,0,0,135,0,0,1049,988,2
290386,甘肃,临夏州,,2022.12.06,0,0,0,12,0,0,82,82,
291429,甘肃,甘南州,,2022.12.06,0,0,0,0,0,0,49,49,
292464,甘肃,天水,620500,2022.12.06,0,0,0,0,0,0,57,57,
293509,甘肃,白银,620400,2022.12.06,0,0,0,0,0,0,29,29,
294554,甘肃,酒泉,620900,2022.12.06,0,0,0,0,0,0,1,1,
294966,甘肃,张掖,620700,2022.12.06,0,0,0,0,0,0,19,19,
296010,甘肃,定西,621100,2022.12.06,0,0,0,0,0,0,15,15,
297055,甘肃,平凉,620800,2022.12.06,0,0,0,0,0,0,9,9,
298100,甘肃,陇南,621200,2022.12.06,17,0,0,0,0,0,33,16,
299145,甘肃,庆阳,621000,2022.12.06,0,0,0,0,0,0,8,8,
300178,甘肃,金昌,620300,2022.12.06,0,0,0,0,0,0,1,1,
301217,甘肃,嘉峪关,620200,2022.12.06,0,0,0,0,0,0,5,5,
301629,甘肃,武威,620600,2022.12.06,0,0,0,0,0,0,8,8,
302041,内蒙古,呼和浩特,150100,2022.12.06,400,0,67,18,0,0,4560,4160,
303086,内蒙古,乌兰察布,150900,2022.12.06,1,0,0,17,0,0,101,100,
304132,内蒙古,巴彦淖尔,150800,2022.12.06,0,0,0,18,0,0,46,45,1
305178,内蒙古,包头,150200,2022.12.06,0,0,0,16,0,0,213,213,
306224,内蒙古,呼伦贝尔,150700,2022.12.06,84,0,0,14,0,0,840,756,
307270,内蒙古,兴安盟,152200,2022.12.06,3,0,0,22,0,0,40,37,
308314,内蒙古,通辽,150500,2022.12.06,0,0,0,20,0,0,33,33,
309360,内蒙古,赤峰,150400,2022.12.06,72,0,4,16,0,0,545,473,
310406,内蒙古,阿拉善盟,152900,2022.12.06,0,0,0,15,0,0,177,177,
310821,内蒙古,锡林郭勒盟,152500,2022.12.06,1,0,0,18,0,0,444,443,
311866,内蒙古,鄂尔多斯,150600,2022.12.06,91,0,6,51,0,0,456,365,
312912,内蒙古,乌海,150300,2022.12.06,0,0,0,10,0,0,21,21,
313958,贵州,黔西南州,,2022.12.06,7,0,2,27,0,0,21,14,
314999,贵州,贵阳,520100,2022.12.06,56,0,2,77,0,0,421,364,1
316040,贵州,遵义,520300,2022.12.06,138,0,69,120,0,0,280,142,
317079,贵州,六盘水,520200,2022.12.06,12,0,2,49,0,0,31,18,1
318119,贵州,毕节,520500,2022.12.06,18,0,2,167,0,0,595,577,
319158,贵州,铜仁,520600,2022.12.06,16,0,0,0,0,0,47,31,
320198,贵州,黔东南州,,2022.12.06,8,0,0,7,0,0,30,22,
321236,贵州,黔南州,,2022.12.06,17,0,3,36,0,0,59,42,
322277,西藏,拉萨,540100,2022.12.06,10,0,0,5,0,0,778,768,
323324,西藏,日喀则,540200,2022.12.06,4,0,0,5,0,0,241,237,
324367,西藏,昌都,540300,2022.12.06,15,0,0,3,0,0,263,248,
325410,西藏,山南,540500,2022.12.06,0,0,0,0,0,0,14,14,
326453,西藏,那曲地区,,2022.12.06,4,0,0,22,0,0,91,87,
327496,西藏,阿里地区,542500,2022.12.06,2,0,0,0,0,0,19,17,
328539,青海,西宁,630100,2022.12.06,71,0,5,211,0,0,387,316,
329578,青海,海北州,,2022.12.06,2,0,0,6,0,0,9,7,
330612,青海,海东,630200,2022.12.06,6,0,0,1,0,0,16,10,
331024,青海,黄南州,,2022.12.06,0,0,0,14,0,0,5,5,
331436,青海,海南州,,2022.12.06,1,0,0,7,0,0,6,5,
331848,青海,果洛州,,2022.12.06,2,0,0,0,0,0,2,,
332260,青海,玉树州,,2022.12.06,3,0,0,0,0,0,8,5,
332672,青海,海西州,,2022.12.06,1,0,0,0,0,0,48,47,
333084,新疆,乌鲁木齐,650100,2022.12.06,445,0,0,11,0,0,1868,1423,
334131,新疆,巴州,,2022.12.06,0,0,0,6,0,0,44,44,
335164,新疆,昌吉州,,2022.12.06,0,0,0,0,0,0,11,11,
336200,新疆,伊犁州,,2022.12.06,73,0,0,0,0,0,188,115,
337245,新疆,吐鲁番,650400,2022.12.06,0,0,0,0,0,0,31,31,
338292,新疆,阿克苏地区,652900,2022.12.06,0,0,0,0,0,0,1,1,
339339,新疆,五家渠,659004,2022.12.06,0,0,0,0,0,0,2,2,
340375,新疆,石河子,659001,2022.12.06,0,0,0,0,0,0,4,3,1
341422,新疆,喀什地区,653100,2022.12.06,89,0,2,164,0,0,236,147,
342293,新疆,克州,,2022.12.06,4,0,0,0,0,0,4,,
343056,新疆,哈密,650500,2022.12.06,0,0,0,29,0,0,8,8,
343488,新疆,博州,,2022.12.06,0,0,0,0,0,0,1,1,
343967,新疆,和田地区,653200,2022.12.06,79,0,3,188,0,0,148,69,
344399,新疆,塔城地区,654200,2022.12.06,0,0,0,0,0,0,13,13,
344831,宁夏,银川,640100,2022.12.06,2,0,0,118,0,0,93,91,
345877,宁夏,吴忠,640300,2022.12.06,0,0,0,57,0,0,50,50,
346922,宁夏,石嘴山,640200,2022.12.06,0,0,0,10,0,0,2,2,
347956,宁夏,固原,640400,2022.12.06,0,0,0,53,0,0,9,9,
349001,宁夏,中卫,640500,2022.12.06,0,0,0,9,0,0,80,80,
